<VTKFile type="UnstructuredGrid" version="1.0" byte_order="LittleEndian" header_type="UInt64">
  <UnstructuredGrid>
    <FieldData>
    </FieldData>
    <Piece NumberOfPoints="13736" NumberOfCells="1717">
<CellData HigherOrderDegrees="HigherOrderDegrees">
        <DataArray type="UInt8" Name="HigherOrderDegrees" NumberOfComponents="3" format="ascii">
1 1 1
1 1 1
1 1 1
1 1 1
1 1 1
1 1 1
1 1 1
1 1 1
1 1 1
1 1 1
1 1 1
1 1 1
1 1 1
1 1 1
1 1 1
1 1 1
1 1 1
1 1 1
1 1 1
1 1 1
1 1 1
1 1 1
1 1 1
1 1 1
1 1 1
1 1 1
1 1 1
1 1 1
1 1 1
1 1 1
1 1 1
1 1 1
1 1 1
1 1 1
1 1 1
1 1 1
1 1 1
1 1 1
1 1 1
1 1 1
1 1 1
1 1 1
1 1 1
1 1 1
1 1 1
1 1 1
1 1 1
1 1 1
1 1 1
1 1 1
1 1 1
1 1 1
1 1 1
1 1 1
1 1 1
1 1 1
1 1 1
1 1 1
1 1 1
1 1 1
1 1 1
1 1 1
1 1 1
1 1 1
1 1 1
1 1 1
1 1 1
1 1 1
1 1 1
1 1 1
1 1 1
1 1 1
1 1 1
1 1 1
1 1 1
1 1 1
1 1 1
1 1 1
1 1 1
1 1 1
1 1 1
1 1 1
1 1 1
1 1 1
1 1 1
1 1 1
1 1 1
1 1 1
1 1 1
1 1 1
1 1 1
1 1 1
1 1 1
1 1 1
1 1 1
1 1 1
1 1 1
1 1 1
1 1 1
1 1 1
1 1 1
1 1 1
1 1 1
1 1 1
1 1 1
1 1 1
1 1 1
1 1 1
1 1 1
1 1 1
1 1 1
1 1 1
1 1 1
1 1 1
1 1 1
1 1 1
1 1 1
1 1 1
1 1 1
1 1 1
1 1 1
1 1 1
1 1 1
1 1 1
1 1 1
1 1 1
1 1 1
1 1 1
1 1 1
1 1 1
1 1 1
1 1 1
1 1 1
1 1 1
1 1 1
1 1 1
1 1 1
1 1 1
1 1 1
1 1 1
1 1 1
1 1 1
1 1 1
1 1 1
1 1 1
1 1 1
1 1 1
1 1 1
1 1 1
1 1 1
1 1 1
1 1 1
1 1 1
1 1 1
1 1 1
1 1 1
1 1 1
1 1 1
1 1 1
1 1 1
1 1 1
1 1 1
1 1 1
1 1 1
1 1 1
1 1 1
1 1 1
1 1 1
1 1 1
1 1 1
1 1 1
1 1 1
1 1 1
1 1 1
1 1 1
1 1 1
1 1 1
1 1 1
1 1 1
1 1 1
1 1 1
1 1 1
1 1 1
1 1 1
1 1 1
1 1 1
1 1 1
1 1 1
1 1 1
1 1 1
1 1 1
1 1 1
1 1 1
1 1 1
1 1 1
1 1 1
1 1 1
1 1 1
1 1 1
1 1 1
1 1 1
1 1 1
1 1 1
1 1 1
1 1 1
1 1 1
1 1 1
1 1 1
1 1 1
1 1 1
1 1 1
1 1 1
1 1 1
1 1 1
1 1 1
1 1 1
1 1 1
1 1 1
1 1 1
1 1 1
1 1 1
1 1 1
1 1 1
1 1 1
1 1 1
1 1 1
1 1 1
1 1 1
1 1 1
1 1 1
1 1 1
1 1 1
1 1 1
1 1 1
1 1 1
1 1 1
1 1 1
1 1 1
1 1 1
1 1 1
1 1 1
1 1 1
1 1 1
1 1 1
1 1 1
1 1 1
1 1 1
1 1 1
1 1 1
1 1 1
1 1 1
1 1 1
1 1 1
1 1 1
1 1 1
1 1 1
1 1 1
1 1 1
1 1 1
1 1 1
1 1 1
1 1 1
1 1 1
1 1 1
1 1 1
1 1 1
1 1 1
1 1 1
1 1 1
1 1 1
1 1 1
1 1 1
1 1 1
1 1 1
1 1 1
1 1 1
1 1 1
1 1 1
1 1 1
1 1 1
1 1 1
1 1 1
1 1 1
1 1 1
1 1 1
1 1 1
1 1 1
1 1 1
1 1 1
1 1 1
1 1 1
1 1 1
1 1 1
1 1 1
1 1 1
1 1 1
1 1 1
1 1 1
1 1 1
1 1 1
1 1 1
1 1 1
1 1 1
1 1 1
1 1 1
1 1 1
1 1 1
1 1 1
1 1 1
1 1 1
1 1 1
1 1 1
1 1 1
1 1 1
1 1 1
1 1 1
1 1 1
1 1 1
1 1 1
1 1 1
1 1 1
1 1 1
1 1 1
1 1 1
1 1 1
1 1 1
1 1 1
1 1 1
1 1 1
1 1 1
1 1 1
1 1 1
1 1 1
1 1 1
1 1 1
1 1 1
1 1 1
1 1 1
1 1 1
1 1 1
1 1 1
1 1 1
1 1 1
1 1 1
1 1 1
1 1 1
1 1 1
1 1 1
1 1 1
1 1 1
1 1 1
1 1 1
1 1 1
1 1 1
1 1 1
1 1 1
1 1 1
1 1 1
1 1 1
1 1 1
1 1 1
1 1 1
1 1 1
1 1 1
1 1 1
1 1 1
1 1 1
1 1 1
1 1 1
1 1 1
1 1 1
1 1 1
1 1 1
1 1 1
1 1 1
1 1 1
1 1 1
1 1 1
1 1 1
1 1 1
1 1 1
1 1 1
1 1 1
1 1 1
1 1 1
1 1 1
1 1 1
1 1 1
1 1 1
1 1 1
1 1 1
1 1 1
1 1 1
1 1 1
1 1 1
1 1 1
1 1 1
1 1 1
1 1 1
1 1 1
1 1 1
1 1 1
1 1 1
1 1 1
1 1 1
1 1 1
1 1 1
1 1 1
1 1 1
1 1 1
1 1 1
1 1 1
1 1 1
1 1 1
1 1 1
1 1 1
1 1 1
1 1 1
1 1 1
1 1 1
1 1 1
1 1 1
1 1 1
1 1 1
1 1 1
1 1 1
1 1 1
1 1 1
1 1 1
1 1 1
1 1 1
1 1 1
1 1 1
1 1 1
1 1 1
1 1 1
1 1 1
1 1 1
1 1 1
1 1 1
1 1 1
1 1 1
1 1 1
1 1 1
1 1 1
1 1 1
1 1 1
1 1 1
1 1 1
1 1 1
1 1 1
1 1 1
1 1 1
1 1 1
1 1 1
1 1 1
1 1 1
1 1 1
1 1 1
1 1 1
1 1 1
1 1 1
1 1 1
1 1 1
1 1 1
1 1 1
1 1 1
1 1 1
1 1 1
1 1 1
1 1 1
1 1 1
1 1 1
1 1 1
1 1 1
1 1 1
1 1 1
1 1 1
1 1 1
1 1 1
1 1 1
1 1 1
1 1 1
1 1 1
1 1 1
1 1 1
1 1 1
1 1 1
1 1 1
1 1 1
1 1 1
1 1 1
1 1 1
1 1 1
1 1 1
1 1 1
1 1 1
1 1 1
1 1 1
1 1 1
1 1 1
1 1 1
1 1 1
1 1 1
1 1 1
1 1 1
1 1 1
1 1 1
1 1 1
1 1 1
1 1 1
1 1 1
1 1 1
1 1 1
1 1 1
1 1 1
1 1 1
1 1 1
1 1 1
1 1 1
1 1 1
1 1 1
1 1 1
1 1 1
1 1 1
1 1 1
1 1 1
1 1 1
1 1 1
1 1 1
1 1 1
1 1 1
1 1 1
1 1 1
1 1 1
1 1 1
1 1 1
1 1 1
1 1 1
1 1 1
1 1 1
1 1 1
1 1 1
1 1 1
1 1 1
1 1 1
1 1 1
1 1 1
1 1 1
1 1 1
1 1 1
1 1 1
1 1 1
1 1 1
1 1 1
1 1 1
1 1 1
1 1 1
1 1 1
1 1 1
1 1 1
1 1 1
1 1 1
1 1 1
1 1 1
1 1 1
1 1 1
1 1 1
1 1 1
1 1 1
1 1 1
1 1 1
1 1 1
1 1 1
1 1 1
1 1 1
1 1 1
1 1 1
1 1 1
1 1 1
1 1 1
1 1 1
1 1 1
1 1 1
1 1 1
1 1 1
1 1 1
1 1 1
1 1 1
1 1 1
1 1 1
1 1 1
1 1 1
1 1 1
1 1 1
1 1 1
1 1 1
1 1 1
1 1 1
1 1 1
1 1 1
1 1 1
1 1 1
1 1 1
1 1 1
1 1 1
1 1 1
1 1 1
1 1 1
1 1 1
1 1 1
1 1 1
1 1 1
1 1 1
1 1 1
1 1 1
1 1 1
1 1 1
1 1 1
1 1 1
1 1 1
1 1 1
1 1 1
1 1 1
1 1 1
1 1 1
1 1 1
1 1 1
1 1 1
1 1 1
1 1 1
1 1 1
1 1 1
1 1 1
1 1 1
1 1 1
1 1 1
1 1 1
1 1 1
1 1 1
1 1 1
1 1 1
1 1 1
1 1 1
1 1 1
1 1 1
1 1 1
1 1 1
1 1 1
1 1 1
1 1 1
1 1 1
1 1 1
1 1 1
1 1 1
1 1 1
1 1 1
1 1 1
1 1 1
1 1 1
1 1 1
1 1 1
1 1 1
1 1 1
1 1 1
1 1 1
1 1 1
1 1 1
1 1 1
1 1 1
1 1 1
1 1 1
1 1 1
1 1 1
1 1 1
1 1 1
1 1 1
1 1 1
1 1 1
1 1 1
1 1 1
1 1 1
1 1 1
1 1 1
1 1 1
1 1 1
1 1 1
1 1 1
1 1 1
1 1 1
1 1 1
1 1 1
1 1 1
1 1 1
1 1 1
1 1 1
1 1 1
1 1 1
1 1 1
1 1 1
1 1 1
1 1 1
1 1 1
1 1 1
1 1 1
1 1 1
1 1 1
1 1 1
1 1 1
1 1 1
1 1 1
1 1 1
1 1 1
1 1 1
1 1 1
1 1 1
1 1 1
1 1 1
1 1 1
1 1 1
1 1 1
1 1 1
1 1 1
1 1 1
1 1 1
1 1 1
1 1 1
1 1 1
1 1 1
1 1 1
1 1 1
1 1 1
1 1 1
1 1 1
1 1 1
1 1 1
1 1 1
1 1 1
1 1 1
1 1 1
1 1 1
1 1 1
1 1 1
1 1 1
1 1 1
1 1 1
1 1 1
1 1 1
1 1 1
1 1 1
1 1 1
1 1 1
1 1 1
1 1 1
1 1 1
1 1 1
1 1 1
1 1 1
1 1 1
1 1 1
1 1 1
1 1 1
1 1 1
1 1 1
1 1 1
1 1 1
1 1 1
1 1 1
1 1 1
1 1 1
1 1 1
1 1 1
1 1 1
1 1 1
1 1 1
1 1 1
1 1 1
1 1 1
1 1 1
1 1 1
1 1 1
1 1 1
1 1 1
1 1 1
1 1 1
1 1 1
1 1 1
1 1 1
1 1 1
1 1 1
1 1 1
1 1 1
1 1 1
1 1 1
1 1 1
1 1 1
1 1 1
1 1 1
1 1 1
1 1 1
1 1 1
1 1 1
1 1 1
1 1 1
1 1 1
1 1 1
1 1 1
1 1 1
1 1 1
1 1 1
1 1 1
1 1 1
1 1 1
1 1 1
1 1 1
1 1 1
1 1 1
1 1 1
1 1 1
1 1 1
1 1 1
1 1 1
1 1 1
1 1 1
1 1 1
1 1 1
1 1 1
1 1 1
1 1 1
1 1 1
1 1 1
1 1 1
1 1 1
1 1 1
1 1 1
1 1 1
1 1 1
1 1 1
1 1 1
1 1 1
1 1 1
1 1 1
1 1 1
1 1 1
1 1 1
1 1 1
1 1 1
1 1 1
1 1 1
1 1 1
1 1 1
1 1 1
1 1 1
1 1 1
1 1 1
1 1 1
1 1 1
1 1 1
1 1 1
1 1 1
1 1 1
1 1 1
1 1 1
1 1 1
1 1 1
1 1 1
1 1 1
1 1 1
1 1 1
1 1 1
1 1 1
1 1 1
1 1 1
1 1 1
1 1 1
1 1 1
1 1 1
1 1 1
1 1 1
1 1 1
1 1 1
1 1 1
1 1 1
1 1 1
1 1 1
1 1 1
1 1 1
1 1 1
1 1 1
1 1 1
1 1 1
1 1 1
1 1 1
1 1 1
1 1 1
1 1 1
1 1 1
1 1 1
1 1 1
1 1 1
1 1 1
1 1 1
1 1 1
1 1 1
1 1 1
1 1 1
1 1 1
1 1 1
1 1 1
1 1 1
1 1 1
1 1 1
1 1 1
1 1 1
1 1 1
1 1 1
1 1 1
1 1 1
1 1 1
1 1 1
1 1 1
1 1 1
1 1 1
1 1 1
1 1 1
1 1 1
1 1 1
1 1 1
1 1 1
1 1 1
1 1 1
1 1 1
1 1 1
1 1 1
1 1 1
1 1 1
1 1 1
1 1 1
1 1 1
1 1 1
1 1 1
1 1 1
1 1 1
1 1 1
1 1 1
1 1 1
1 1 1
1 1 1
1 1 1
1 1 1
1 1 1
1 1 1
1 1 1
1 1 1
1 1 1
1 1 1
1 1 1
1 1 1
1 1 1
1 1 1
1 1 1
1 1 1
1 1 1
1 1 1
1 1 1
1 1 1
1 1 1
1 1 1
1 1 1
1 1 1
1 1 1
1 1 1
1 1 1
1 1 1
1 1 1
1 1 1
1 1 1
1 1 1
1 1 1
1 1 1
1 1 1
1 1 1
1 1 1
1 1 1
1 1 1
1 1 1
1 1 1
1 1 1
1 1 1
1 1 1
1 1 1
1 1 1
1 1 1
1 1 1
1 1 1
1 1 1
1 1 1
1 1 1
1 1 1
1 1 1
1 1 1
1 1 1
1 1 1
1 1 1
1 1 1
1 1 1
1 1 1
1 1 1
1 1 1
1 1 1
1 1 1
1 1 1
1 1 1
1 1 1
1 1 1
1 1 1
1 1 1
1 1 1
1 1 1
1 1 1
1 1 1
1 1 1
1 1 1
1 1 1
1 1 1
1 1 1
1 1 1
1 1 1
1 1 1
1 1 1
1 1 1
1 1 1
1 1 1
1 1 1
1 1 1
1 1 1
1 1 1
1 1 1
1 1 1
1 1 1
1 1 1
1 1 1
1 1 1
1 1 1
1 1 1
1 1 1
1 1 1
1 1 1
1 1 1
1 1 1
1 1 1
1 1 1
1 1 1
1 1 1
1 1 1
1 1 1
1 1 1
1 1 1
1 1 1
1 1 1
1 1 1
1 1 1
1 1 1
1 1 1
1 1 1
1 1 1
1 1 1
1 1 1
1 1 1
1 1 1
1 1 1
1 1 1
1 1 1
1 1 1
1 1 1
1 1 1
1 1 1
1 1 1
1 1 1
1 1 1
1 1 1
1 1 1
1 1 1
1 1 1
1 1 1
1 1 1
1 1 1
1 1 1
1 1 1
1 1 1
1 1 1
1 1 1
1 1 1
1 1 1
1 1 1
1 1 1
1 1 1
1 1 1
1 1 1
1 1 1
1 1 1
1 1 1
1 1 1
1 1 1
1 1 1
1 1 1
1 1 1
1 1 1
1 1 1
1 1 1
1 1 1
1 1 1
1 1 1
1 1 1
1 1 1
1 1 1
1 1 1
1 1 1
1 1 1
1 1 1
1 1 1
1 1 1
1 1 1
1 1 1
1 1 1
1 1 1
1 1 1
1 1 1
1 1 1
1 1 1
1 1 1
1 1 1
1 1 1
1 1 1
1 1 1
1 1 1
1 1 1
1 1 1
1 1 1
1 1 1
1 1 1
1 1 1
1 1 1
1 1 1
1 1 1
1 1 1
1 1 1
1 1 1
1 1 1
1 1 1
1 1 1
1 1 1
1 1 1
1 1 1
1 1 1
1 1 1
1 1 1
1 1 1
1 1 1
1 1 1
1 1 1
1 1 1
1 1 1
1 1 1
1 1 1
1 1 1
1 1 1
1 1 1
1 1 1
1 1 1
1 1 1
1 1 1
1 1 1
1 1 1
1 1 1
1 1 1
1 1 1
1 1 1
1 1 1
1 1 1
1 1 1
1 1 1
1 1 1
1 1 1
1 1 1
1 1 1
1 1 1
1 1 1
1 1 1
1 1 1
1 1 1
1 1 1
1 1 1
1 1 1
1 1 1
1 1 1
1 1 1
1 1 1
1 1 1
1 1 1
1 1 1
1 1 1
1 1 1
1 1 1
1 1 1
1 1 1
1 1 1
1 1 1
1 1 1
1 1 1
1 1 1
1 1 1
1 1 1
1 1 1
1 1 1
1 1 1
1 1 1
1 1 1
1 1 1
1 1 1
1 1 1
1 1 1
1 1 1
1 1 1
1 1 1
1 1 1
1 1 1
1 1 1
1 1 1
1 1 1
1 1 1
1 1 1
1 1 1
1 1 1
1 1 1
1 1 1
1 1 1
1 1 1
1 1 1
1 1 1
1 1 1
1 1 1
1 1 1
1 1 1
1 1 1
1 1 1
1 1 1
1 1 1
1 1 1
1 1 1
1 1 1
1 1 1
1 1 1
1 1 1
1 1 1
1 1 1
1 1 1
1 1 1
1 1 1
1 1 1
1 1 1
1 1 1
1 1 1
1 1 1
1 1 1
1 1 1
1 1 1
1 1 1
1 1 1
1 1 1
1 1 1
1 1 1
1 1 1
1 1 1
1 1 1
1 1 1
1 1 1
1 1 1
1 1 1
1 1 1
1 1 1
1 1 1
1 1 1
1 1 1
1 1 1
1 1 1
1 1 1
1 1 1
1 1 1
1 1 1
1 1 1
1 1 1
1 1 1
1 1 1
1 1 1
1 1 1
1 1 1
1 1 1
1 1 1
1 1 1
1 1 1
1 1 1
1 1 1
1 1 1
1 1 1
1 1 1
1 1 1
1 1 1
1 1 1
1 1 1
1 1 1
1 1 1
1 1 1
1 1 1
1 1 1
1 1 1
1 1 1
1 1 1
1 1 1
1 1 1
1 1 1
1 1 1
1 1 1
1 1 1
1 1 1
1 1 1
1 1 1
1 1 1
1 1 1
1 1 1
1 1 1
1 1 1
1 1 1
1 1 1
1 1 1
1 1 1
1 1 1
1 1 1
1 1 1
1 1 1
1 1 1
1 1 1
1 1 1
1 1 1
1 1 1
1 1 1
1 1 1
1 1 1
1 1 1
1 1 1
1 1 1
1 1 1
1 1 1
1 1 1
1 1 1
1 1 1
1 1 1
1 1 1
1 1 1
1 1 1
1 1 1
1 1 1
1 1 1
1 1 1
1 1 1
1 1 1
1 1 1
1 1 1
1 1 1
1 1 1
1 1 1
1 1 1
1 1 1
1 1 1
1 1 1
1 1 1
1 1 1
1 1 1
1 1 1
1 1 1
1 1 1
1 1 1
1 1 1
1 1 1
1 1 1
1 1 1
1 1 1
1 1 1
1 1 1
1 1 1
1 1 1
1 1 1
1 1 1
1 1 1
1 1 1
1 1 1
1 1 1
1 1 1
1 1 1
1 1 1
1 1 1
1 1 1
1 1 1
1 1 1
1 1 1
1 1 1
1 1 1
1 1 1
1 1 1
1 1 1
1 1 1
1 1 1
1 1 1
1 1 1
1 1 1
1 1 1
1 1 1
1 1 1
1 1 1
1 1 1
1 1 1
1 1 1
1 1 1
1 1 1
1 1 1
1 1 1
1 1 1
1 1 1
1 1 1
1 1 1
1 1 1
1 1 1
1 1 1
1 1 1
1 1 1
1 1 1
1 1 1
1 1 1
1 1 1
1 1 1
1 1 1
1 1 1
1 1 1
1 1 1
1 1 1
1 1 1
1 1 1
1 1 1
1 1 1
1 1 1
1 1 1
1 1 1
1 1 1
1 1 1
1 1 1
1 1 1
1 1 1
1 1 1
1 1 1
1 1 1
1 1 1
1 1 1
1 1 1
1 1 1
1 1 1
1 1 1
1 1 1
1 1 1
1 1 1
1 1 1
1 1 1
1 1 1
1 1 1
1 1 1
1 1 1
1 1 1
1 1 1
1 1 1
1 1 1
1 1 1
1 1 1
1 1 1
1 1 1
1 1 1
1 1 1
1 1 1
1 1 1
1 1 1
1 1 1
1 1 1
1 1 1
1 1 1
1 1 1
1 1 1
1 1 1
1 1 1
1 1 1
1 1 1
1 1 1
1 1 1
1 1 1
1 1 1
1 1 1
1 1 1
1 1 1
1 1 1
1 1 1
1 1 1
1 1 1
1 1 1
1 1 1
1 1 1
1 1 1
1 1 1
1 1 1
1 1 1
1 1 1
1 1 1
1 1 1
1 1 1
1 1 1
1 1 1
1 1 1
1 1 1
1 1 1
1 1 1
1 1 1
1 1 1
1 1 1
1 1 1
1 1 1
1 1 1
1 1 1
1 1 1
1 1 1
1 1 1
1 1 1
1 1 1
1 1 1
1 1 1
1 1 1
1 1 1
1 1 1
1 1 1
1 1 1
1 1 1
1 1 1
1 1 1
1 1 1
1 1 1
1 1 1
1 1 1
1 1 1
1 1 1
1 1 1
1 1 1
1 1 1
1 1 1
1 1 1
1 1 1
1 1 1
1 1 1
1 1 1
1 1 1
1 1 1
1 1 1
1 1 1
1 1 1
1 1 1
1 1 1
1 1 1
1 1 1
1 1 1
1 1 1
1 1 1
1 1 1
1 1 1
1 1 1
1 1 1
1 1 1
1 1 1
1 1 1
1 1 1
1 1 1
1 1 1
1 1 1
1 1 1
1 1 1
1 1 1
1 1 1
1 1 1
1 1 1
1 1 1
1 1 1
1 1 1
1 1 1
1 1 1
1 1 1
1 1 1
1 1 1
1 1 1
1 1 1
1 1 1
1 1 1
1 1 1
1 1 1
1 1 1
1 1 1
1 1 1
1 1 1
1 1 1
1 1 1
1 1 1
1 1 1
1 1 1
1 1 1
1 1 1
1 1 1
1 1 1
1 1 1
1 1 1
1 1 1
1 1 1
1 1 1
1 1 1
1 1 1
1 1 1
1 1 1
1 1 1
1 1 1
1 1 1
1 1 1
1 1 1
1 1 1
1 1 1
1 1 1
1 1 1
1 1 1
1 1 1
1 1 1
1 1 1
1 1 1
1 1 1
1 1 1
1 1 1
1 1 1
1 1 1
1 1 1
1 1 1
1 1 1
1 1 1
1 1 1
1 1 1
1 1 1
1 1 1
1 1 1
1 1 1
1 1 1
1 1 1
1 1 1
1 1 1
1 1 1
1 1 1
1 1 1
1 1 1
1 1 1
1 1 1
1 1 1
1 1 1
1 1 1
1 1 1
1 1 1
1 1 1
1 1 1
1 1 1
1 1 1
1 1 1
1 1 1
1 1 1
1 1 1
1 1 1
1 1 1
1 1 1
1 1 1
1 1 1
1 1 1
1 1 1
1 1 1
1 1 1
1 1 1
1 1 1
1 1 1
1 1 1
1 1 1
1 1 1
1 1 1
1 1 1
1 1 1
1 1 1
1 1 1
1 1 1
1 1 1
1 1 1
1 1 1
1 1 1
1 1 1
1 1 1
1 1 1
1 1 1
1 1 1
1 1 1
1 1 1
1 1 1
1 1 1
1 1 1
1 1 1
1 1 1

        </DataArray>
      </CellData>
      <PointData>

      </PointData>
      <Points>
        <DataArray type="Float64" Name="Points" NumberOfComponents="3" format="ascii">
6.39022 15.4547 44.9487
6.33798 15.2989 44.9123
6.37253 15.3117 44.7819
6.37407 15.4536 44.8271
4.07815 -16.7163 48.7864
4.06552 -16.5899 48.7738
4.0846 -16.6625 48.6142
4.09559 -16.786 48.6456
6.37407 15.4536 44.8271
6.37253 15.3117 44.7819
6.40909 15.3405 44.645
6.39599 15.4854 44.7048
4.09559 -16.786 48.6456
4.0846 -16.6625 48.6142
4.10611 -16.7524 48.4464
4.11624 -16.8822 48.4951
-15.3804 -8.81639 77.9384
-15.3069 -8.78697 77.8479
-15.2786 -8.85025 77.6491
-15.3585 -8.87061 77.7624
7.79531 14.6152 80.958
7.73381 14.4866 80.9595
7.75646 14.4782 80.7531
7.82134 14.6179 80.7668
6.33798 15.2989 44.9123
6.34277 15.1508 44.8839
6.38121 15.163 44.7387
6.37253 15.3117 44.7819
4.06552 -16.5899 48.7738
4.051 -16.4475 48.7636
4.07119 -16.5217 48.5908
4.0846 -16.6625 48.6142
6.37253 15.3117 44.7819
6.38121 15.163 44.7387
6.42423 15.1993 44.5777
6.40909 15.3405 44.645
4.0846 -16.6625 48.6142
4.07119 -16.5217 48.5908
4.09609 -16.6262 48.3972
4.10611 -16.7524 48.4464
18.1228 -1.02571 75.0313
18.0655 -1.10989 74.9383
18.2234 -1.14697 74.8046
18.267 -1.078 74.9163
-15.3069 -8.78697 77.8479
-15.2287 -8.75331 77.7574
-15.2117 -8.86574 77.5933
-15.2786 -8.85025 77.6491
-15.3069 -8.78697 77.8479
-15.2287 -8.75331 77.7574
-15.2117 -8.86574 77.5933
-15.2786 -8.85025 77.6491
7.73381 14.4866 80.9595
7.6673 14.3215 80.8649
7.69372 14.3162 80.641
7.75646 14.4782 80.7531
6.34277 15.1508 44.8839
6.34881 14.9948 44.8502
6.39323 15.0165 44.6829
6.38121 15.163 44.7387
4.051 -16.4475 48.7636
4.035 -16.2925 48.7553
4.05612 -16.3805 48.5637
4.07119 -16.5217 48.5908
17.9245 -1.0466 75.0668
17.8502 -1.1233 74.98
17.9727 -1.1126 74.8369
18.0655 -1.10989 74.9383
-15.2685 -8.69901 77.9725
-15.1899 -8.65674 77.9014
-15.1593 -8.75151 77.7051
-15.2287 -8.75331 77.7574
-15.2685 -8.69901 77.9725
-15.1899 -8.65674 77.9014
-15.1593 -8.75151 77.7051
-15.2287 -8.75331 77.7574
7.65238 14.3468 81.0735
7.58111 14.1751 80.9913
7.58629 14.1692 80.8051
7.6673 14.3215 80.8649
6.38121 15.163 44.7387
6.39323 15.0165 44.6829
6.44311 15.0659 44.4968
6.42423 15.1993 44.5777
4.07119 -16.5217 48.5908
4.05612 -16.3805 48.5637
4.08427 -16.5055 48.3439
4.09609 -16.6262 48.3972
-15.6285 -8.01425 59.9055
-15.4611 -7.94751 59.8213
-15.577 -7.95692 59.6586
-15.6699 -8.05901 59.7442
8.57198 13.6357 63.1699
8.49954 13.5062 63.2072
8.54739 13.5205 62.8716
8.61119 13.6438 62.8794
15.7298 -0.962223 37.4325
15.5706 -0.998621 37.4577
15.5583 -1.04129 37.2774
15.7073 -0.999149 37.2754
-12.8332 -8.38997 41.0814
-12.6994 -8.30156 41.1836
-12.6578 -8.24316 40.9538
-12.7872 -8.33428 40.9026
6.34881 14.9948 44.8502
6.35743 14.8374 44.8066
6.41041 14.8797 44.6082
6.39323 15.0165 44.6829
4.035 -16.2925 48.7553
3.99336 -16.1194 48.7881
4.01982 -16.2381 48.5618
4.05612 -16.3805 48.5637
-15.1899 -8.65674 77.9014
-15.1114 -8.62438 77.8352
-15.092 -8.76511 77.6514
-15.1593 -8.75151 77.7051
7.58111 14.1751 80.9913
7.4719 14.0423 81.0215
7.48358 14.0545 80.8117
7.58629 14.1692 80.8051
15.7073 -0.999149 37.2754
15.5583 -1.04129 37.2774
15.5499 -1.08175 37.1017
15.7064 -1.03634 37.0972
-12.7872 -8.33428 40.9026
-12.6578 -8.24316 40.9538
-12.6156 -8.18947 40.7679
-12.7439 -8.2845 40.7567
6.39323 15.0165 44.6829
6.41041 14.8797 44.6082
6.44362 14.9271 44.4226
6.44311 15.0659 44.4968
4.05612 -16.3805 48.5637
4.01982 -16.2381 48.5618
4.0464 -16.3569 48.3419
4.08427 -16.5055 48.3439
-8.37157 10.3316 4.25994
-8.49943 10.4014 4.30837
-8.5139 10.3581 4.50706
-8.36807 10.2904 4.48045
12.388 -2.96632 6.97932
12.4707 -2.96316 7.08519
12.3032 -2.86486 7.3529
12.2164 -2.86768 7.24316
15.5706 -0.998621 37.4577
15.4182 -1.04177 37.4671
15.4005 -1.08629 37.2855
15.5583 -1.04129 37.2774
-12.6994 -8.30156 41.1836
-12.5676 -8.21106 41.2546
-12.5212 -8.14931 41.0277
-12.6578 -8.24316 40.9538
-15.2579 -7.83203 59.9207
-15.09 -7.76592 59.8315
-15.1964 -7.7723 59.6485
-15.3078 -7.87906 59.7284
8.38692 13.3734 63.5645
8.31486 13.243 63.5944
8.35574 13.2422 63.2509
8.43145 13.3794 63.22
-8.36807 10.2904 4.48045
-8.5139 10.3581 4.50706
-8.525 10.3146 4.70041
-8.37262 10.2452 4.67468
12.2164 -2.86768 7.24316
12.3032 -2.86486 7.3529
12.1389 -2.76949 7.61073
12.0358 -2.76648 7.49573
15.5583 -1.04129 37.2774
15.4005 -1.08629 37.2855
15.3864 -1.12347 37.1109
15.5499 -1.08175 37.1017
-12.6578 -8.24316 40.9538
-12.5212 -8.14931 41.0277
-12.4786 -8.09112 40.806
-12.6156 -8.18947 40.7679
-8.49943 10.4014 4.30837
-8.64792 10.4706 4.32699
-8.66709 10.4289 4.52875
-8.5139 10.3581 4.50706
12.4707 -2.96316 7.08519
12.566 -2.96433 7.18497
12.4023 -2.86636 7.45546
12.3032 -2.86486 7.3529
-8.5139 10.3581 4.50706
-8.66709 10.4289 4.52875
-8.68306 10.3869 4.72535
-8.525 10.3146 4.70041
12.3032 -2.86486 7.3529
12.4023 -2.86636 7.45546
12.2424 -2.77137 7.71623
12.1389 -2.76949 7.61073
-8.64792 10.4706 4.32699
-8.80166 10.5425 4.34544
-8.8214 10.5098 4.54213
-8.66709 10.4289 4.52875
12.566 -2.96433 7.18497
12.6742 -2.97036 7.27673
12.531 -2.87939 7.53746
12.4023 -2.86636 7.45546
-14.9568 -7.67325 59.7454
-14.9691 -7.50539 59.6617
-15.0721 -7.51503 59.4571
-15.1017 -7.66268 59.5531
8.23706 13.1017 63.6246
8.16074 12.9567 63.6264
8.19375 12.9447 63.2997
8.27523 13.0956 63.2805
-8.66709 10.4289 4.52875
-8.8214 10.5098 4.54213
-8.83575 10.4808 4.73017
-8.68306 10.3869 4.72535
12.4023 -2.86636 7.45546
12.531 -2.87939 7.53746
12.4179 -2.80153 7.77119
12.2424 -2.77137 7.71623
-15.1017 -7.66268 59.5531
-15.0721 -7.51503 59.4571
-15.1977 -7.5108 59.2661
-15.2888 -7.62826 59.3754
8.27523 13.0956 63.2805
8.19375 12.9447 63.2997
8.22851 12.9358 62.9714
8.31378 13.0922 62.9449
-14.9691 -7.50539 59.6617
-14.9763 -7.32909 59.5852
-15.0792 -7.33269 59.379
-15.0721 -7.51503 59.4571
8.16074 12.9567 63.6264
8.08855 12.7964 63.5798
8.11072 12.789 63.3102
8.19375 12.9447 63.2997
-15.0721 -7.51503 59.4571
-15.0792 -7.33269 59.379
-15.1803 -7.33886 59.177
-15.1977 -7.5108 59.2661
8.19375 12.9447 63.2997
8.11072 12.789 63.3102
8.14091 12.7743 62.9952
8.22851 12.9358 62.9714
-14.9763 -7.32909 59.5852
-14.9775 -7.14515 59.5183
-15.08 -7.14245 59.3105
-15.0792 -7.33269 59.379
8.08855 12.7964 63.5798
8.02389 12.6086 63.4719
8.0275 12.6239 63.3031
8.11072 12.789 63.3102
-15.0792 -7.33269 59.379
-15.08 -7.14245 59.3105
-15.1538 -7.12904 59.157
-15.1803 -7.33886 59.177
8.11072 12.789 63.3102
8.0275 12.6239 63.3031
8.05076 12.6077 63.0175
8.14091 12.7743 62.9952
17.9939 -1.46705 56.4758
17.9319 -1.50935 56.267
18.1269 -1.5119 56.4055
18.2257 -1.52402 56.5228
-14.9775 -7.14515 59.5183
-14.7924 -6.8706 59.7957
-14.8426 -6.83701 59.6825
-15.08 -7.14245 59.3105
-14.9775 -7.14515 59.5183
-14.7924 -6.8706 59.7957
-14.8426 -6.83701 59.6825
-15.08 -7.14245 59.3105
8.02389 12.6086 63.4719
7.9566 12.4129 63.3717
7.95784 12.4213 63.1999
8.0275 12.6239 63.3031
18.2257 -1.52402 56.5228
18.1269 -1.5119 56.4055
18.3205 -1.50996 56.5537
18.4235 -1.52573 56.6685
-15.08 -7.14245 59.3105
-14.8426 -6.83701 59.6825
-14.896 -6.80667 59.5641
-15.1538 -7.12904 59.157
-15.08 -7.14245 59.3105
-14.8426 -6.83701 59.6825
-14.896 -6.80667 59.5641
-15.1538 -7.12904 59.157
8.0275 12.6239 63.3031
7.95784 12.4213 63.1999
7.95987 12.432 63.0281
8.05076 12.6077 63.0175
17.9319 -1.50935 56.267
17.8202 -1.49898 56.1365
18.0061 -1.49634 56.2771
18.1269 -1.5119 56.4055
-14.7924 -6.8706 59.7957
-14.7549 -6.72157 59.708
-14.8558 -6.72123 59.4731
-14.8426 -6.83701 59.6825
-14.7924 -6.8706 59.7957
-14.7549 -6.72157 59.708
-14.8558 -6.72123 59.4731
-14.8426 -6.83701 59.6825
7.9566 12.4129 63.3717
7.88707 12.2102 63.2819
7.88575 12.2111 63.1077
7.95784 12.4213 63.1999
18.1269 -1.5119 56.4055
18.0061 -1.49634 56.2771
18.1974 -1.49377 56.4221
18.3205 -1.50996 56.5537
-14.8426 -6.83701 59.6825
-14.8558 -6.72123 59.4731
-14.9581 -6.72117 59.2364
-14.896 -6.80667 59.5641
-14.8426 -6.83701 59.6825
-14.8558 -6.72123 59.4731
-14.9581 -6.72117 59.2364
-14.896 -6.80667 59.5641
7.95784 12.4213 63.1999
7.88575 12.2111 63.1077
7.88498 12.2138 62.9301
7.95987 12.432 63.0281
3.63351 -14.9691 48.8689
3.55998 -14.8509 48.8235
3.57418 -14.881 48.6574
3.65701 -15.034 48.6574
-11.7639 10.9587 52.4161
-11.6071 10.8054 52.4011
-11.6621 10.9112 52.1572
-11.8257 11.0716 52.1705
17.8202 -1.49898 56.1365
17.6851 -1.48384 55.9978
17.8639 -1.48063 56.1316
18.0061 -1.49634 56.2771
-14.7549 -6.72157 59.708
-14.7471 -6.6914 59.5716
-14.825 -6.69053 59.387
-14.8558 -6.72123 59.4731
18.0061 -1.49634 56.2771
17.8639 -1.48063 56.1316
18.05 -1.47729 56.2708
18.1974 -1.49377 56.4221
-14.8558 -6.72123 59.4731
-14.825 -6.69053 59.387
-14.9061 -6.68961 59.1948
-14.9581 -6.72117 59.2364
3.55998 -14.8509 48.8235
3.48386 -14.7279 48.7938
3.49478 -14.7525 48.6301
3.57418 -14.881 48.6574
-11.6071 10.8054 52.4011
-11.4913 10.6782 52.412
-11.5353 10.7726 52.1736
-11.6621 10.9112 52.1572
17.6851 -1.48384 55.9978
17.5301 -1.46877 55.8436
17.699 -1.46505 55.9685
17.8639 -1.48063 56.1316
-14.7471 -6.6914 59.5716
-14.6277 -6.66393 59.7067
-14.6993 -6.662 59.5313
-14.825 -6.69053 59.387
17.8639 -1.48063 56.1316
17.699 -1.46505 55.9685
17.8741 -1.46088 56.0972
18.05 -1.47729 56.2708
-14.825 -6.69053 59.387
-14.6993 -6.662 59.5313
-14.7727 -6.65952 59.3492
-14.9061 -6.68961 59.1948
3.48386 -14.7279 48.7938
3.40615 -14.6016 48.7814
3.41477 -14.6225 48.6164
3.49478 -14.7525 48.6301
-11.4913 10.6782 52.412
-11.3829 10.5505 52.4489
-11.4239 10.6415 52.2104
-11.5353 10.7726 52.1736
17.5301 -1.46877 55.8436
17.3619 -1.45096 55.7143
17.5208 -1.44983 55.7956
17.699 -1.46505 55.9685
-14.6277 -6.66393 59.7067
-14.5001 -6.63652 59.8612
-14.5682 -6.63374 59.6897
-14.6993 -6.662 59.5313
3.49478 -14.7525 48.6301
3.41477 -14.6225 48.6164
3.42831 -14.6654 48.3853
3.51776 -14.8376 48.3641
-11.5353 10.7726 52.1736
-11.4239 10.6415 52.2104
-11.4728 10.7514 51.9184
-11.5799 10.8698 51.9231
17.699 -1.46505 55.9685
17.5208 -1.44983 55.7956
17.7204 -1.44451 55.9413
17.8741 -1.46088 56.0972
-14.6993 -6.662 59.5313
-14.5682 -6.63374 59.6897
-14.6502 -6.63001 59.4812
-14.7727 -6.65952 59.3492
5.16181 12.6524 27.575
5.15523 12.4986 27.5854
5.14034 12.4544 27.4116
5.14721 12.6155 27.4137
3.66229 -13.4754 31.1618
3.59712 -13.3035 31.2068
3.53924 -13.2458 30.9624
3.61139 -13.425 30.9462
3.40615 -14.6016 48.7814
3.3347 -14.4878 48.7156
3.34409 -14.5108 48.5305
3.41477 -14.6225 48.6164
-11.3829 10.5505 52.4489
-11.2928 10.4581 52.4062
-11.3384 10.5597 52.1387
-11.4239 10.6415 52.2104
17.3619 -1.45096 55.7143
17.2625 -1.42834 55.684
17.4279 -1.4338 55.6882
17.5208 -1.44983 55.7956
-14.5001 -6.63652 59.8612
-14.4004 -6.60941 59.9529
-14.4763 -6.6062 59.7609
-14.5682 -6.63374 59.6897
5.14721 12.6155 27.4137
5.14034 12.4544 27.4116
5.10519 12.4486 27.1532
5.10673 12.6106 27.1156
3.61139 -13.425 30.9462
3.53924 -13.2458 30.9624
3.47739 -13.1814 30.7095
3.54821 -13.361 30.6825
3.41477 -14.6225 48.6164
3.34409 -14.5108 48.5305
3.35313 -14.5372 48.3282
3.42831 -14.6654 48.3853
-11.4239 10.6415 52.2104
-11.3384 10.5597 52.1387
-11.3833 10.6628 51.86
-11.4728 10.7514 51.9184
17.5208 -1.44983 55.7956
17.4279 -1.4338 55.6882
17.6159 -1.42846 55.8246
17.7204 -1.44451 55.9413
-14.5682 -6.63374 59.6897
-14.4763 -6.6062 59.7609
-14.476 -6.59195 59.4676
-14.6502 -6.63001 59.4812
5.15523 12.4986 27.5854
5.14837 12.3467 27.5893
5.13599 12.2952 27.4276
5.14034 12.4544 27.4116
3.59712 -13.3035 31.2068
3.52776 -13.1307 31.224
3.47116 -13.0732 30.9883
3.53924 -13.2458 30.9624
3.3347 -14.4878 48.7156
3.26634 -14.3647 48.6494
3.27379 -14.3987 48.4653
3.34409 -14.5108 48.5305
-11.2928 10.4581 52.4062
-11.2067 10.372 52.3547
-11.2497 10.4691 52.0962
-11.3384 10.5597 52.1387
-14.254 -8.3061 77.7561
-14.1668 -8.27995 77.7404
-14.1395 -8.3739 77.5535
-14.2126 -8.43182 77.5787
6.19277 12.593 81.2527
6.1405 12.428 81.271
6.11292 12.3893 81.1036
6.16475 12.5547 81.079
5.14034 12.4544 27.4116
5.13599 12.2952 27.4276
5.10502 12.2913 27.1995
5.10519 12.4486 27.1532
3.53924 -13.2458 30.9624
3.47116 -13.0732 30.9883
3.41151 -13.0105 30.7462
3.47739 -13.1814 30.7095
3.34409 -14.5108 48.5305
3.27379 -14.3987 48.4653
3.28092 -14.4181 48.2795
3.35313 -14.5372 48.3282
-11.3384 10.5597 52.1387
-11.2497 10.4691 52.0962
-11.2922 10.5671 51.8293
-11.3833 10.6628 51.86
17.4279 -1.4338 55.6882
17.3177 -1.41856 55.5688
17.4968 -1.41336 55.6986
17.6159 -1.42846 55.8246
-14.4763 -6.6062 59.7609
-14.3538 -6.57628 59.8212
-14.2852 -6.55251 59.4266
-14.476 -6.59195 59.4676
-14.2126 -8.43182 77.5787
-14.1395 -8.3739 77.5535
-14.1252 -8.43952 77.3423
-14.1673 -8.56148 77.3942
6.16475 12.5547 81.079
6.11292 12.3893 81.1036
6.08349 12.3461 80.932
6.1343 12.5105 80.8994
5.14837 12.3467 27.5893
5.14273 12.2022 27.6083
5.13128 12.1487 27.4527
5.13599 12.2952 27.4276
3.52776 -13.1307 31.224
3.46597 -12.9636 31.252
3.40616 -12.9057 31.0212
3.47116 -13.0732 30.9883
-14.1668 -8.27995 77.7404
-14.1388 -8.1276 77.6465
-14.1328 -8.18774 77.4567
-14.1395 -8.3739 77.5535
6.1405 12.428 81.271
6.09161 12.2691 81.3048
6.06448 12.2304 81.1424
6.11292 12.3893 81.1036
5.13599 12.2952 27.4276
5.13128 12.1487 27.4527
5.10597 12.1366 27.2534
5.10502 12.2913 27.1995
3.47116 -13.0732 30.9883
3.40616 -12.9057 31.0212
3.34872 -12.845 30.7891
3.41151 -13.0105 30.7462
3.27379 -14.3987 48.4653
3.20541 -14.2673 48.4243
3.21072 -14.3052 48.2378
3.28092 -14.4181 48.2795
-11.2497 10.4691 52.0962
-11.159 10.3716 52.077
-11.2092 10.4822 51.804
-11.2922 10.5671 51.8293
17.3177 -1.41856 55.5688
17.1942 -1.40403 55.4405
17.3664 -1.39897 55.5651
17.4968 -1.41336 55.6986
-14.3538 -6.57628 59.8212
-14.17 -6.53869 59.7972
-14.0995 -6.51405 59.3835
-14.2852 -6.55251 59.4266
-14.1395 -8.3739 77.5535
-14.1328 -8.18774 77.4567
-14.1191 -8.24983 77.2548
-14.1252 -8.43952 77.3423
6.11292 12.3893 81.1036
6.06448 12.2304 81.1424
6.03103 12.1809 80.9335
6.08349 12.3461 80.932
5.14273 12.2022 27.6083
5.13814 12.0649 27.6398
5.12691 12.0115 27.4879
5.13128 12.1487 27.4527
3.46597 -12.9636 31.252
3.45884 -12.816 31.3262
3.39401 -12.7572 31.0985
3.40616 -12.9057 31.0212
-14.1388 -8.1276 77.6465
-14.0579 -7.97504 77.5665
-14.1258 -8.00463 77.3556
-14.1328 -8.18774 77.4567
6.09161 12.2691 81.3048
6.0459 12.1165 81.3515
6.01902 12.0775 81.1929
6.06448 12.2304 81.1424
5.13128 12.1487 27.4527
5.12691 12.0115 27.4879
5.1078 11.9837 27.3131
5.10597 12.1366 27.2534
3.40616 -12.9057 31.0212
3.39401 -12.7572 31.0985
3.32767 -12.6951 30.8668
3.34872 -12.845 30.7891
17.1942 -1.40403 55.4405
17.0663 -1.38656 55.3506
17.2269 -1.38515 55.4257
17.3664 -1.39897 55.5651
-14.17 -6.53869 59.7972
-13.99 -6.49454 59.7735
-13.9207 -6.46787 59.374
-14.0995 -6.51405 59.3835
-14.1328 -8.18774 77.4567
-14.1258 -8.00463 77.3556
-14.1131 -8.06274 77.1685
-14.1191 -8.24983 77.2548
6.06448 12.2304 81.1424
6.01902 12.0775 81.1929
5.98651 12.0269 80.9824
6.03103 12.1809 80.9335
5.13814 12.0649 27.6398
5.13451 11.9346 27.6824
5.1234 11.8807 27.5331
5.12691 12.0115 27.4879
3.45884 -12.816 31.3262
3.45328 -12.6717 31.4046
3.39068 -12.6141 31.1853
3.39401 -12.7572 31.0985
-14.0579 -7.97504 77.5665
-13.9842 -7.83013 77.4842
-14.0904 -7.83123 77.2749
-14.1258 -8.00463 77.3556
6.0459 12.1165 81.3515
6.00321 11.97 81.4094
5.97094 11.9222 81.206
6.01902 12.0775 81.1929
5.12691 12.0115 27.4879
5.1234 11.8807 27.5331
5.11037 11.8319 27.3781
5.1078 11.9837 27.3131
3.39401 -12.7572 31.0985
3.39068 -12.6141 31.1853
3.32663 -12.5534 30.9621
3.32767 -12.6951 30.8668
17.0663 -1.38656 55.3506
16.9488 -1.359 55.3912
17.0791 -1.37185 55.281
17.2269 -1.38515 55.4257
-13.99 -6.49454 59.7735
-13.8115 -6.44147 59.7642
-13.7458 -6.41621 59.3869
-13.9207 -6.46787 59.374
-14.1258 -8.00463 77.3556
-14.0904 -7.83123 77.2749
-14.1072 -7.87673 77.0835
-14.1131 -8.06274 77.1685
6.01902 12.0775 81.1929
5.97094 11.9222 81.206
5.9497 11.8845 81.0838
5.98651 12.0269 80.9824
5.13451 11.9346 27.6824
5.13176 11.8114 27.7345
5.12071 11.756 27.5873
5.1234 11.8807 27.5331
3.45328 -12.6717 31.4046
3.44912 -12.5306 31.4866
3.38858 -12.4736 31.2754
3.39068 -12.6141 31.1853
-13.9842 -7.83013 77.4842
-13.9093 -7.67902 77.4156
-13.9847 -7.68034 77.2468
-14.0904 -7.83123 77.2749
6.00321 11.97 81.4094
5.96352 11.8301 81.4769
5.93351 11.7821 81.2901
5.97094 11.9222 81.206
5.1234 11.8807 27.5331
5.12071 11.756 27.5873
5.10952 11.699 27.439
5.11037 11.8319 27.3781
3.39068 -12.6141 31.1853
3.38858 -12.4736 31.2754
3.32654 -12.4135 31.0601
3.32663 -12.5534 30.9621
-14.0904 -7.83123 77.2749
-13.9847 -7.68034 77.2468
-14.1013 -7.69074 76.9998
-14.1072 -7.87673 77.0835
5.97094 11.9222 81.206
5.93351 11.7821 81.2901
5.91377 11.7449 81.1856
5.9497 11.8845 81.0838
5.13176 11.8114 27.7345
5.12988 11.6956 27.7957
5.11882 11.6375 27.6505
5.12071 11.756 27.5873
3.44912 -12.5306 31.4866
3.44637 -12.3928 31.5721
3.38776 -12.3355 31.3691
3.38858 -12.4736 31.2754
-13.9093 -7.67902 77.4156
-13.8343 -7.51887 77.3606
-13.8917 -7.53682 77.2051
-13.9847 -7.68034 77.2468
5.96352 11.8301 81.4769
5.92519 11.6945 81.5386
5.90035 11.6499 81.3976
5.93351 11.7821 81.2901
5.12071 11.756 27.5873
5.11882 11.6375 27.6505
5.10763 11.578 27.5043
5.10952 11.699 27.439
3.38858 -12.4736 31.2754
3.38776 -12.3355 31.3691
3.32749 -12.2747 31.1617
3.32654 -12.4135 31.0601
-13.9847 -7.68034 77.2468
-13.8917 -7.53682 77.2051
-14.0004 -7.53448 76.9856
-14.1013 -7.69074 76.9998
5.93351 11.7821 81.2901
5.90035 11.6499 81.3976
5.87862 11.6073 81.2888
5.91377 11.7449 81.1856
5.12988 11.6956 27.7957
5.12909 11.5895 27.8679
5.11774 11.5257 27.7225
5.11882 11.6375 27.6505
3.44637 -12.3928 31.5721
3.44508 -12.2588 31.661
3.38837 -12.2 31.4669
3.38776 -12.3355 31.3691
-13.8343 -7.51887 77.3606
-13.7582 -7.35901 77.3188
-13.8077 -7.40232 77.1597
-13.8917 -7.53682 77.2051
5.92519 11.6945 81.5386
5.8897 11.5654 81.603
5.86876 11.5224 81.5064
5.90035 11.6499 81.3976
5.11882 11.6375 27.6505
5.11774 11.5257 27.7225
5.10648 11.462 27.5784
5.10763 11.578 27.5043
3.38776 -12.3355 31.3691
3.38837 -12.2 31.4669
3.32961 -12.137 31.2673
3.32749 -12.2747 31.1617
-13.8917 -7.53682 77.2051
-13.8077 -7.40232 77.1597
-13.8788 -7.3832 76.9883
-14.0004 -7.53448 76.9856
5.90035 11.6499 81.3976
5.86876 11.5224 81.5064
5.84432 11.472 81.394
5.87862 11.6073 81.2888
5.12909 11.5895 27.8679
5.13719 11.5534 28.0381
5.12428 11.4729 27.879
5.11774 11.5257 27.7225
3.44508 -12.2588 31.661
3.44548 -12.1296 31.7535
3.39072 -12.0681 31.5694
3.38837 -12.2 31.4669
16.4678 -1.24421 55.7496
16.3312 -1.27868 55.7416
16.4222 -1.28823 55.5305
16.5652 -1.26884 55.5454
-13.1351 -6.2593 59.8341
-12.9412 -6.20195 59.7874
-12.9916 -6.19989 59.6621
-13.2052 -6.26066 59.7022
-13.7582 -7.35901 77.3188
-13.6372 -7.24677 77.3049
-13.7239 -7.25708 77.1286
-13.8077 -7.40232 77.1597
5.8897 11.5654 81.603
5.86269 11.4516 81.7154
5.83911 11.4005 81.6172
5.86876 11.5224 81.5064
5.11774 11.5257 27.7225
5.12428 11.4729 27.879
5.11119 11.39 27.7187
5.10648 11.462 27.5784
3.38837 -12.2 31.4669
3.39072 -12.0681 31.5694
3.33329 -12.0006 31.3784
3.32961 -12.137 31.2673
-13.8077 -7.40232 77.1597
-13.7239 -7.25708 77.1286
-13.7779 -7.24245 76.9667
-13.8788 -7.3832 76.9883
5.86876 11.5224 81.5064
5.83911 11.4005 81.6172
5.81113 11.3394 81.5025
5.84432 11.472 81.394
5.13719 11.5534 28.0381
5.14449 11.5123 28.1982
5.13366 11.4436 28.0658
5.12428 11.4729 27.879
3.44548 -12.1296 31.7535
3.44011 -11.9918 31.8281
3.39547 -11.9415 31.6782
3.39072 -12.0681 31.5694
16.3312 -1.27868 55.7416
16.2016 -1.37309 55.7334
16.2762 -1.38208 55.5569
16.4222 -1.28823 55.5305
-12.9412 -6.20195 59.7874
-12.7553 -6.14497 59.7349
-12.7954 -6.14243 59.6282
-12.9916 -6.19989 59.6621
5.12428 11.4729 27.879
5.13366 11.4436 28.0658
5.12101 11.3569 27.9161
5.11119 11.39 27.7187
3.39072 -12.0681 31.5694
3.39547 -11.9415 31.6782
3.33925 -11.8673 31.497
3.33329 -12.0006 31.3784
16.4222 -1.28823 55.5305
16.2762 -1.38208 55.5569
16.3579 -1.4 55.3406
16.5133 -1.29937 55.3146
-12.9916 -6.19989 59.6621
-12.7954 -6.14243 59.6282
-12.825 -6.13615 59.4838
-12.9802 -6.19531 59.4147
-13.7239 -7.25708 77.1286
-13.5727 -7.16389 77.137
-13.6828 -7.11179 76.9462
-13.7779 -7.24245 76.9667
5.83911 11.4005 81.6172
5.81215 11.2865 81.7312
5.77981 11.2117 81.6159
5.81113 11.3394 81.5025
5.14449 11.5123 28.1982
5.1441 11.4544 28.3305
5.14061 11.3947 28.2288
5.13366 11.4436 28.0658
3.44011 -11.9918 31.8281
3.42537 -11.8588 31.8604
3.3887 -11.7946 31.7534
3.39547 -11.9415 31.6782
16.2016 -1.37309 55.7334
16.0847 -1.47216 55.6862
16.1426 -1.48332 55.5372
16.2762 -1.38208 55.5569
-12.7553 -6.14497 59.7349
-12.5735 -6.08685 59.6646
-12.6 -6.08231 59.5712
-12.7954 -6.14243 59.6282
14.7804 -1.09904 73.748
14.6311 -1.14982 73.7402
14.6667 -1.12511 73.5922
14.8317 -1.07647 73.5784
-13.4745 -7.18422 77.2949
-13.3255 -7.11759 77.2593
-13.4027 -7.0976 77.1239
-13.5727 -7.16389 77.137
5.13366 11.4436 28.0658
5.14061 11.3947 28.2288
5.12748 11.2629 28.0652
5.12101 11.3569 27.9161
3.39547 -11.9415 31.6782
3.3887 -11.7946 31.7534
3.34638 -11.7352 31.6195
3.33925 -11.8673 31.497
16.2762 -1.38208 55.5569
16.1426 -1.48332 55.5372
16.201 -1.50014 55.3711
16.3579 -1.4 55.3406
-12.7954 -6.14243 59.6282
-12.6 -6.08231 59.5712
-12.621 -6.07474 59.4657
-12.825 -6.13615 59.4838
14.8317 -1.07647 73.5784
14.6667 -1.12511 73.5922
14.699 -1.10029 73.4295
14.8888 -1.07734 73.3858
-13.5727 -7.16389 77.137
-13.4027 -7.0976 77.1239
-13.4807 -7.07272 76.9738
-13.6828 -7.11179 76.9462
1.54806 -12.7683 18.0089
1.62866 -12.7877 18.138
1.59775 -12.6057 18.2551
1.50741 -12.5737 18.1201
-7.88554 8.62699 20.5137
-7.92868 8.65114 20.6489
-7.82167 8.49173 20.7132
-7.76804 8.45588 20.5684
16.0847 -1.47216 55.6862
15.9715 -1.56655 55.6447
16.0153 -1.58524 55.5028
16.1426 -1.48332 55.5372
-12.5735 -6.08685 59.6646
-12.4002 -6.03244 59.6054
-12.4091 -6.02309 59.5117
-12.6 -6.08231 59.5712
14.6311 -1.14982 73.7402
14.488 -1.19906 73.744
14.508 -1.18085 73.6048
14.6667 -1.12511 73.5922
-13.3255 -7.11759 77.2593
-13.1992 -7.06084 77.2283
-13.2398 -7.03204 77.1055
-13.4027 -7.0976 77.1239
1.50741 -12.5737 18.1201
1.59775 -12.6057 18.2551
1.56689 -12.4011 18.3938
1.5102 -12.3577 18.2434
-7.76804 8.45588 20.5684
-7.82167 8.49173 20.7132
-7.70298 8.31288 20.7927
-7.64083 8.26882 20.635
16.1426 -1.48332 55.5372
16.0153 -1.58524 55.5028
16.0592 -1.6113 55.3396
16.201 -1.50014 55.3711
-12.6 -6.08231 59.5712
-12.4091 -6.02309 59.5117
-12.4105 -6.00979 59.4029
-12.621 -6.07474 59.4657
14.6667 -1.12511 73.5922
14.508 -1.18085 73.6048
14.5237 -1.16221 73.4474
14.699 -1.10029 73.4295
-13.4027 -7.0976 77.1239
-13.2398 -7.03204 77.1055
-13.2982 -7.00091 76.9579
-13.4807 -7.07272 76.9738
1.62866 -12.7877 18.138
1.70715 -12.825 18.2463
1.68811 -12.6605 18.3683
1.59775 -12.6057 18.2551
-7.92868 8.65114 20.6489
-7.9802 8.69045 20.7684
-7.88715 8.54722 20.8429
-7.82167 8.49173 20.7132
15.9715 -1.56655 55.6447
15.8623 -1.65447 55.614
15.8892 -1.6821 55.4805
16.0153 -1.58524 55.5028
-12.4002 -6.03244 59.6054
-12.3409 -6.01826 59.6204
-12.3026 -5.99429 59.5123
-12.4091 -6.02309 59.5117
1.59775 -12.6057 18.2551
1.68811 -12.6605 18.3683
1.66929 -12.4744 18.5115
1.56689 -12.4011 18.3938
-7.82167 8.49173 20.7132
-7.88715 8.54722 20.8429
-7.78296 8.38535 20.9322
-7.70298 8.31288 20.7927
16.0153 -1.58524 55.5028
15.8892 -1.6821 55.4805
15.9159 -1.71697 55.3267
16.0592 -1.6113 55.3396
-12.4091 -6.02309 59.5117
-12.3026 -5.99429 59.5123
-12.2569 -5.96649 59.3896
-12.4105 -6.00979 59.4029
14.508 -1.18085 73.6048
14.3664 -1.21036 73.621
14.3512 -1.22531 73.491
14.5237 -1.16221 73.4474
-13.2398 -7.03204 77.1055
-13.106 -6.9794 77.0939
-13.1283 -6.94027 76.9606
-13.2982 -7.00091 76.9579
1.70715 -12.825 18.2463
1.78405 -12.8838 18.3311
1.77809 -12.7288 18.4681
1.68811 -12.6605 18.3683
-7.9802 8.69045 20.7684
-8.01342 8.72883 20.8816
-7.93031 8.59471 20.974
-7.88715 8.54722 20.8429
15.8623 -1.65447 55.614
15.7557 -1.73529 55.598
15.7644 -1.77635 55.463
15.8892 -1.6821 55.4805
-12.3409 -6.01826 59.6204
-12.2937 -6.00942 59.6519
-12.2472 -5.98385 59.5488
-12.3026 -5.99429 59.5123
1.68811 -12.6605 18.3683
1.77809 -12.7288 18.4681
1.77115 -12.5354 18.6399
1.66929 -12.4744 18.5115
-7.88715 8.54722 20.8429
-7.93031 8.59471 20.974
-7.82659 8.42732 21.0902
-7.78296 8.38535 20.9322
15.8892 -1.6821 55.4805
15.7644 -1.77635 55.463
15.7745 -1.82827 55.294
15.9159 -1.71697 55.3267
-12.3026 -5.99429 59.5123
-12.2472 -5.98385 59.5488
-12.1888 -5.95185 59.4202
-12.2569 -5.96649 59.3896
7.86335 14.8159 81.0034
7.85512 14.8729 81.0496
7.82688 14.7749 81.1719
7.83785 14.7344 81.0687
1.57352 -17.7691 85.2833
1.58432 -17.7844 85.3445
1.58041 -17.649 85.3819
1.56724 -17.6736 85.2874
6.33798 15.2989 44.9123
6.35612 15.3223 45.0506
6.30538 15.1524 45.0261
6.34277 15.1508 44.8839
4.06552 -16.5899 48.7738
4.04835 -16.5335 48.9309
4.0323 -16.3857 48.9341
4.051 -16.4475 48.7636
6.34277 15.1508 44.8839
6.30538 15.1524 45.0261
6.30782 14.9935 45.0058
6.34881 14.9948 44.8502
4.051 -16.4475 48.7636
4.0323 -16.3857 48.9341
4.01517 -16.2273 48.9366
4.035 -16.2925 48.7553
6.34881 14.9948 44.8502
6.30782 14.9935 45.0058
6.31213 14.8303 44.9782
6.35743 14.8374 44.8066
4.035 -16.2925 48.7553
4.01517 -16.2273 48.9366
3.97891 -16.0506 48.9705
3.99336 -16.1194 48.7881
17.8502 -1.1233 74.98
17.7103 -1.0565 75.1218
17.6045 -1.09554 75.0391
17.7143 -1.08084 74.8872
-15.1899 -8.65674 77.9014
-15.2386 -8.60858 78.1215
-15.1583 -8.55818 78.0658
-15.1114 -8.62438 77.8352
-15.1899 -8.65674 77.9014
-15.2386 -8.60858 78.1215
-15.1583 -8.55818 78.0658
-15.1114 -8.62438 77.8352
7.58111 14.1751 80.9913
7.57118 14.2152 81.2158
7.48172 14.054 81.1894
7.4719 14.0423 81.0215
-8.37157 10.3316 4.25994
-8.35367 10.3504 4.06824
-8.47835 10.4413 4.11001
-8.49943 10.4014 4.30837
12.388 -2.96632 6.97932
12.5026 -3.03559 6.77471
12.6347 -3.06167 6.81265
12.4707 -2.96316 7.08519
15.5706 -0.998621 37.4577
15.609 -0.956206 37.6013
15.4426 -0.995375 37.6481
15.4182 -1.04177 37.4671
-12.6994 -8.30156 41.1836
-12.7573 -8.36564 41.3574
-12.62 -8.27685 41.4785
-12.5676 -8.21106 41.2546
6.35743 14.8374 44.8066
6.31213 14.8303 44.9782
6.31879 14.6654 44.9415
6.32843 14.7033 44.7513
3.99336 -16.1194 48.7881
3.97891 -16.0506 48.9705
3.93151 -15.8611 49.0226
3.95482 -15.9674 48.7971
-15.1114 -8.62438 77.8352
-15.1583 -8.55818 78.0658
-15.0748 -8.50715 78.0048
-15.0432 -8.6315 77.7891
7.4719 14.0423 81.0215
7.48172 14.054 81.1894
7.3668 13.9258 81.2282
7.36928 13.9278 81.0233
-8.49943 10.4014 4.30837
-8.47835 10.4413 4.11001
-8.62701 10.5134 4.11772
-8.64792 10.4706 4.32699
12.4707 -2.96316 7.08519
12.6347 -3.06167 6.81265
12.7361 -3.06646 6.90249
12.566 -2.96433 7.18497
-15.0432 -8.6315 77.7891
-15.0748 -8.50715 78.0048
-14.998 -8.48606 77.9432
-14.9721 -8.63257 77.7487
7.36928 13.9278 81.0233
7.3668 13.9258 81.2282
7.26208 13.8089 81.2145
7.26328 13.8094 81.0171
-8.64792 10.4706 4.32699
-8.62701 10.5134 4.11772
-8.77608 10.5833 4.13456
-8.80166 10.5425 4.34544
12.566 -2.96433 7.18497
12.7361 -3.06646 6.90249
12.8386 -3.07117 6.99406
12.6742 -2.97036 7.27673
-14.9568 -7.67325 59.7454
-14.8817 -7.64354 59.9563
-14.8623 -7.49609 59.8739
-14.9691 -7.50539 59.6617
8.23706 13.1017 63.6246
8.19901 13.1092 63.974
8.14223 12.947 63.8622
8.16074 12.9567 63.6264
-14.9691 -7.50539 59.6617
-14.8623 -7.49609 59.8739
-14.8706 -7.32611 59.7975
-14.9763 -7.32909 59.5852
8.16074 12.9567 63.6264
8.14223 12.947 63.8622
8.0828 12.7747 63.7507
8.08855 12.7964 63.5798
-14.9763 -7.32909 59.5852
-14.8706 -7.32611 59.7975
-14.8733 -7.14857 59.7299
-14.9775 -7.14515 59.5183
8.08855 12.7964 63.5798
8.0828 12.7747 63.7507
8.02046 12.5938 63.6441
8.02389 12.6086 63.4719
3.76708 -15.2199 48.9555
3.74783 -15.1434 49.1634
3.68392 -15.042 49.0935
3.70378 -15.0813 48.9279
-12.0495 11.2247 52.5063
-11.976 11.0994 52.7552
-11.844 10.9795 52.6993
-11.9115 11.0984 52.4524
-14.9775 -7.14515 59.5183
-14.8733 -7.14857 59.7299
-14.7426 -6.90527 59.9082
-14.7924 -6.8706 59.7957
8.02389 12.6086 63.4719
8.02046 12.5938 63.6441
7.9572 12.411 63.5371
7.9566 12.4129 63.3717
3.70378 -15.0813 48.9279
3.68392 -15.042 49.0935
3.61642 -14.9343 49.0336
3.63351 -14.9691 48.8689
-11.9115 11.0984 52.4524
-11.844 10.9795 52.6993
-11.7026 10.8467 52.6598
-11.7639 10.9587 52.4161
-14.7924 -6.8706 59.7957
-14.7426 -6.90527 59.9082
-14.6547 -6.72192 59.9412
-14.7549 -6.72157 59.708
7.9566 12.4129 63.3717
7.9572 12.411 63.5371
7.89398 12.2295 63.429
7.88707 12.2102 63.2819
3.63351 -14.9691 48.8689
3.61642 -14.9343 49.0336
3.54571 -14.8209 48.986
3.55998 -14.8509 48.8235
-11.7639 10.9587 52.4161
-11.7026 10.8467 52.6598
-11.5524 10.701 52.6398
-11.6071 10.8054 52.4011
17.8202 -1.49898 56.1365
17.6292 -1.48976 56.0186
17.5143 -1.48419 55.9008
17.6851 -1.48384 55.9978
-14.7549 -6.72157 59.708
-14.6547 -6.72192 59.9412
-14.6702 -6.69213 59.7529
-14.7471 -6.6914 59.5716
3.55998 -14.8509 48.8235
3.54571 -14.8209 48.986
3.47237 -14.7026 48.9525
3.48386 -14.7279 48.7938
-11.6071 10.8054 52.4011
-11.5524 10.701 52.6398
-11.4473 10.5853 52.6437
-11.4913 10.6782 52.412
17.6851 -1.48384 55.9978
17.5143 -1.48419 55.9008
17.3937 -1.45607 55.9266
17.5301 -1.46877 55.8436
-14.7471 -6.6914 59.5716
-14.6702 -6.69213 59.7529
-14.5568 -6.66549 59.8785
-14.6277 -6.66393 59.7067
3.48386 -14.7279 48.7938
3.47237 -14.7026 48.9525
3.39702 -14.5804 48.9348
3.40615 -14.6016 48.7814
-11.4913 10.6782 52.412
-11.4473 10.5853 52.6437
-11.3433 10.464 52.6714
-11.3829 10.5505 52.4489
5.16181 12.6524 27.575
5.17179 12.6951 27.7138
5.16683 12.5486 27.7465
5.15523 12.4986 27.5854
3.66229 -13.4754 31.1618
3.70878 -13.52 31.3633
3.65197 -13.3562 31.4441
3.59712 -13.3035 31.2068
3.40615 -14.6016 48.7814
3.39702 -14.5804 48.9348
3.32518 -14.4504 48.8986
3.3347 -14.4878 48.7156
-11.3829 10.5505 52.4489
-11.3433 10.464 52.6714
-11.247 10.3581 52.6647
-11.2928 10.4581 52.4062
5.15523 12.4986 27.5854
5.16683 12.5486 27.7465
5.15969 12.3968 27.7454
5.14837 12.3467 27.5893
3.59712 -13.3035 31.2068
3.65197 -13.3562 31.4441
3.58161 -13.1835 31.4538
3.52776 -13.1307 31.224
5.14837 12.3467 27.5893
5.15969 12.3968 27.7454
5.15383 12.2523 27.7607
5.14273 12.2022 27.6083
3.52776 -13.1307 31.224
3.58161 -13.1835 31.4538
3.53129 -13.0197 31.4838
3.46597 -12.9636 31.252
-14.1668 -8.27995 77.7404
-14.1316 -8.215 77.9323
-14.0679 -8.06737 77.8181
-14.1388 -8.1276 77.6465
6.1405 12.428 81.271
6.16643 12.4628 81.4344
6.11735 12.3044 81.4642
6.09161 12.2691 81.3048
5.14273 12.2022 27.6083
5.15383 12.2523 27.7607
5.14912 12.1153 27.7899
5.13814 12.0649 27.6398
3.46597 -12.9636 31.252
3.53129 -13.0197 31.4838
3.52198 -12.8709 31.5498
3.45884 -12.816 31.3262
-14.1388 -8.1276 77.6465
-14.0679 -8.06737 77.8181
-14.0003 -7.91488 77.721
-14.0579 -7.97504 77.5665
6.09161 12.2691 81.3048
6.11735 12.3044 81.4642
6.07163 12.1524 81.5084
6.0459 12.1165 81.3515
5.13814 12.0649 27.6398
5.14912 12.1153 27.7899
5.14544 11.9862 27.8307
5.13451 11.9346 27.6824
3.45884 -12.816 31.3262
3.52198 -12.8709 31.5498
3.51427 -12.7256 31.62
3.45328 -12.6717 31.4046
-14.0579 -7.97504 77.5665
-14.0003 -7.91488 77.721
-13.9301 -7.75974 77.6392
-13.9842 -7.83013 77.4842
6.0459 12.1165 81.3515
6.07163 12.1524 81.5084
6.02925 12.0074 81.5642
6.00321 11.97 81.4094
5.13451 11.9346 27.6824
5.14544 11.9862 27.8307
5.14272 11.8649 27.8816
5.13176 11.8114 27.7345
3.45328 -12.6717 31.4046
3.51427 -12.7256 31.62
3.50805 -12.5837 31.6939
3.44912 -12.5306 31.4866
-13.9842 -7.83013 77.4842
-13.9301 -7.75974 77.6392
-13.8579 -7.60328 77.5718
-13.9093 -7.67902 77.4156
6.00321 11.97 81.4094
6.02925 12.0074 81.5642
5.99015 11.8697 81.6303
5.96352 11.8301 81.4769
5.13176 11.8114 27.7345
5.14272 11.8649 27.8816
5.14086 11.7518 27.9411
5.12988 11.6956 27.7957
3.44912 -12.5306 31.4866
3.50805 -12.5837 31.6939
3.50314 -12.4455 31.7707
3.44637 -12.3928 31.5721
-13.9093 -7.67902 77.4156
-13.8579 -7.60328 77.5718
-13.7848 -7.44722 77.5179
-13.8343 -7.51887 77.3606
5.96352 11.8301 81.4769
5.99015 11.8697 81.6303
5.95437 11.7399 81.7047
5.92519 11.6945 81.5386
5.12988 11.6956 27.7957
5.14086 11.7518 27.9411
5.14242 11.6669 28.0369
5.12909 11.5895 27.8679
3.44637 -12.3928 31.5721
3.50314 -12.4455 31.7707
3.49971 -12.3118 31.8504
3.44508 -12.2588 31.661
-13.8343 -7.51887 77.3606
-13.7848 -7.44722 77.5179
-13.6785 -7.32661 77.4881
-13.7582 -7.35901 77.3188
5.92519 11.6945 81.5386
5.95437 11.7399 81.7047
5.92209 11.6186 81.787
5.8897 11.5654 81.603
5.12909 11.5895 27.8679
5.14242 11.6669 28.0369
5.14929 11.6245 28.1907
5.13719 11.5534 28.0381
3.44508 -12.2588 31.661
3.49971 -12.3118 31.8504
3.49325 -12.175 31.9198
3.44548 -12.1296 31.7535
16.4678 -1.24421 55.7496
16.3688 -1.21924 55.952
16.2421 -1.27482 55.9327
16.3312 -1.27868 55.7416
-13.1351 -6.2593 59.8341
-13.0677 -6.25707 59.9531
-12.886 -6.20094 59.8984
-12.9412 -6.20195 59.7874
5.13719 11.5534 28.0381
5.14929 11.6245 28.1907
5.15397 11.5658 28.3197
5.14449 11.5123 28.1982
3.44548 -12.1296 31.7535
3.49325 -12.175 31.9198
3.47471 -12.0373 31.9397
3.44011 -11.9918 31.8281
16.3312 -1.27868 55.7416
16.2421 -1.27482 55.9327
16.1304 -1.37326 55.8768
16.2016 -1.37309 55.7334
-12.9412 -6.20195 59.7874
-12.886 -6.20094 59.8984
-12.7078 -6.14264 59.8188
-12.7553 -6.14497 59.7349
14.9409 -1.06605 73.7392
14.8727 -1.08139 73.9161
14.7279 -1.12935 73.8931
14.7804 -1.09904 73.748
-13.6372 -7.24677 77.3049
-13.5211 -7.2645 77.4738
-13.3809 -7.19613 77.4243
-13.4745 -7.18422 77.2949
1.50494 -12.7609 17.8582
1.51555 -12.9559 17.7702
1.59049 -12.9487 17.9145
1.54806 -12.7683 18.0089
-7.84933 8.61529 20.3656
-7.96945 8.7854 20.329
-7.99643 8.78607 20.4716
-7.88554 8.62699 20.5137
5.14449 11.5123 28.1982
5.15397 11.5658 28.3197
5.1361 11.493 28.4138
5.1441 11.4544 28.3305
3.44011 -11.9918 31.8281
3.47471 -12.0373 31.9397
3.45747 -11.9368 31.9388
3.42537 -11.8588 31.8604
16.2016 -1.37309 55.7334
16.1304 -1.37326 55.8768
16.0245 -1.46792 55.8199
16.0847 -1.47216 55.6862
-12.7553 -6.14497 59.7349
-12.7078 -6.14264 59.8188
-12.5383 -6.08767 59.7469
-12.5735 -6.08685 59.6646
14.7804 -1.09904 73.748
14.7279 -1.12935 73.8931
14.5895 -1.17566 73.8769
14.6311 -1.14982 73.7402
-13.4745 -7.18422 77.2949
-13.3809 -7.19613 77.4243
-13.2616 -7.13586 77.3763
-13.3255 -7.11759 77.2593
1.54806 -12.7683 18.0089
1.59049 -12.9487 17.9145
1.66173 -12.9519 18.0419
1.62866 -12.7877 18.138
-7.88554 8.62699 20.5137
-7.99643 8.78607 20.4716
-8.02732 8.7954 20.6005
-7.92868 8.65114 20.6489
16.0847 -1.47216 55.6862
16.0245 -1.46792 55.8199
15.9249 -1.55646 55.7677
15.9715 -1.56655 55.6447
-12.5735 -6.08685 59.6646
-12.5383 -6.08767 59.7469
-12.4227 -6.05167 59.7099
-12.4002 -6.03244 59.6054
14.6311 -1.14982 73.7402
14.5895 -1.17566 73.8769
14.4773 -1.18378 73.8497
14.488 -1.19906 73.744
-13.3255 -7.11759 77.2593
-13.2616 -7.13586 77.3763
-13.1548 -7.08289 77.336
-13.1992 -7.06084 77.2283
1.62866 -12.7877 18.138
1.66173 -12.9519 18.0419
1.72789 -12.9684 18.1475
1.70715 -12.825 18.2463
-7.92868 8.65114 20.6489
-8.02732 8.7954 20.6005
-8.06299 8.81565 20.7112
-7.9802 8.69045 20.7684
15.9715 -1.56655 55.6447
15.9249 -1.55646 55.7677
15.8331 -1.63587 55.7261
15.8623 -1.65447 55.614
-12.4002 -6.03244 59.6054
-12.4227 -6.05167 59.7099
-12.3707 -6.03811 59.7142
-12.3409 -6.01826 59.6204
1.70715 -12.825 18.2463
1.72789 -12.9684 18.1475
1.7582 -13.0008 18.2233
1.78405 -12.8838 18.3311
-7.9802 8.69045 20.7684
-8.06299 8.81565 20.7112
-8.0781 8.83323 20.8098
-8.01342 8.72883 20.8816
15.8623 -1.65447 55.614
15.8331 -1.63587 55.7261
15.749 -1.70342 55.7028
15.7557 -1.73529 55.598
-12.3409 -6.01826 59.6204
-12.3707 -6.03811 59.7142
-12.3299 -6.02932 59.7322
-12.2937 -6.00942 59.6519
7.85512 14.8729 81.0496
7.84297 14.955 81.1175
7.80824 14.8438 81.2691
7.82688 14.7749 81.1719
1.58432 -17.7844 85.3445
1.59998 -17.8056 85.4338
1.59646 -17.6451 85.4852
1.58041 -17.649 85.3819
7.82688 14.7749 81.1719
7.80824 14.8438 81.2691
7.77183 14.7134 81.4263
7.77343 14.6595 81.2905
1.58041 -17.649 85.3819
1.59646 -17.6451 85.4852
1.59085 -17.4681 85.5311
1.573 -17.4955 85.4056
6.30538 15.1524 45.0261
6.32467 15.1881 45.1777
6.26785 15.004 45.1584
6.30782 14.9935 45.0058
4.0323 -16.3857 48.9341
4.01473 -16.3346 49.1049
3.99633 -16.1709 49.1174
4.01517 -16.2273 48.9366
6.30782 14.9935 45.0058
6.26785 15.004 45.1584
6.26862 14.8361 45.144
6.31213 14.8303 44.9782
4.01517 -16.2273 48.9366
3.99633 -16.1709 49.1174
3.96766 -15.9949 49.1453
3.97891 -16.0506 48.9705
17.7103 -1.0565 75.1218
17.5771 -0.979946 75.2654
17.4812 -1.05882 75.1916
17.6045 -1.09554 75.0391
-15.2386 -8.60858 78.1215
-15.2954 -8.5769 78.3199
-15.2167 -8.52254 78.2773
-15.1583 -8.55818 78.0658
15.609 -0.956206 37.6013
15.6542 -0.915341 37.7463
15.4914 -0.949555 37.7932
15.4426 -0.995375 37.6481
-12.7573 -8.36564 41.3574
-12.8154 -8.42243 41.4936
-12.6736 -8.32481 41.5942
-12.62 -8.27685 41.4785
6.31213 14.8303 44.9782
6.26862 14.8361 45.144
6.27175 14.667 45.1204
6.31879 14.6654 44.9415
3.97891 -16.0506 48.9705
3.96766 -15.9949 49.1453
3.91975 -15.8029 49.2048
3.93151 -15.8611 49.0226
-8.47835 10.4413 4.11001
-8.45113 10.4566 3.91143
-8.59287 10.5458 3.92332
-8.62701 10.5134 4.11772
12.6347 -3.06167 6.81265
12.7281 -3.11215 6.65038
12.8767 -3.1513 6.65645
12.7361 -3.06646 6.90249
-15.0748 -8.50715 78.0048
-15.1345 -8.46615 78.2319
-15.0496 -8.40795 78.1847
-14.998 -8.48606 77.9432
7.3668 13.9258 81.2282
7.38423 13.946 81.3911
7.25416 13.8226 81.382
7.26208 13.8089 81.2145
-8.62701 10.5134 4.11772
-8.59287 10.5458 3.92332
-8.75099 10.6269 3.91361
-8.77608 10.5833 4.13456
12.7361 -3.06646 6.90249
12.8767 -3.1513 6.65645
13.0136 -3.17763 6.69705
12.8386 -3.07117 6.99406
-14.8817 -7.64354 59.9563
-14.8721 -7.60409 60.1596
-14.7498 -7.484 60.0967
-14.8623 -7.49609 59.8739
8.19901 13.1092 63.974
8.20629 13.136 64.088
8.14653 12.9637 63.9762
8.14223 12.947 63.8622
-14.998 -8.48606 77.9432
-15.0496 -8.40795 78.1847
-14.9629 -8.35041 78.1321
-14.9266 -8.48208 77.9089
7.26208 13.8089 81.2145
7.25416 13.8226 81.382
7.12104 13.699 81.3691
7.15381 13.691 81.1846
-8.77608 10.5833 4.13456
-8.75099 10.6269 3.91361
-8.89489 10.7045 3.92249
-8.9167 10.6779 4.12766
12.8386 -3.07117 6.99406
13.0136 -3.17763 6.69705
13.1211 -3.18496 6.78199
12.9544 -3.08115 7.07588
-14.8623 -7.49609 59.8739
-14.7498 -7.484 60.0967
-14.7601 -7.32089 60.0186
-14.8706 -7.32611 59.7975
8.14223 12.947 63.8622
8.14653 12.9637 63.9762
8.08992 12.7999 63.8638
8.0828 12.7747 63.7507
-14.9266 -8.48208 77.9089
-14.9629 -8.35041 78.1321
-14.8823 -8.32416 78.0789
-14.8533 -8.47069 77.8826
7.15381 13.691 81.1846
7.12104 13.699 81.3691
6.99874 13.5825 81.343
7.02584 13.5699 81.1614
-14.8706 -7.32611 59.7975
-14.7601 -7.32089 60.0186
-14.7654 -7.15034 59.9483
-14.8733 -7.14857 59.7299
8.0828 12.7747 63.7507
8.08992 12.7999 63.8638
8.03132 12.6308 63.7516
8.02046 12.5938 63.6441
3.74783 -15.1434 49.1634
3.72393 -15.0973 49.3343
3.66303 -15.0009 49.2623
3.68392 -15.042 49.0935
-11.976 11.0994 52.7552
-11.8988 10.9687 53.0122
-11.7738 10.8568 52.9513
-11.844 10.9795 52.6993
-14.8733 -7.14857 59.7299
-14.7654 -7.15034 59.9483
-14.6896 -6.93805 60.0267
-14.7426 -6.90527 59.9082
8.02046 12.5938 63.6441
8.03132 12.6308 63.7516
7.97109 12.4573 63.641
7.9572 12.411 63.5371
3.68392 -15.042 49.0935
3.66303 -15.0009 49.2623
3.59857 -14.8984 49.1994
3.61642 -14.9343 49.0336
-11.844 10.9795 52.6993
-11.7738 10.8568 52.9513
-11.6396 10.7325 52.9055
-11.7026 10.8467 52.6598
-14.7426 -6.90527 59.9082
-14.6896 -6.93805 60.0267
-14.5546 -6.722 60.173
-14.6547 -6.72192 59.9412
7.9572 12.411 63.5371
7.97109 12.4573 63.641
7.90971 12.2809 63.5337
7.89398 12.2295 63.429
3.61642 -14.9343 49.0336
3.59857 -14.8984 49.1994
3.5308 -14.7899 49.1476
3.54571 -14.8209 48.986
-11.7026 10.8467 52.6598
-11.6396 10.7325 52.9055
-11.4965 10.5956 52.8777
-11.5524 10.701 52.6398
3.54571 -14.8209 48.986
3.5308 -14.7899 49.1476
3.46011 -14.6761 49.1089
3.47237 -14.7026 48.9525
-11.5524 10.701 52.6398
-11.4965 10.5956 52.8777
-11.4027 10.492 52.8726
-11.4473 10.5853 52.6437
3.47237 -14.7026 48.9525
3.46011 -14.6761 49.1089
3.38694 -14.5577 49.0852
3.39702 -14.5804 48.9348
-11.4473 10.5853 52.6437
-11.4027 10.492 52.8726
-11.3028 10.3773 52.8904
-11.3433 10.464 52.6714
5.17179 12.6951 27.7138
5.18752 12.734 27.8482
5.17805 12.595 27.9038
5.16683 12.5486 27.7465
3.70878 -13.52 31.3633
3.75122 -13.5622 31.5628
3.70441 -13.4049 31.6759
3.65197 -13.3562 31.4441
5.16683 12.5486 27.7465
5.17805 12.595 27.9038
5.17063 12.4432 27.8978
5.15969 12.3968 27.7454
3.65197 -13.3562 31.4441
3.70441 -13.4049 31.6759
3.633 -13.2323 31.6779
3.58161 -13.1835 31.4538
-14.229 -8.23288 77.9528
-14.1509 -8.20139 78.1649
-14.0748 -8.12813 78.0864
-14.1316 -8.215 77.9323
6.21897 12.6271 81.4215
6.24373 12.6579 81.5865
6.19094 12.4942 81.5942
6.16643 12.4628 81.4344
5.15969 12.3968 27.7454
5.17063 12.4432 27.8978
5.16463 12.2991 27.9106
5.15383 12.2523 27.7607
3.58161 -13.1835 31.4538
3.633 -13.2323 31.6779
3.5948 -13.0718 31.7108
3.53129 -13.0197 31.4838
-14.1316 -8.215 77.9323
-14.0748 -8.12813 78.0864
-14.0125 -7.98297 77.9706
-14.0679 -8.06737 77.8181
6.16643 12.4628 81.4344
6.19094 12.4942 81.5942
6.14181 12.3364 81.6212
6.11735 12.3044 81.4642
5.15383 12.2523 27.7607
5.16463 12.2991 27.9106
5.1599 12.163 27.9386
5.14912 12.1153 27.7899
3.53129 -13.0197 31.4838
3.5948 -13.0718 31.7108
3.58336 -12.9217 31.7688
3.52198 -12.8709 31.5498
-14.0679 -8.06737 77.8181
-14.0125 -7.98297 77.9706
-13.9459 -7.83232 77.8733
-14.0003 -7.91488 77.721
6.11735 12.3044 81.4642
6.14181 12.3364 81.6212
6.09634 12.1856 81.664
6.07163 12.1524 81.5084
5.14912 12.1153 27.7899
5.1599 12.163 27.9386
5.15628 12.0355 27.979
5.14544 11.9862 27.8307
3.52198 -12.8709 31.5498
3.58336 -12.9217 31.7688
3.57352 -12.7749 31.8312
3.51427 -12.7256 31.62
-14.0003 -7.91488 77.721
-13.9459 -7.83232 77.8733
-13.8765 -7.6791 77.7927
-13.9301 -7.75974 77.6392
6.07163 12.1524 81.5084
6.09634 12.1856 81.664
6.05451 12.0424 81.7193
6.02925 12.0074 81.5642
5.14544 11.9862 27.8307
5.15628 12.0355 27.979
5.15365 11.9168 28.0296
5.14272 11.8649 27.8816
3.51427 -12.7256 31.62
3.57352 -12.7749 31.8312
3.56518 -12.6317 31.8973
3.50805 -12.5837 31.6939
-13.9301 -7.75974 77.6392
-13.8765 -7.6791 77.7927
-13.8055 -7.52524 77.7273
-13.8579 -7.60328 77.5718
6.02925 12.0074 81.5642
6.05451 12.0424 81.7193
6.01628 11.9075 81.7848
5.99015 11.8697 81.6303
5.14272 11.8649 27.8816
5.15365 11.9168 28.0296
5.15193 11.807 28.0887
5.14086 11.7518 27.9411
3.50805 -12.5837 31.6939
3.56518 -12.6317 31.8973
3.55815 -12.4925 31.966
3.50314 -12.4455 31.7707
-13.8579 -7.60328 77.5718
-13.8055 -7.52524 77.7273
-13.7022 -7.40535 77.686
-13.7848 -7.44722 77.5179
5.99015 11.8697 81.6303
6.01628 11.9075 81.7848
5.98161 11.7813 81.8585
5.95437 11.7399 81.7047
5.14086 11.7518 27.9411
5.15193 11.807 28.0887
5.15535 11.7383 28.2038
5.14242 11.6669 28.0369
3.50314 -12.4455 31.7707
3.55815 -12.4925 31.966
3.54883 -12.3512 32.0267
3.49971 -12.3118 31.8504
-13.7848 -7.44722 77.5179
-13.7022 -7.40535 77.686
-13.5492 -7.34155 77.6625
-13.6785 -7.32661 77.4881
5.95437 11.7399 81.7047
5.98161 11.7813 81.8585
5.94775 11.6578 81.9311
5.92209 11.6186 81.787
5.14242 11.6669 28.0369
5.15535 11.7383 28.2038
5.15936 11.6741 28.3257
5.14929 11.6245 28.1907
3.49971 -12.3118 31.8504
3.54883 -12.3512 32.0267
3.52669 -12.2169 32.0292
3.49325 -12.175 31.9198
16.3688 -1.21924 55.952
16.2694 -1.19431 56.1414
16.1594 -1.28285 56.0768
16.2421 -1.27482 55.9327
-13.0677 -6.25707 59.9531
-13.0003 -6.2529 60.0653
-12.8224 -6.19362 59.9772
-12.886 -6.20094 59.8984
15.0308 -1.05646 73.9159
14.9503 -1.0699 74.0975
14.8068 -1.11639 74.0623
14.8727 -1.08139 73.9161
-13.6785 -7.32661 77.4881
-13.5492 -7.34155 77.6625
-13.4137 -7.27085 77.6016
-13.5211 -7.2645 77.4738
1.50441 -12.967 17.6056
1.49729 -13.1663 17.532
1.56791 -13.1401 17.6904
1.51555 -12.9559 17.7702
-7.9456 8.7915 20.176
-8.07021 8.96458 20.1516
-8.08636 8.94863 20.3027
-7.96945 8.7854 20.329
5.14929 11.6245 28.1907
5.15936 11.6741 28.3257
5.16336 11.6137 28.4442
5.15397 11.5658 28.3197
3.49325 -12.175 31.9198
3.52669 -12.2169 32.0292
3.5056 -12.1054 32.02
3.47471 -12.0373 31.9397
16.2421 -1.27482 55.9327
16.1594 -1.28285 56.0768
16.0558 -1.3796 56.0094
16.1304 -1.37326 55.8768
-12.886 -6.20094 59.8984
-12.8224 -6.19362 59.9772
-12.6518 -6.13699 59.8947
-12.7078 -6.14264 59.8188
14.8727 -1.08139 73.9161
14.8068 -1.11639 74.0623
14.6688 -1.16132 74.0313
14.7279 -1.12935 73.8931
-13.5211 -7.2645 77.4738
-13.4137 -7.27085 77.6016
-13.3016 -7.20782 77.5385
-13.3809 -7.19613 77.4243
1.51555 -12.9559 17.7702
1.56791 -13.1401 17.6904
1.63674 -13.1188 17.8369
1.59049 -12.9487 17.9145
-7.96945 8.7854 20.329
-8.08636 8.94863 20.3027
-8.10357 8.93668 20.4434
-7.99643 8.78607 20.4716
5.15397 11.5658 28.3197
5.16336 11.6137 28.4442
5.1247 11.5217 28.497
5.1361 11.493 28.4138
3.47471 -12.0373 31.9397
3.5056 -12.1054 32.02
3.48644 -12.0024 32.0129
3.45747 -11.9368 31.9388
16.1304 -1.37326 55.8768
16.0558 -1.3796 56.0094
15.9592 -1.47212 55.9397
16.0245 -1.46792 55.8199
-12.7078 -6.14264 59.8188
-12.6518 -6.13699 59.8947
-12.5001 -6.08699 59.8241
-12.5383 -6.08767 59.7469
14.7279 -1.12935 73.8931
14.6688 -1.16132 74.0313
14.5558 -1.16862 73.9854
14.5895 -1.17566 73.8769
-13.3809 -7.19613 77.4243
-13.3016 -7.20782 77.5385
-13.1976 -7.14965 77.4807
-13.2616 -7.13586 77.3763
1.59049 -12.9487 17.9145
1.63674 -13.1188 17.8369
1.69565 -13.1023 17.9677
1.66173 -12.9519 18.0419
-7.99643 8.78607 20.4716
-8.10357 8.93668 20.4434
-8.12118 8.92873 20.5702
-8.02732 8.7954 20.6005
16.0245 -1.46792 55.8199
15.9592 -1.47212 55.9397
15.8715 -1.55742 55.873
15.9249 -1.55646 55.7677
-12.5383 -6.08767 59.7469
-12.5001 -6.08699 59.8241
-12.4398 -6.06852 59.807
-12.4227 -6.05167 59.7099
15.9249 -1.55646 55.7677
15.8715 -1.55742 55.873
15.7966 -1.63067 55.8146
15.8331 -1.63587 55.7261
-12.4227 -6.05167 59.7099
-12.4398 -6.06852 59.807
-12.3892 -6.0532 59.7943
-12.3707 -6.03811 59.7142
15.8331 -1.63587 55.7261
15.7966 -1.63067 55.8146
15.7444 -1.68182 55.7737
15.749 -1.70342 55.7028
-12.3707 -6.03811 59.7142
-12.3892 -6.0532 59.7943
-12.3544 -6.0428 59.7866
-12.3299 -6.02932 59.7322
7.86335 14.8159 81.0034
7.88717 14.8429 80.8934
7.88623 14.9442 80.9103
7.85512 14.8729 81.0496
1.57352 -17.7691 85.2833
1.56905 -17.8476 85.2189
1.58351 -17.91 85.2818
1.58432 -17.7844 85.3445
7.85512 14.8729 81.0496
7.88623 14.9442 80.9103
7.87883 15.0493 80.9585
7.84297 14.955 81.1175
1.58432 -17.7844 85.3445
1.58351 -17.91 85.2818
1.60074 -17.9581 85.3685
1.59998 -17.8056 85.4338
7.88717 14.8429 80.8934
7.9221 14.8836 80.7322
7.92258 15.0099 80.7455
7.88623 14.9442 80.9103
1.56905 -17.8476 85.2189
1.56265 -17.9635 85.1253
1.5801 -18.0455 85.198
1.58351 -17.91 85.2818
7.88623 14.9442 80.9103
7.92258 15.0099 80.7455
7.91726 15.134 80.7861
7.87883 15.0493 80.9585
1.58351 -17.91 85.2818
1.5801 -18.0455 85.198
1.59927 -18.1111 85.289
1.60074 -17.9581 85.3685
-8.08377 7.09102 56.7228
-8.08556 7.09035 56.7281
-8.07771 7.10207 56.5974
-8.18978 7.18964 56.5428
11.629 -1.0228 58.0512
11.499 -1.01341 58.0307
11.5754 -1.00928 57.9423
11.7232 -1.02335 58.0009
-3.5556 7.35974 122.316
-3.64844 7.32575 122.278
-3.61096 7.24873 122.206
-3.49769 7.32208 122.283
-2.47089 -7.907 102.073
-2.51921 -7.87697 102.107
-2.43987 -7.8211 102.17
-2.40324 -7.88095 102.102
-3.49769 7.32208 122.283
-3.61096 7.24873 122.206
-3.54809 7.17147 122.135
-3.4137 7.268 122.236
-2.40324 -7.88095 102.102
-2.43987 -7.8211 102.17
-2.34222 -7.7653 102.233
-2.30699 -7.84248 102.146
-3.4137 7.268 122.236
-3.54809 7.17147 122.135
-3.46127 7.09773 122.061
-3.31253 7.20494 122.182
-2.30699 -7.84248 102.146
-2.34222 -7.7653 102.233
-2.23082 -7.70627 102.299
-2.1946 -7.79591 102.198
-3.31253 7.20494 122.182
-3.46127 7.09773 122.061
-3.31699 7.06775 121.975
-3.19632 7.13683 122.124
-2.1946 -7.79591 102.198
-2.23082 -7.70627 102.299
-2.09113 -7.66987 102.341
-2.05524 -7.76771 102.23
-11.5162 -7.75618 28.7842
-11.4285 -7.74283 29.0395
-11.3266 -7.58965 28.8807
-11.391 -7.65438 28.6291
4.52651 11.4566 31.6658
4.4116 11.2638 31.8545
4.46132 11.3129 31.7195
4.57892 11.5113 31.5281
-11.391 -7.65438 28.6291
-11.3266 -7.58965 28.8807
-11.2053 -7.42115 28.8433
-11.2786 -7.4959 28.5675
4.57892 11.5113 31.5281
4.46132 11.3129 31.7195
4.46802 11.2912 31.6574
4.5908 11.4996 31.4595
-11.2786 -7.4959 28.5675
-11.2053 -7.42115 28.8433
-11.0959 -7.2713 28.8321
-11.1739 -7.35187 28.5509
4.5908 11.4996 31.4595
4.46802 11.2912 31.6574
4.47965 11.2781 31.5877
4.6033 11.489 31.3899
-11.1739 -7.35187 28.5509
-11.0959 -7.2713 28.8321
-11.0226 -7.1722 28.8396
-11.1024 -7.25512 28.5576
4.6033 11.489 31.3899
4.47965 11.2781 31.5877
4.49926 11.2144 31.4077
4.61998 11.4854 31.3136
-11.1024 -7.25512 28.5576
-11.0226 -7.1722 28.8396
-10.9487 -7.07335 28.8588
-11.0334 -7.1611 28.5561
4.61998 11.4854 31.3136
4.49926 11.2144 31.4077
4.49761 11.102 31.2431
4.63672 11.4257 31.1518
-11.0334 -7.1611 28.5561
-10.9487 -7.07335 28.8588
-10.858 -6.96921 28.8687
-10.9651 -7.06823 28.5563
4.63672 11.4257 31.1518
4.49761 11.102 31.2431
4.47997 10.9574 31.0967
4.61712 11.2945 30.9976
-7.28607 -14.9823 -11.9473
-7.64744 -15.1187 -11.9481
-7.57793 -15.2444 -12.066
-7.24552 -15.1314 -12.0947
-11.211 14.3018 0.397985
-11.3893 14.4924 0.359461
-11.4798 14.3549 0.577155
-11.3106 14.1797 0.607943
-7.24552 -15.1314 -12.0947
-7.57793 -15.2444 -12.066
-7.48937 -15.3859 -12.2293
-7.19708 -15.2963 -12.2248
-11.3106 14.1797 0.607943
-11.4798 14.3549 0.577155
-11.5581 14.2039 0.798019
-11.3965 14.0401 0.823816
-10.7067 -6.9174 27.8444
-10.4703 -6.74479 28.1411
-10.3904 -6.62129 28.0793
-10.5835 -6.77999 27.8809
4.53114 10.8188 30.2171
4.42313 10.5364 30.2857
4.44454 10.5414 30.1024
4.54655 10.8087 30.0397
-10.5835 -6.77999 27.8809
-10.3904 -6.62129 28.0793
-10.2909 -6.50327 28.091
-10.4704 -6.64739 27.9022
4.54655 10.8087 30.0397
4.44454 10.5414 30.1024
4.48543 10.5988 29.9118
4.57336 10.8295 29.8587
-10.4704 -6.64739 27.9022
-10.2909 -6.50327 28.091
-10.1155 -6.31991 28.1736
-10.2968 -6.47025 27.9908
4.57336 10.8295 29.8587
4.48543 10.5988 29.9118
4.50142 10.5741 29.7258
4.57874 10.7859 29.6805
14.9638 -2.24291 55.6461
14.8698 -2.2617 55.4953
15.012 -2.30611 55.4446
15.0694 -2.22762 55.5799
-11.8004 -5.77684 60.2603
-11.5968 -5.63689 60.1969
-11.6897 -5.68838 60.08
-11.8791 -5.81884 60.142
15.0694 -2.22762 55.5799
15.012 -2.30611 55.4446
15.1042 -2.24816 55.4755
15.1546 -2.1501 55.6586
-11.8791 -5.81884 60.142
-11.6897 -5.68838 60.08
-11.7856 -5.74225 59.9679
-11.9606 -5.86313 60.0291
15.1546 -2.1501 55.6586
15.1042 -2.24816 55.4755
15.2351 -2.15552 55.4669
15.2811 -2.06485 55.6338
-11.9606 -5.86313 60.0291
-11.7856 -5.74225 59.9679
-11.8843 -5.79837 59.8604
-12.0443 -5.90932 59.9219
15.2811 -2.06485 55.6338
15.2351 -2.15552 55.4669
15.3769 -2.06221 55.4324
15.4146 -1.98128 55.5888
-12.0443 -5.90932 59.9219
-11.8843 -5.79837 59.8604
-11.9863 -5.8571 59.758
-12.1301 -5.95751 59.8215
15.4146 -1.98128 55.5888
15.3769 -2.06221 55.4324
15.512 -1.96873 55.4225
15.537 -1.89797 55.5744
-12.1301 -5.95751 59.8215
-11.9863 -5.8571 59.758
-12.0916 -5.91855 59.6624
-12.2064 -5.99645 59.737
15.537 -1.89797 55.5744
15.512 -1.96873 55.4225
15.6398 -1.87435 55.4344
15.6488 -1.8153 55.585
-12.2064 -5.99645 59.737
-12.0916 -5.91855 59.6624
-12.1902 -5.97264 59.5826
-12.2494 -6.00225 59.6903
15.6488 -1.8153 55.585
15.6398 -1.87435 55.4344
15.7644 -1.77635 55.463
15.7557 -1.73529 55.598
-12.2494 -6.00225 59.6903
-12.1902 -5.97264 59.5826
-12.2472 -5.98385 59.5488
-12.2937 -6.00942 59.6519
-3.64844 7.32575 122.278
-3.78362 7.27529 122.221
-3.75271 7.17491 122.126
-3.61096 7.24873 122.206
-2.51921 -7.87697 102.107
-2.58788 -7.83303 102.156
-2.49497 -7.76104 102.238
-2.43987 -7.8211 102.17
-3.61096 7.24873 122.206
-3.75271 7.17491 122.126
-3.68643 7.09712 122.031
-3.54809 7.17147 122.135
-2.43987 -7.8211 102.17
-2.49497 -7.76104 102.238
-2.3913 -7.69122 102.316
-2.34222 -7.7653 102.233
-3.54809 7.17147 122.135
-3.68643 7.09712 122.031
-3.56676 7.06278 121.926
-3.46127 7.09773 122.061
-2.34222 -7.7653 102.233
-2.3913 -7.69122 102.316
-2.27808 -7.62039 102.396
-2.23082 -7.70627 102.299
-11.5662 -7.83945 29.1497
-11.4805 -7.84775 29.415
-11.3715 -7.68914 29.3026
-11.4285 -7.74283 29.0395
4.41642 11.3242 32.0011
4.30864 11.1478 32.2083
4.28861 11.059 32.0589
4.4116 11.2638 31.8545
-11.4285 -7.74283 29.0395
-11.3715 -7.68914 29.3026
-11.2614 -7.52638 29.1612
-11.3266 -7.58965 28.8807
4.4116 11.2638 31.8545
4.28861 11.059 32.0589
4.33422 11.0998 31.9285
4.46132 11.3129 31.7195
-11.3266 -7.58965 28.8807
-11.2614 -7.52638 29.1612
-11.1277 -7.34215 29.1353
-11.2053 -7.42115 28.8433
4.46132 11.3129 31.7195
4.33422 11.0998 31.9285
4.33865 11.0716 31.8659
4.46802 11.2912 31.6574
-9.74491 11.1336 22.1212
-9.69378 11.0795 22.3603
-9.56168 10.9553 22.423
-9.60833 11.0474 22.2032
13.0501 -1.4546 25.5719
12.8978 -1.41699 25.7743
12.7043 -1.39208 25.6992
12.8635 -1.43055 25.4997
-11.2053 -7.42115 28.8433
-11.1277 -7.34215 29.1353
-11.0141 -7.1866 29.1252
-11.0959 -7.2713 28.8321
4.46802 11.2912 31.6574
4.33865 11.0716 31.8659
4.35625 10.9955 31.6756
4.47965 11.2781 31.5877
11.3018 -0.907592 76.081
11.1882 -0.944232 75.9599
11.306 -0.920423 75.7883
11.4302 -0.899042 75.9076
-10.4856 -6.01972 79.7491
-10.25 -5.83545 79.6838
-10.2827 -5.94378 79.4668
-10.542 -6.15164 79.5249
-11.227 14.6016 -0.234719
-11.3583 14.7776 -0.13556
-11.3997 14.8149 0.0354324
-11.2108 14.6878 -0.0661971
17.4436 -4.66681 4.84916
17.6736 -4.74805 4.86903
17.6334 -4.66873 4.9613
17.3785 -4.57693 4.94185
-11.0959 -7.2713 28.8321
-11.0141 -7.1866 29.1252
-10.9344 -7.08155 29.1621
-11.0226 -7.1722 28.8396
4.47965 11.2781 31.5877
4.35625 10.9955 31.6756
4.35427 10.8796 31.507
4.49926 11.2144 31.4077
-11.0226 -7.1722 28.8396
-10.9344 -7.08155 29.1621
-10.841 -6.97355 29.1758
-10.9487 -7.07335 28.8588
4.49926 11.2144 31.4077
4.35427 10.8796 31.507
4.34594 10.7522 31.3476
4.49761 11.102 31.2431
-7.64744 -15.1187 -11.9481
-7.98941 -15.2509 -11.949
-7.90736 -15.371 -12.0426
-7.57793 -15.2444 -12.066
-11.3893 14.4924 0.359461
-11.6238 14.6486 0.396716
-11.6952 14.5055 0.604997
-11.4798 14.3549 0.577155
-7.57793 -15.2444 -12.066
-7.90736 -15.371 -12.0426
-7.83855 -15.5678 -12.2163
-7.48937 -15.3859 -12.2293
-11.4798 14.3549 0.577155
-11.6952 14.5055 0.604997
-11.7526 14.3529 0.811185
-11.5581 14.2039 0.798019
-7.48937 -15.3859 -12.2293
-7.83855 -15.5678 -12.2163
-7.73991 -15.7417 -12.3866
-7.46318 -15.5993 -12.2782
-11.5581 14.2039 0.798019
-11.7526 14.3529 0.811185
-11.7136 14.3317 0.993278
-11.563 14.1621 1.00813
-10.4703 -6.74479 28.1411
-10.2091 -6.55955 28.4829
-10.1749 -6.45081 28.317
-10.3904 -6.62129 28.0793
4.42313 10.5364 30.2857
4.32181 10.2724 30.3532
4.3531 10.3026 30.1615
4.44454 10.5414 30.1024
-10.3904 -6.62129 28.0793
-10.1749 -6.45081 28.317
-10.0831 -6.33102 28.3011
-10.2909 -6.50327 28.091
4.44454 10.5414 30.1024
4.3531 10.3026 30.1615
4.39452 10.3597 29.9649
4.48543 10.5988 29.9118
-10.2909 -6.50327 28.091
-10.0831 -6.33102 28.3011
-9.9208 -6.15767 28.3681
-10.1155 -6.31991 28.1736
4.48543 10.5988 29.9118
4.39452 10.3597 29.9649
4.42013 10.3496 29.7699
4.50142 10.5741 29.7258
15.012 -2.30611 55.4446
14.9429 -2.35782 55.331
15.0649 -2.34315 55.27
15.1042 -2.24816 55.4755
-11.6897 -5.68838 60.08
-11.4963 -5.55478 60.0123
-11.6067 -5.61832 59.901
-11.7856 -5.74225 59.9679
15.1042 -2.24816 55.4755
15.0649 -2.34315 55.27
15.1907 -2.24522 55.299
15.2351 -2.15552 55.4669
-11.7856 -5.74225 59.9679
-11.6067 -5.61832 59.901
-11.7199 -5.68396 59.7928
-11.8843 -5.79837 59.8604
15.2351 -2.15552 55.4669
15.1907 -2.24522 55.299
15.3424 -2.14173 55.273
15.3769 -2.06221 55.4324
-11.8843 -5.79837 59.8604
-11.7199 -5.68396 59.7928
-11.8384 -5.75323 59.6864
-11.9863 -5.8571 59.758
15.3769 -2.06221 55.4324
15.3424 -2.14173 55.273
15.4897 -2.03944 55.2653
15.512 -1.96873 55.4225
-11.9863 -5.8571 59.758
-11.8384 -5.75323 59.6864
-11.9589 -5.82431 59.5855
-12.0916 -5.91855 59.6624
15.512 -1.96873 55.4225
15.4897 -2.03944 55.2653
15.6326 -1.93585 55.273
15.6398 -1.87435 55.4344
-12.0916 -5.91855 59.6624
-11.9589 -5.82431 59.5855
-12.0839 -5.89889 59.4906
-12.1902 -5.97264 59.5826
15.6398 -1.87435 55.4344
15.6326 -1.93585 55.273
15.7745 -1.82827 55.294
15.7644 -1.77635 55.463
-12.1902 -5.97264 59.5826
-12.0839 -5.89889 59.4906
-12.1888 -5.95185 59.4202
-12.2472 -5.98385 59.5488
-3.5556 7.35974 122.316
-3.52201 7.43114 122.387
-3.64586 7.41873 122.367
-3.64844 7.32575 122.278
-2.47089 -7.907 102.073
-2.49042 -7.96297 102.01
-2.57826 -7.94663 102.028
-2.51921 -7.87697 102.107
-3.64844 7.32575 122.278
-3.64586 7.41873 122.367
-3.79383 7.38617 122.327
-3.78362 7.27529 122.221
-2.51921 -7.87697 102.107
-2.57826 -7.94663 102.028
-2.67185 -7.91367 102.065
-2.58788 -7.83303 102.156
-3.52201 7.43114 122.387
-3.4752 7.53451 122.489
-3.62262 7.53119 122.477
-3.64586 7.41873 122.367
-2.49042 -7.96297 102.01
-2.51708 -8.045 101.917
-2.63194 -8.0327 101.931
-2.57826 -7.94663 102.028
-3.64586 7.41873 122.367
-3.62262 7.53119 122.477
-3.78777 7.51084 122.447
-3.79383 7.38617 122.327
-2.57826 -7.94663 102.028
-2.63194 -8.0327 101.931
-2.75104 -8.00581 101.961
-2.67185 -7.91367 102.065
-3.5556 7.35974 122.316
-3.49769 7.32208 122.283
-3.4138 7.41119 122.374
-3.52201 7.43114 122.387
-2.47089 -7.907 102.073
-2.40324 -7.88095 102.102
-2.39556 -7.95305 102.021
-2.49042 -7.96297 102.01
-3.52201 7.43114 122.387
-3.4138 7.41119 122.374
-3.33867 7.51838 122.482
-3.4752 7.53451 122.489
-2.49042 -7.96297 102.01
-2.39556 -7.95305 102.021
-2.40105 -8.04054 101.922
-2.51708 -8.045 101.917
-3.49769 7.32208 122.283
-3.4137 7.268 122.236
-3.30097 7.37255 122.344
-3.4138 7.41119 122.374
-2.40324 -7.88095 102.102
-2.30699 -7.84248 102.146
-2.28805 -7.92744 102.05
-2.39556 -7.95305 102.021
-3.4138 7.41119 122.374
-3.30097 7.37255 122.344
-3.20286 7.48734 122.46
-3.33867 7.51838 122.482
-2.39556 -7.95305 102.021
-2.28805 -7.92744 102.05
-2.27997 -8.02254 101.942
-2.40105 -8.04054 101.922
-3.4137 7.268 122.236
-3.31253 7.20494 122.182
-3.17828 7.32291 122.304
-3.30097 7.37255 122.344
-2.30699 -7.84248 102.146
-2.1946 -7.79591 102.198
-2.1697 -7.8914 102.09
-2.28805 -7.92744 102.05
-3.30097 7.37255 122.344
-3.17828 7.32291 122.304
-3.06231 7.44612 122.429
-3.20286 7.48734 122.46
-2.28805 -7.92744 102.05
-2.1697 -7.8914 102.09
-2.15348 -7.99406 101.975
-2.27997 -8.02254 101.942
-3.31253 7.20494 122.182
-3.19632 7.13683 122.124
-3.04372 7.26707 122.258
-3.17828 7.32291 122.304
-2.1946 -7.79591 102.198
-2.05524 -7.76771 102.23
-2.03048 -7.86682 102.118
-2.1697 -7.8914 102.09
-3.17828 7.32291 122.304
-3.04372 7.26707 122.258
-2.91293 7.39875 122.393
-3.06231 7.44612 122.429
-2.1697 -7.8914 102.09
-2.03048 -7.86682 102.118
-2.01455 -7.96863 102.003
-2.15348 -7.99406 101.975
-3.19632 7.13683 122.124
-3.05057 7.08261 122.061
-2.8949 7.2087 122.211
-3.04372 7.26707 122.258
-2.05524 -7.76771 102.23
-1.89133 -7.75668 102.243
-1.86522 -7.86301 102.122
-2.03048 -7.86682 102.118
-3.04372 7.26707 122.258
-2.8949 7.2087 122.211
-2.75171 7.34865 122.355
-2.91293 7.39875 122.393
-2.03048 -7.86682 102.118
-1.86522 -7.86301 102.122
-1.8478 -7.9703 102.001
-2.01455 -7.96863 102.003
-3.05057 7.08261 122.061
-2.86245 7.05664 121.994
-2.72949 7.1512 122.166
-2.8949 7.2087 122.211
-1.89133 -7.75668 102.243
-1.71184 -7.75085 102.249
-1.686 -7.86349 102.122
-1.86522 -7.86301 102.122
-2.8949 7.2087 122.211
-2.72949 7.1512 122.166
-2.57503 7.29913 122.318
-2.75171 7.34865 122.355
-1.86522 -7.86301 102.122
-1.686 -7.86349 102.122
-1.66828 -7.97556 101.995
-1.8478 -7.9703 102.001
-2.72949 7.1512 122.166
-2.54395 7.09817 122.127
-2.38022 7.25357 122.286
-2.57503 7.29913 122.318
-1.686 -7.86349 102.122
-1.49278 -7.87085 102.114
-1.4762 -7.98685 101.983
-1.66828 -7.97556 101.995
-2.54395 7.09817 122.127
-2.32266 7.0658 122.094
-2.1632 7.21574 122.263
-2.38022 7.25357 122.286
-1.49278 -7.87085 102.114
-1.28526 -7.88797 102.094
-1.27106 -8.00703 101.96
-1.4762 -7.98685 101.983
-2.32266 7.0658 122.094
-2.06815 7.05117 122.075
-1.92096 7.18972 122.253
-2.1632 7.21574 122.263
-1.28526 -7.88797 102.094
-1.06422 -7.91768 102.061
-1.05352 -8.03888 101.924
-1.27106 -8.00703 101.96
-11.391 -7.65438 28.6291
-11.2786 -7.4959 28.5675
-11.3498 -7.56905 28.3074
-11.4868 -7.67253 28.3859
4.57892 11.5113 31.5281
4.5908 11.4996 31.4595
4.70873 11.7001 31.2699
4.69011 11.6999 31.3486
-2.06815 7.05117 122.075
-1.86149 7.02015 121.993
-1.73103 7.12479 122.202
-1.92096 7.18972 122.253
-1.06422 -7.91768 102.061
-0.844031 -7.92082 102.057
-0.850499 -8.03883 101.924
-1.05352 -8.03888 101.924
-11.2786 -7.4959 28.5675
-11.1739 -7.35187 28.5509
-11.2494 -7.42992 28.2792
-11.3498 -7.56905 28.3074
4.5908 11.4996 31.4595
4.6033 11.489 31.3899
4.72277 11.6928 31.1989
4.70873 11.7001 31.2699
-11.3498 -7.56905 28.3074
-11.2494 -7.42992 28.2792
-11.3233 -7.50647 28.0148
-11.4467 -7.60086 28.0668
4.70873 11.7001 31.2699
4.72277 11.6928 31.1989
4.83889 11.8911 31.0136
4.82306 11.8949 31.0867
-11.1739 -7.35187 28.5509
-11.1024 -7.25512 28.5576
-11.1799 -7.33567 28.2834
-11.2494 -7.42992 28.2792
4.6033 11.489 31.3899
4.61998 11.4854 31.3136
4.74014 11.691 31.1224
4.72277 11.6928 31.1989
-11.2494 -7.42992 28.2792
-11.1799 -7.33567 28.2834
-11.2637 -7.4204 28.0189
-11.3233 -7.50647 28.0148
4.72277 11.6928 31.1989
4.74014 11.691 31.1224
4.85083 11.8771 30.9302
4.83889 11.8911 31.0136
-11.1024 -7.25512 28.5576
-11.0334 -7.1611 28.5561
-11.1122 -7.24341 28.2808
-11.1799 -7.33567 28.2834
4.61998 11.4854 31.3136
4.63672 11.4257 31.1518
4.75312 11.6779 31.0345
4.74014 11.691 31.1224
-11.1799 -7.33567 28.2834
-11.1122 -7.24341 28.2808
-11.2096 -7.33877 28.0188
-11.2637 -7.4204 28.0189
4.74014 11.691 31.1224
4.75312 11.6779 31.0345
4.82811 11.7846 30.8096
4.85083 11.8771 30.9302
-11.0334 -7.1611 28.5561
-10.9651 -7.06823 28.5563
-11.0569 -7.16081 28.2759
-11.1122 -7.24341 28.2808
4.63672 11.4257 31.1518
4.61712 11.2945 30.9976
4.73133 11.5861 30.9093
4.75312 11.6779 31.0345
-11.1122 -7.24341 28.2808
-11.0569 -7.16081 28.2759
-11.1575 -7.25918 28.0135
-11.2096 -7.33877 28.0188
4.75312 11.6779 31.0345
4.73133 11.5861 30.9093
4.80693 11.6943 30.6847
4.82811 11.7846 30.8096
-7.28607 -14.9823 -11.9473
-7.24552 -15.1314 -12.0947
-6.89825 -15.0164 -12.1274
-6.97683 -14.8686 -11.9623
-11.211 14.3018 0.397985
-11.3106 14.1797 0.607943
-11.136 13.9948 0.643858
-11.0505 14.1423 0.420301
-10.9651 -7.06823 28.5563
-10.8797 -6.97047 28.563
-11.0062 -7.08233 28.2662
-11.0569 -7.16081 28.2759
4.61712 11.2945 30.9976
4.57907 11.1462 30.8593
4.70751 11.4779 30.7639
4.73133 11.5861 30.9093
-6.97683 -14.8686 -11.9623
-6.89825 -15.0164 -12.1274
-6.69398 -14.9899 -12.0247
-6.68391 -14.7625 -11.9816
-11.0505 14.1423 0.420301
-11.136 13.9948 0.643858
-10.9809 13.8453 0.660777
-10.8967 13.9919 0.439286
-11.0569 -7.16081 28.2759
-11.0062 -7.08233 28.2662
-11.1076 -7.18176 28.0031
-11.1575 -7.25918 28.0135
4.73133 11.5861 30.9093
4.70751 11.4779 30.7639
4.78729 11.6064 30.5558
4.80693 11.6943 30.6847
-7.24552 -15.1314 -12.0947
-7.19708 -15.2963 -12.2248
-6.98604 -15.2908 -12.095
-6.89825 -15.0164 -12.1274
-11.3106 14.1797 0.607943
-11.3965 14.0401 0.823816
-11.2295 13.8681 0.853294
-11.136 13.9948 0.643858
-11.0062 -7.08233 28.2662
-10.9518 -7.0298 28.2069
-11.0597 -7.10642 27.9877
-11.1076 -7.18176 28.0031
4.70751 11.4779 30.7639
4.6736 11.3407 30.6238
4.76914 11.5208 30.4229
4.78729 11.6064 30.5558
-10.7067 -6.9174 27.8444
-10.5835 -6.77999 27.8809
-10.6911 -6.84367 27.7321
-10.8236 -6.99053 27.6884
4.53114 10.8188 30.2171
4.54655 10.8087 30.0397
4.64959 11.0787 29.9762
4.63646 11.094 30.1497
-10.8236 -6.99053 27.6884
-10.6911 -6.84367 27.7321
-10.7894 -6.89851 27.5908
-10.9238 -7.04563 27.5426
4.63646 11.094 30.1497
4.64959 11.0787 29.9762
4.72872 11.2336 29.8243
4.72452 11.2847 30.0157
-10.5835 -6.77999 27.8809
-10.4704 -6.64739 27.9022
-10.5623 -6.6991 27.771
-10.6911 -6.84367 27.7321
4.54655 10.8087 30.0397
4.57336 10.8295 29.8587
4.66607 11.0723 29.8012
4.64959 11.0787 29.9762
-10.6911 -6.84367 27.7321
-10.5623 -6.6991 27.771
-10.6497 -6.74732 27.6444
-10.7894 -6.89851 27.5908
4.64959 11.0787 29.9762
4.66607 11.0723 29.8012
4.72494 11.1838 29.6758
4.72872 11.2336 29.8243
-10.4704 -6.64739 27.9022
-10.2968 -6.47025 27.9908
-10.3955 -6.5287 27.8554
-10.5623 -6.6991 27.771
4.57336 10.8295 29.8587
4.57874 10.7859 29.6805
4.65412 10.9886 29.6341
4.66607 11.0723 29.8012
-10.5623 -6.6991 27.771
-10.3955 -6.5287 27.8554
-10.5275 -6.64406 27.6673
-10.6497 -6.74732 27.6444
4.66607 11.0723 29.8012
4.65412 10.9886 29.6341
4.70605 11.1262 29.6022
4.72494 11.1838 29.6758
14.9177 -2.15154 55.8279
15.0391 -2.18214 55.7464
15.0959 -2.0789 55.9504
15.0134 -2.11728 55.9596
-11.9361 -5.88201 60.4422
-11.9984 -5.91251 60.317
-12.1899 -6.04319 60.3652
-12.1388 -6.02024 60.4926
14.9638 -2.24291 55.6461
15.0694 -2.22762 55.5799
15.1161 -2.12299 55.8016
15.0391 -2.18214 55.7464
-11.8004 -5.77684 60.2603
-11.8791 -5.81884 60.142
-12.064 -5.94572 60.1971
-11.9984 -5.91251 60.317
15.0391 -2.18214 55.7464
15.1161 -2.12299 55.8016
15.1647 -2.01397 56.0328
15.0959 -2.0789 55.9504
-11.9984 -5.91251 60.317
-12.064 -5.94572 60.1971
-12.2439 -6.06852 60.2431
-12.1899 -6.04319 60.3652
15.0694 -2.22762 55.5799
15.1546 -2.1501 55.6586
15.2126 -2.04846 55.8319
15.1161 -2.12299 55.8016
-11.8791 -5.81884 60.142
-11.9606 -5.86313 60.0291
-12.1318 -5.98082 60.0828
-12.064 -5.94572 60.1971
15.1161 -2.12299 55.8016
15.2126 -2.04846 55.8319
15.2735 -1.94219 56.0124
15.1647 -2.01397 56.0328
-12.064 -5.94572 60.1971
-12.1318 -5.98082 60.0828
-12.2683 -6.06484 60.1478
-12.2439 -6.06852 60.2431
15.1546 -2.1501 55.6586
15.2811 -2.06485 55.6338
15.3328 -1.97163 55.7958
15.2126 -2.04846 55.8319
-11.9606 -5.86313 60.0291
-12.0443 -5.90932 59.9219
-12.2008 -6.01728 59.9749
-12.1318 -5.98082 60.0828
15.2126 -2.04846 55.8319
15.3328 -1.97163 55.7958
15.3911 -1.87347 55.9581
15.2735 -1.94219 56.0124
-12.1318 -5.98082 60.0828
-12.2008 -6.01728 59.9749
-12.2919 -6.0606 60.0631
-12.2683 -6.06484 60.1478
15.2811 -2.06485 55.6338
15.4146 -1.98128 55.5888
15.457 -1.89745 55.7434
15.3328 -1.97163 55.7958
-12.0443 -5.90932 59.9219
-12.1301 -5.95751 59.8215
-12.2403 -6.02538 59.8941
-12.2008 -6.01728 59.9749
15.3328 -1.97163 55.7958
15.457 -1.89745 55.7434
15.5063 -1.81068 55.8916
15.3911 -1.87347 55.9581
-12.2008 -6.01728 59.9749
-12.2403 -6.02538 59.8941
-12.313 -6.05602 59.9811
-12.2919 -6.0606 60.0631
15.4146 -1.98128 55.5888
15.537 -1.89797 55.5744
15.5668 -1.82562 55.7212
15.457 -1.89745 55.7434
-12.1301 -5.95751 59.8215
-12.2064 -5.99645 59.737
-12.2718 -6.02616 59.8324
-12.2403 -6.02538 59.8941
15.457 -1.89745 55.7434
15.5668 -1.82562 55.7212
15.6064 -1.75643 55.8391
15.5063 -1.81068 55.8916
-12.2403 -6.02538 59.8941
-12.2718 -6.02616 59.8324
-12.3297 -6.05046 59.9009
-12.313 -6.05602 59.9811
15.537 -1.89797 55.5744
15.6488 -1.8153 55.585
15.6628 -1.76199 55.7093
15.5668 -1.82562 55.7212
-12.2064 -5.99645 59.737
-12.2494 -6.00225 59.6903
-12.3007 -6.02694 59.7762
-12.2718 -6.02616 59.8324
15.5668 -1.82562 55.7212
15.6628 -1.76199 55.7093
15.6878 -1.71195 55.8019
15.6064 -1.75643 55.8391
-12.2718 -6.02616 59.8324
-12.3007 -6.02694 59.7762
-12.3442 -6.04589 59.8333
-12.3297 -6.05046 59.9009
15.6488 -1.8153 55.585
15.7557 -1.73529 55.598
15.749 -1.70342 55.7028
15.6628 -1.76199 55.7093
-12.2494 -6.00225 59.6903
-12.2937 -6.00942 59.6519
-12.3299 -6.02932 59.7322
-12.3007 -6.02694 59.7762
15.6628 -1.76199 55.7093
15.749 -1.70342 55.7028
15.7444 -1.68182 55.7737
15.6878 -1.71195 55.8019
-12.3007 -6.02694 59.7762
-12.3299 -6.02932 59.7322
-12.3544 -6.0428 59.7866
-12.3442 -6.04589 59.8333
6.49531 15.8448 44.6845
6.43944 15.7073 44.6324
6.45718 15.8006 44.494
6.47699 15.9411 44.5778
4.15545 -17.4742 48.5402
4.14726 -17.3153 48.47
4.16693 -17.5375 48.3636
4.1716 -17.6639 48.4653
1.55714 -18.1037 85.0154
1.53531 -17.99 84.9403
1.92479 -18.1031 84.7264
1.95507 -18.2023 84.8305
-10.1116 12.2766 87.3151
-10.0512 12.1422 87.3356
-10.0434 12.1898 87.1603
-10.1031 12.3424 87.1687
6.4334 15.6448 44.758
6.39599 15.4854 44.7048
6.433 15.5387 44.5678
6.43944 15.7073 44.6324
4.12608 -17.0595 48.556
4.11624 -16.8822 48.4951
4.13736 -17.1278 48.3929
4.14726 -17.3153 48.47
-15.4341 -8.89935 77.8589
-15.3585 -8.87061 77.7624
-15.3416 -8.9444 77.5679
-15.4283 -8.96615 77.6882
7.88708 14.7526 80.7551
7.82134 14.6179 80.7668
7.85657 14.6316 80.5448
7.93124 14.7877 80.5432
6.43944 15.7073 44.6324
6.433 15.5387 44.5678
6.48192 15.6156 44.3872
6.45718 15.8006 44.494
4.14726 -17.3153 48.47
4.13736 -17.1278 48.3929
4.16083 -17.3726 48.2311
4.16693 -17.5375 48.3636
-15.4283 -8.96615 77.6882
-15.3416 -8.9444 77.5679
-15.3437 -9.25638 77.4354
-15.4306 -9.04931 77.4965
7.93124 14.7877 80.5432
7.85657 14.6316 80.5448
7.90566 14.6548 80.2509
7.99028 14.8443 80.2952
1.53531 -17.99 84.9403
1.51265 -17.8525 84.8602
1.80659 -17.9548 84.6276
1.92479 -18.1031 84.7264
-10.0512 12.1422 87.3356
-9.95361 12.0024 87.3799
-9.91712 12.0191 87.1849
-10.0434 12.1898 87.1603
6.39599 15.4854 44.7048
6.40909 15.3405 44.645
6.45144 15.3921 44.4876
6.433 15.5387 44.5678
4.11624 -16.8822 48.4951
4.10611 -16.7524 48.4464
4.12904 -16.9578 48.307
4.13736 -17.1278 48.3929
-15.3585 -8.87061 77.7624
-15.2786 -8.85025 77.6491
-15.2707 -8.97055 77.4968
-15.3416 -8.9444 77.5679
7.82134 14.6179 80.7668
7.75646 14.4782 80.7531
7.79076 14.484 80.5093
7.85657 14.6316 80.5448
6.433 15.5387 44.5678
6.45144 15.3921 44.4876
6.50173 15.4675 44.3017
6.48192 15.6156 44.3872
4.13736 -17.1278 48.3929
4.12904 -16.9578 48.307
4.15595 -17.2406 48.1251
4.16083 -17.3726 48.2311
-15.3416 -8.9444 77.5679
-15.2707 -8.97055 77.4968
-15.2754 -9.43197 77.3932
-15.3437 -9.25638 77.4354
7.85657 14.6316 80.5448
7.79076 14.484 80.5093
7.83792 14.5031 80.2153
7.90566 14.6548 80.2509
1.51265 -17.8525 84.8602
1.48894 -17.7326 84.7653
1.71197 -17.836 84.5486
1.80659 -17.9548 84.6276
-9.95361 12.0024 87.3799
-9.85491 11.8694 87.3992
-9.81584 11.8826 87.2048
-9.91712 12.0191 87.1849
6.40909 15.3405 44.645
6.42423 15.1993 44.5777
6.47245 15.2593 44.3986
6.45144 15.3921 44.4876
4.10611 -16.7524 48.4464
4.09609 -16.6262 48.3972
4.12267 -16.813 48.2159
4.12904 -16.9578 48.307
18.267 -1.078 74.9163
18.2234 -1.14697 74.8046
18.3925 -1.14446 74.6639
18.4447 -1.13012 74.7909
-15.2786 -8.85025 77.6491
-15.2117 -8.86574 77.5933
-15.203 -9.00072 77.4224
-15.2707 -8.97055 77.4968
6.45144 15.3921 44.4876
6.47245 15.2593 44.3986
6.52101 15.3234 44.2185
6.50173 15.4675 44.3017
4.12904 -16.9578 48.307
4.12267 -16.813 48.2159
4.1512 -17.1121 48.0218
4.15595 -17.2406 48.1251
-15.2707 -8.97055 77.4968
-15.203 -9.00072 77.4224
-15.2088 -9.60294 77.3522
-15.2754 -9.43197 77.3932
7.79076 14.484 80.5093
7.73201 14.3304 80.3974
7.76089 14.3616 80.1916
7.83792 14.5031 80.2153
1.48894 -17.7326 84.7653
1.46563 -17.6244 84.6676
1.61985 -17.7203 84.4716
1.71197 -17.836 84.5486
-9.85491 11.8694 87.3992
-9.75897 11.7447 87.4038
-9.71723 11.7497 87.2241
-9.81584 11.8826 87.2048
6.42423 15.1993 44.5777
6.44311 15.0659 44.4968
6.49217 15.1198 44.3141
6.47245 15.2593 44.3986
4.09609 -16.6262 48.3972
4.08427 -16.5055 48.3439
4.12545 -16.684 48.1156
4.12267 -16.813 48.2159
6.47245 15.2593 44.3986
6.49217 15.1198 44.3141
6.54043 15.1781 44.1347
6.52101 15.3234 44.2185
4.12267 -16.813 48.2159
4.12545 -16.684 48.1156
4.1587 -16.9874 47.9152
4.1512 -17.1121 48.0218
-15.203 -9.00072 77.4224
-15.1341 -9.06951 77.372
-15.1417 -9.77507 77.3108
-15.2088 -9.60294 77.3522
7.73201 14.3304 80.3974
7.62538 14.2112 80.4008
7.64985 14.2377 80.2005
7.76089 14.3616 80.1916
1.46563 -17.6244 84.6676
1.44286 -17.4995 84.581
1.52701 -17.6038 84.3941
1.61985 -17.7203 84.4716
-9.75897 11.7447 87.4038
-9.66167 11.6157 87.4163
-9.6179 11.6158 87.2436
-9.71723 11.7497 87.2241
-8.24998 10.1734 4.60339
-8.37262 10.2452 4.67468
-8.37405 10.1985 4.86127
-8.23609 10.1269 4.80634
11.9076 -2.75058 7.37085
12.0358 -2.76648 7.49573
11.8544 -2.66652 7.74037
11.7195 -2.64924 7.61181
15.7064 -1.03634 37.0972
15.5499 -1.08175 37.1017
15.5464 -1.12021 36.9287
15.7093 -1.07295 36.924
-12.7439 -8.2845 40.7567
-12.6156 -8.18947 40.7679
-12.5713 -8.13904 40.6227
-12.7041 -8.2365 40.6031
6.44311 15.0659 44.4968
6.44362 14.9271 44.4226
6.45769 14.9806 44.2483
6.49217 15.1198 44.3141
4.08427 -16.5055 48.3439
4.0464 -16.3569 48.3419
4.0933 -16.5716 48.0701
4.12545 -16.684 48.1156
-15.1449 -8.88737 77.53
-15.0747 -8.90152 77.4741
-15.0633 -9.17149 77.3356
-15.1341 -9.06951 77.372
7.60417 14.1883 80.6023
7.49735 14.0691 80.6079
7.51398 14.0868 80.4075
7.62538 14.2112 80.4008
-8.23609 10.1269 4.80634
-8.37405 10.1985 4.86127
-8.37041 10.1501 5.0447
-8.21863 10.0781 5.0054
11.7195 -2.64924 7.61181
11.8544 -2.66652 7.74037
11.6645 -2.55734 8.02447
11.5057 -2.52229 7.9628
15.7093 -1.07295 36.924
15.5464 -1.12021 36.9287
15.5482 -1.1566 36.758
15.7171 -1.10787 36.7518
-12.7041 -8.2365 40.6031
-12.5713 -8.13904 40.6227
-12.5314 -8.09132 40.4726
-12.6685 -8.19096 40.4447
-15.1341 -9.06951 77.372
-15.0633 -9.17149 77.3356
-15.0717 -9.95487 77.2676
-15.1417 -9.77507 77.3108
7.62538 14.2112 80.4008
7.51398 14.0868 80.4075
7.53401 14.1084 80.2098
7.64985 14.2377 80.2005
1.44286 -17.4995 84.581
1.41486 -17.3609 84.5006
1.43021 -17.4823 84.3132
1.52701 -17.6038 84.3941
-9.66167 11.6157 87.4163
-9.55945 11.4859 87.4451
-9.51319 11.479 87.2717
-9.6179 11.6158 87.2436
-8.37262 10.2452 4.67468
-8.525 10.3146 4.70041
-8.53193 10.2699 4.88985
-8.37405 10.1985 4.86127
12.0358 -2.76648 7.49573
12.1389 -2.76949 7.61073
11.9757 -2.6761 7.86057
11.8544 -2.66652 7.74037
-15.0747 -8.90152 77.4741
-15.0013 -8.90907 77.4245
-14.9898 -9.26466 77.299
-15.0633 -9.17149 77.3356
7.49735 14.0691 80.6079
7.38598 13.9448 80.6139
7.39797 13.9573 80.4153
7.51398 14.0868 80.4075
-8.37405 10.1985 4.86127
-8.53193 10.2699 4.88985
-8.53454 10.224 5.07573
-8.37041 10.1501 5.0447
11.8544 -2.66652 7.74037
11.9757 -2.6761 7.86057
11.8309 -2.5916 8.08971
11.6645 -2.55734 8.02447
-7.8982 9.27078 17.2952
-7.79968 9.19952 17.4144
-7.53241 9.05938 17.215
-7.65795 9.11877 17.0959
13.6178 -1.98172 19.606
13.4571 -1.96889 19.6709
13.3731 -1.97188 19.5321
13.541 -1.98516 19.4665
-15.0633 -9.17149 77.3356
-14.9898 -9.26466 77.299
-14.9985 -10.1426 77.2225
-15.0717 -9.95487 77.2676
7.51398 14.0868 80.4075
7.39797 13.9573 80.4153
7.41286 13.9732 80.2196
7.53401 14.1084 80.2098
1.41486 -17.3609 84.5006
1.35666 -17.2189 84.4177
1.35342 -17.3398 84.2306
1.43021 -17.4823 84.3132
-9.55945 11.4859 87.4451
-9.45082 11.3578 87.4958
-9.40033 11.3455 87.3265
-9.51319 11.479 87.2717
-8.525 10.3146 4.70041
-8.68306 10.3869 4.72535
-8.69507 10.3439 4.91823
-8.53193 10.2699 4.88985
12.1389 -2.76949 7.61073
12.2424 -2.77137 7.71623
12.1243 -2.69452 7.93977
11.9757 -2.6761 7.86057
-15.0013 -8.90907 77.4245
-14.9251 -8.90975 77.3818
-14.914 -9.35278 77.2619
-14.9898 -9.26466 77.299
7.38598 13.9448 80.6139
7.27056 13.8159 80.6195
7.2781 13.8235 80.4235
7.39797 13.9573 80.4153
-8.53193 10.2699 4.88985
-8.69507 10.3439 4.91823
-8.70269 10.2996 5.10756
-8.53454 10.224 5.07573
11.9757 -2.6761 7.86057
12.1243 -2.69452 7.93977
12.0013 -2.61691 8.1613
11.8309 -2.5916 8.08971
-14.9898 -9.26466 77.299
-14.914 -9.35278 77.2619
-14.9235 -10.3351 77.1763
-14.9985 -10.1426 77.2225
7.39797 13.9573 80.4153
7.2781 13.8235 80.4235
7.28874 13.8346 80.2295
7.41286 13.9732 80.2196
-14.9251 -8.90975 77.3818
-14.8465 -8.9032 77.3467
-14.8367 -9.45076 77.2234
-14.914 -9.35278 77.2619
7.27056 13.8159 80.6195
7.15118 13.6827 80.6241
7.15445 13.6855 80.4319
7.2781 13.8235 80.4235
-14.914 -9.35278 77.2619
-14.8367 -9.45076 77.2234
-14.8467 -10.5325 77.1289
-14.9235 -10.3351 77.1763
7.2781 13.8235 80.4235
7.15445 13.6855 80.4319
7.16165 13.6928 80.2397
7.28874 13.8346 80.2295
-15.1977 -7.5108 59.2661
-15.1803 -7.33886 59.177
-15.2804 -7.34906 58.9787
-15.3774 -7.47608 59.093
8.22851 12.9358 62.9714
8.14091 12.7743 62.9952
8.1738 12.7635 62.6745
8.26513 12.9307 62.6446
-14.8465 -8.9032 77.3467
-14.7657 -8.88851 77.3204
-14.7551 -9.44936 77.1922
-14.8367 -9.45076 77.2234
7.15118 13.6827 80.6241
7.02769 13.5448 80.6283
7.0264 13.5426 80.4405
7.15445 13.6855 80.4319
18.7572 -1.53266 57.0466
18.7055 -1.54046 56.9219
18.8115 -1.53054 56.9841
18.9455 -1.55337 57.1384
-15.3774 -7.47608 59.093
-15.2804 -7.34906 58.9787
-15.4549 -7.31575 58.8063
-15.5601 -7.44523 58.9235
-14.8367 -9.45076 77.2234
-14.7551 -9.44936 77.1922
-14.7599 -10.4038 77.1073
-14.8467 -10.5325 77.1289
7.15445 13.6855 80.4319
7.0264 13.5426 80.4405
7.02897 13.5447 80.2503
7.16165 13.6928 80.2397
18.5017 -1.53194 56.7831
18.4235 -1.52573 56.6685
18.6204 -1.52468 56.8212
18.7055 -1.54046 56.9219
-15.1803 -7.33886 59.177
-15.1538 -7.12904 59.157
-15.2206 -7.11658 59.0179
-15.2804 -7.34906 58.9787
-15.1803 -7.33886 59.177
-15.1538 -7.12904 59.157
-15.2206 -7.11658 59.0179
-15.2804 -7.34906 58.9787
8.14091 12.7743 62.9952
8.05076 12.6077 63.0175
8.07956 12.591 62.7052
8.1738 12.7635 62.6745
-14.7657 -8.88851 77.3204
-14.6833 -8.86463 77.3045
-14.6672 -9.26807 77.175
-14.7551 -9.44936 77.1922
7.02769 13.5448 80.6283
6.90011 13.4024 80.6327
6.89413 13.395 80.4497
7.0264 13.5426 80.4405
18.7055 -1.54046 56.9219
18.6204 -1.52468 56.8212
18.6732 -1.50697 56.8247
18.8115 -1.53054 56.9841
-15.2804 -7.34906 58.9787
-15.2206 -7.11658 59.0179
-15.3719 -7.15704 58.717
-15.4549 -7.31575 58.8063
-15.2804 -7.34906 58.9787
-15.2206 -7.11658 59.0179
-15.3719 -7.15704 58.717
-15.4549 -7.31575 58.8063
8.1738 12.7635 62.6745
8.07956 12.591 62.7052
8.11187 12.579 62.3842
8.20956 12.7576 62.3513
-14.7551 -9.44936 77.1922
-14.6672 -9.26807 77.175
-14.6687 -10.1893 77.0919
-14.7599 -10.4038 77.1073
7.0264 13.5426 80.4405
6.89413 13.395 80.4497
6.89198 13.3918 80.2613
7.02897 13.5447 80.2503
18.4235 -1.52573 56.6685
18.3205 -1.50996 56.5537
18.5103 -1.50747 56.6977
18.6204 -1.52468 56.8212
-15.1538 -7.12904 59.157
-14.896 -6.80667 59.5641
-15.0926 -6.86031 59.1694
-15.2206 -7.11658 59.0179
-15.1538 -7.12904 59.157
-14.896 -6.80667 59.5641
-15.0926 -6.86031 59.1694
-15.2206 -7.11658 59.0179
8.05076 12.6077 63.0175
7.95987 12.432 63.0281
7.98224 12.413 62.7378
8.07956 12.591 62.7052
-14.6833 -8.86463 77.3045
-14.5999 -8.83002 77.3013
-14.5766 -9.11948 77.1538
-14.6672 -9.26807 77.175
6.90011 13.4024 80.6327
6.76852 13.2555 80.6385
6.75765 13.2426 80.4603
6.89413 13.395 80.4497
18.6204 -1.52468 56.8212
18.5103 -1.50747 56.6977
18.5306 -1.48266 56.6604
18.6732 -1.50697 56.8247
-15.2206 -7.11658 59.0179
-15.0926 -6.86031 59.1694
-15.3357 -6.94523 58.6864
-15.3719 -7.15704 58.717
-15.2206 -7.11658 59.0179
-15.0926 -6.86031 59.1694
-15.3357 -6.94523 58.6864
-15.3719 -7.15704 58.717
8.07956 12.591 62.7052
7.98224 12.413 62.7378
8.01113 12.3949 62.4182
8.11187 12.579 62.3842
-14.6672 -9.26807 77.175
-14.5766 -9.11948 77.1538
-14.5746 -9.96797 77.0759
-14.6687 -10.1893 77.0919
6.89413 13.395 80.4497
6.75765 13.2426 80.4603
6.75072 13.2341 80.2727
6.89198 13.3918 80.2613
18.3205 -1.50996 56.5537
18.1974 -1.49377 56.4221
18.3602 -1.48753 56.5368
18.5103 -1.50747 56.6977
-14.896 -6.80667 59.5641
-14.9581 -6.72117 59.2364
-15.0613 -6.72183 59.0012
-15.0926 -6.86031 59.1694
-14.896 -6.80667 59.5641
-14.9581 -6.72117 59.2364
-15.0613 -6.72183 59.0012
-15.0926 -6.86031 59.1694
7.95987 12.432 63.0281
7.88498 12.2138 62.9301
7.88572 12.221 62.7481
7.98224 12.413 62.7378
-14.5999 -8.83002 77.3013
-14.5163 -8.78257 77.3138
-14.4823 -8.96526 77.1317
-14.5766 -9.11948 77.1538
6.76852 13.2555 80.6385
6.62958 13.1048 80.6484
6.61664 13.0853 80.4738
6.75765 13.2426 80.4603
18.5103 -1.50747 56.6977
18.3602 -1.48753 56.5368
18.3842 -1.45771 56.4917
18.5306 -1.48266 56.6604
-15.0926 -6.86031 59.1694
-15.0613 -6.72183 59.0012
-15.2182 -6.75648 58.6706
-15.3357 -6.94523 58.6864
-15.0926 -6.86031 59.1694
-15.0613 -6.72183 59.0012
-15.2182 -6.75648 58.6706
-15.3357 -6.94523 58.6864
7.98224 12.413 62.7378
7.88572 12.221 62.7481
7.90773 12.2058 62.453
8.01113 12.3949 62.4182
-14.5766 -9.11948 77.1538
-14.4823 -8.96526 77.1317
-14.478 -9.74078 77.0596
-14.5746 -9.96797 77.0759
6.75765 13.2426 80.4603
6.61664 13.0853 80.4738
6.60572 13.0723 80.2843
6.75072 13.2341 80.2727
18.1974 -1.49377 56.4221
18.05 -1.47729 56.2708
18.202 -1.46882 56.3722
18.3602 -1.48753 56.5368
-14.9581 -6.72117 59.2364
-14.9061 -6.68961 59.1948
-14.9939 -6.68892 58.9885
-15.0613 -6.72183 59.0012
-14.5163 -8.78257 77.3138
-14.4336 -8.71915 77.3465
-14.3902 -8.86401 77.1444
-14.4823 -8.96526 77.1317
6.62958 13.1048 80.6484
6.45869 12.9557 80.6788
6.46282 12.922 80.4959
6.61664 13.0853 80.4738
18.3602 -1.48753 56.5368
18.202 -1.46882 56.3722
18.2244 -1.43048 56.3077
18.3842 -1.45771 56.4917
-15.0613 -6.72183 59.0012
-14.9939 -6.68892 58.9885
-15.0028 -6.67721 58.645
-15.2182 -6.75648 58.6706
-14.4823 -8.96526 77.1317
-14.3902 -8.86401 77.1444
-14.3726 -9.49287 77.0417
-14.478 -9.74078 77.0596
6.61664 13.0853 80.4738
6.46282 12.922 80.4959
6.44747 12.8957 80.297
6.60572 13.0723 80.2843
18.05 -1.47729 56.2708
17.8741 -1.46088 56.0972
18.0367 -1.4535 56.2094
18.202 -1.46882 56.3722
-14.9061 -6.68961 59.1948
-14.7727 -6.65952 59.3492
-14.8194 -6.65224 59.1182
-14.9939 -6.68892 58.9885
18.202 -1.46882 56.3722
18.0367 -1.4535 56.2094
18.044 -1.39972 56.0998
18.2244 -1.43048 56.3077
-14.9939 -6.68892 58.9885
-14.8194 -6.65224 59.1182
-14.7355 -6.62262 58.6137
-15.0028 -6.67721 58.645
-14.3902 -8.86401 77.1444
-14.304 -8.77543 77.206
-14.2536 -9.21308 77.0215
-14.3726 -9.49287 77.0417
6.46282 12.922 80.4959
6.28165 12.7784 80.5987
6.26489 12.7005 80.3155
6.44747 12.8957 80.297
17.8741 -1.46088 56.0972
17.7204 -1.44451 55.9413
17.876 -1.43263 56.0382
18.0367 -1.4535 56.2094
-14.7727 -6.65952 59.3492
-14.6502 -6.63001 59.4812
-14.5931 -6.60592 59.087
-14.8194 -6.65224 59.1182
18.0367 -1.4535 56.2094
17.876 -1.43263 56.0382
17.8665 -1.36948 55.8954
18.044 -1.39972 56.0998
-14.8194 -6.65224 59.1182
-14.5931 -6.60592 59.087
-14.4725 -6.56893 58.5829
-14.7355 -6.62262 58.6137
-14.304 -8.77543 77.206
-14.2056 -8.73006 77.2078
-14.1366 -8.93784 77.0017
-14.2536 -9.21308 77.0215
6.28165 12.7784 80.5987
6.15361 12.6284 80.6839
6.09742 12.5285 80.3814
6.26489 12.7005 80.3155
5.10673 12.6106 27.1156
5.10519 12.4486 27.1532
5.06547 12.4352 26.8633
5.06287 12.5961 26.7954
3.54821 -13.361 30.6825
3.47739 -13.1814 30.7095
3.41074 -13.1084 30.4479
3.47723 -13.283 30.4045
17.7204 -1.44451 55.9413
17.6159 -1.42846 55.8246
17.7377 -1.41441 55.8904
17.876 -1.43263 56.0382
-14.6502 -6.63001 59.4812
-14.476 -6.59195 59.4676
-14.3957 -6.56486 59.0348
-14.5931 -6.60592 59.087
5.06287 12.5961 26.7954
5.06547 12.4352 26.8633
5.02396 12.4154 26.5621
5.01695 12.5573 26.4673
3.47723 -13.283 30.4045
3.41074 -13.1084 30.4479
3.33964 -13.0268 30.1798
3.39232 -13.1749 30.1163
17.876 -1.43263 56.0382
17.7377 -1.41441 55.8904
17.7523 -1.35001 55.7638
17.8665 -1.36948 55.8954
-14.5931 -6.60592 59.087
-14.3957 -6.56486 59.0348
-14.3032 -6.53436 58.5631
-14.4725 -6.56893 58.5829
-14.2056 -8.73006 77.2078
-14.1172 -8.695 77.2024
-14.0995 -8.75747 76.9629
-14.1366 -8.93784 77.0017
6.15361 12.6284 80.6839
6.09861 12.4555 80.694
6.06071 12.3893 80.4714
6.09742 12.5285 80.3814
5.10519 12.4486 27.1532
5.10502 12.2913 27.1995
5.06919 12.2801 26.9378
5.06547 12.4352 26.8633
3.47739 -13.1814 30.7095
3.41151 -13.0105 30.7462
3.3488 -12.9424 30.4984
3.41074 -13.1084 30.4479
17.6159 -1.42846 55.8246
17.4968 -1.41336 55.6986
17.6055 -1.39907 55.7534
17.7377 -1.41441 55.8904
-14.476 -6.59195 59.4676
-14.2852 -6.55251 59.4266
-14.2076 -6.52596 58.9931
-14.3957 -6.56486 59.0348
-14.1673 -8.56148 77.3942
-14.1252 -8.43952 77.3423
-14.1102 -8.50277 77.123
-14.1172 -8.695 77.2024
6.1343 12.5105 80.8994
6.08349 12.3461 80.932
6.04411 12.285 80.6801
6.09861 12.4555 80.694
5.06547 12.4352 26.8633
5.06919 12.2801 26.9378
5.03137 12.2655 26.6622
5.02396 12.4154 26.5621
3.41074 -13.1084 30.4479
3.3488 -12.9424 30.4984
3.28394 -12.8702 30.247
3.33964 -13.0268 30.1798
17.7377 -1.41441 55.8904
17.6055 -1.39907 55.7534
17.6315 -1.32943 55.6247
17.7523 -1.35001 55.7638
-14.3957 -6.56486 59.0348
-14.2076 -6.52596 58.9931
-14.1243 -6.49781 58.5422
-14.3032 -6.53436 58.5631
-14.1172 -8.695 77.2024
-14.1102 -8.50277 77.123
-14.095 -8.56397 76.8983
-14.0995 -8.75747 76.9629
6.09861 12.4555 80.694
6.04411 12.285 80.6801
6.0219 12.2421 80.5665
6.06071 12.3893 80.4714
5.10502 12.2913 27.1995
5.10597 12.1366 27.2534
5.07355 12.1274 27.0162
5.06919 12.2801 26.9378
3.41151 -13.0105 30.7462
3.34872 -12.845 30.7891
3.28907 -12.7803 30.5529
3.3488 -12.9424 30.4984
17.4968 -1.41336 55.6986
17.3664 -1.39897 55.5651
17.4759 -1.38593 55.6234
17.6055 -1.39907 55.7534
-14.2852 -6.55251 59.4266
-14.0995 -6.51405 59.3835
-14.0236 -6.48799 58.9559
-14.2076 -6.52596 58.9931
-14.1252 -8.43952 77.3423
-14.1191 -8.24983 77.2548
-14.1049 -8.31041 77.046
-14.1102 -8.50277 77.123
6.08349 12.3461 80.932
6.03103 12.1809 80.9335
6.00489 12.1359 80.7777
6.04411 12.285 80.6801
5.06919 12.2801 26.9378
5.07355 12.1274 27.0162
5.03883 12.1144 26.7632
5.03137 12.2655 26.6622
3.3488 -12.9424 30.4984
3.28907 -12.7803 30.5529
3.22782 -12.7125 30.3147
3.28394 -12.8702 30.247
17.6055 -1.39907 55.7534
17.4759 -1.38593 55.6234
17.5098 -1.30869 55.4844
17.6315 -1.32943 55.6247
-14.2076 -6.52596 58.9931
-14.0236 -6.48799 58.9559
-13.9439 -6.46098 58.5211
-14.1243 -6.49781 58.5422
-14.1102 -8.50277 77.123
-14.1049 -8.31041 77.046
-14.0904 -8.36897 76.8333
-14.095 -8.56397 76.8983
6.04411 12.285 80.6801
6.00489 12.1359 80.7777
5.98279 12.0937 80.6623
6.0219 12.2421 80.5665
5.10597 12.1366 27.2534
5.1078 11.9837 27.3131
5.07826 11.9767 27.0967
5.07355 12.1274 27.0162
3.34872 -12.845 30.7891
3.32767 -12.6951 30.8668
3.26015 -12.6301 30.6322
3.28907 -12.7803 30.5529
17.3664 -1.39897 55.5651
17.2269 -1.38515 55.4257
17.349 -1.37466 55.4993
17.4759 -1.38593 55.6234
-14.0995 -6.51405 59.3835
-13.9207 -6.46787 59.374
-13.8482 -6.44019 58.9687
-14.0236 -6.48799 58.9559
-14.1191 -8.24983 77.2548
-14.1131 -8.06274 77.1685
-14.0997 -8.12046 76.9713
-14.1049 -8.31041 77.046
6.03103 12.1809 80.9335
5.98651 12.0269 80.9824
5.96661 11.9899 80.8747
6.00489 12.1359 80.7777
5.07355 12.1274 27.0162
5.07826 11.9767 27.0967
5.04616 11.9661 26.8623
5.03883 12.1144 26.7632
3.28907 -12.7803 30.5529
3.26015 -12.6301 30.6322
3.19195 -12.5634 30.396
3.22782 -12.7125 30.3147
17.4759 -1.38593 55.6234
17.349 -1.37466 55.4993
17.391 -1.28712 55.3466
17.5098 -1.30869 55.4844
-14.0236 -6.48799 58.9559
-13.8482 -6.44019 58.9687
-13.7738 -6.41187 58.5602
-13.9439 -6.46098 58.5211
-14.1049 -8.31041 77.046
-14.0997 -8.12046 76.9713
-14.0859 -8.17757 76.7694
-14.0904 -8.36897 76.8333
6.00489 12.1359 80.7777
5.96661 11.9899 80.8747
5.94441 11.9481 80.7564
5.98279 12.0937 80.6623
5.1078 11.9837 27.3131
5.11037 11.8319 27.3781
5.0833 11.827 27.1792
5.07826 11.9767 27.0967
3.32767 -12.6951 30.8668
3.32663 -12.5534 30.9621
3.26149 -12.4905 30.7359
3.26015 -12.6301 30.6322
17.2269 -1.38515 55.4257
17.0791 -1.37185 55.281
17.2245 -1.3648 55.3803
17.349 -1.37466 55.4993
-13.9207 -6.46787 59.374
-13.7458 -6.41621 59.3869
-13.676 -6.38953 58.9969
-13.8482 -6.44019 58.9687
-14.1131 -8.06274 77.1685
-14.1072 -7.87673 77.0835
-14.0945 -7.93156 76.8978
-14.0997 -8.12046 76.9713
5.98651 12.0269 80.9824
5.9497 11.8845 81.0838
5.92895 11.8459 80.9717
5.96661 11.9899 80.8747
5.07826 11.9767 27.0967
5.0833 11.827 27.1792
5.05346 11.8184 26.961
5.04616 11.9661 26.8623
3.26015 -12.6301 30.6322
3.26149 -12.4905 30.7359
3.19572 -12.4266 30.5079
3.19195 -12.5634 30.396
17.349 -1.37466 55.4993
17.2245 -1.3648 55.3803
17.2857 -1.24263 55.204
17.391 -1.28712 55.3466
-13.8482 -6.44019 58.9687
-13.676 -6.38953 58.9969
-13.6046 -6.36231 58.6021
-13.7738 -6.41187 58.5602
-14.0997 -8.12046 76.9713
-14.0945 -7.93156 76.8978
-14.0815 -7.98681 76.7058
-14.0859 -8.17757 76.7694
5.96661 11.9899 80.8747
5.92895 11.8459 80.9717
5.90615 11.803 80.8502
5.94441 11.9481 80.7564
5.11037 11.8319 27.3781
5.10952 11.699 27.439
5.08862 11.6776 27.2638
5.0833 11.827 27.1792
3.32663 -12.5534 30.9621
3.32654 -12.4135 31.0601
3.26336 -12.3519 30.8412
3.26149 -12.4905 30.7359
17.0791 -1.37185 55.281
16.928 -1.35662 55.1617
17.0838 -1.35386 55.2461
17.2245 -1.3648 55.3803
-13.7458 -6.41621 59.3869
-13.571 -6.36452 59.3974
-13.5041 -6.339 59.0254
-13.676 -6.38953 58.9969
-14.1072 -7.87673 77.0835
-14.1013 -7.69074 76.9998
-14.0895 -7.74274 76.8253
-14.0945 -7.93156 76.8978
5.9497 11.8845 81.0838
5.91377 11.7449 81.1856
5.89173 11.7032 81.0691
5.92895 11.8459 80.9717
5.0833 11.827 27.1792
5.08862 11.6776 27.2638
5.06071 11.6717 27.059
5.05346 11.8184 26.961
3.26149 -12.4905 30.7359
3.26336 -12.3519 30.8412
3.19946 -12.2909 30.6188
3.19572 -12.4266 30.5079
17.2245 -1.3648 55.3803
17.0838 -1.35386 55.2461
17.1811 -1.19858 55.0627
17.2857 -1.24263 55.204
-13.676 -6.38953 58.9969
-13.5041 -6.339 59.0254
-13.4367 -6.31315 58.6436
-13.6046 -6.36231 58.6021
-14.0945 -7.93156 76.8978
-14.0895 -7.74274 76.8253
-14.077 -7.79757 76.6427
-14.0815 -7.98681 76.7058
5.92895 11.8459 80.9717
5.89173 11.7032 81.0691
5.8682 11.6591 80.9432
5.90615 11.803 80.8502
5.10952 11.699 27.439
5.10763 11.578 27.5043
5.09434 11.5264 27.3518
5.08862 11.6776 27.2638
3.32654 -12.4135 31.0601
3.32749 -12.2747 31.1617
3.26586 -12.2124 30.9496
3.26336 -12.3519 30.8412
16.928 -1.35662 55.1617
16.7979 -1.32574 55.242
16.9162 -1.34122 55.0872
17.0838 -1.35386 55.2461
-13.571 -6.36452 59.3974
-13.3759 -6.30654 59.3906
-13.3305 -6.28795 59.0555
-13.5041 -6.339 59.0254
-14.1013 -7.69074 76.9998
-14.0004 -7.53448 76.9856
-14.0844 -7.55133 76.7531
-14.0895 -7.74274 76.8253
5.91377 11.7449 81.1856
5.87862 11.6073 81.2888
5.8545 11.56 81.1683
5.89173 11.7032 81.0691
5.08862 11.6776 27.2638
5.09434 11.5264 27.3518
5.0682 11.5202 27.1603
5.06071 11.6717 27.059
3.26336 -12.3519 30.8412
3.26586 -12.2124 30.9496
3.20332 -12.1506 30.7335
3.19946 -12.2909 30.6188
17.0838 -1.35386 55.2461
16.9162 -1.34122 55.0872
17.0598 -1.17666 54.9396
17.1811 -1.19858 55.0627
-13.5041 -6.339 59.0254
-13.3305 -6.28795 59.0555
-13.2631 -6.26231 58.6865
-13.4367 -6.31315 58.6436
-14.0895 -7.74274 76.8253
-14.0844 -7.55133 76.7531
-14.0725 -7.60191 76.5774
-14.077 -7.79757 76.6427
5.89173 11.7032 81.0691
5.8545 11.56 81.1683
5.82897 11.5102 81.0394
5.8682 11.6591 80.9432
5.10763 11.578 27.5043
5.10648 11.462 27.5784
5.09507 11.3978 27.432
5.09434 11.5264 27.3518
3.32749 -12.2747 31.1617
3.32961 -12.137 31.2673
3.26903 -12.072 31.0615
3.26586 -12.2124 30.9496
-14.0004 -7.53448 76.9856
-13.8788 -7.3832 76.9883
-14.0052 -7.38124 76.7341
-14.0844 -7.55133 76.7531
5.87862 11.6073 81.2888
5.84432 11.472 81.394
5.81729 11.4163 81.2698
5.8545 11.56 81.1683
5.09434 11.5264 27.3518
5.09507 11.3978 27.432
5.07578 11.3669 27.2627
5.0682 11.5202 27.1603
3.26586 -12.2124 30.9496
3.26903 -12.072 31.0615
3.20722 -12.0088 30.8494
3.20332 -12.1506 30.7335
16.9162 -1.34122 55.0872
16.7584 -1.31861 55.0525
16.8868 -1.2448 54.9029
17.0598 -1.17666 54.9396
-13.3305 -6.28795 59.0555
-13.134 -6.22986 59.0681
-13.0876 -6.21091 58.7298
-13.2631 -6.26231 58.6865
-14.0844 -7.55133 76.7531
-14.0052 -7.38124 76.7341
-14.0678 -7.40407 76.5114
-14.0725 -7.60191 76.5774
5.8545 11.56 81.1683
5.81729 11.4163 81.2698
5.78929 11.3597 81.1366
5.82897 11.5102 81.0394
5.10648 11.462 27.5784
5.11119 11.39 27.7187
5.09776 11.305 27.554
5.09507 11.3978 27.432
3.32961 -12.137 31.2673
3.33329 -12.0006 31.3784
3.27324 -11.9296 31.1792
3.26903 -12.072 31.0615
-13.8788 -7.3832 76.9883
-13.7779 -7.24245 76.9667
-13.8696 -7.22423 76.7558
-14.0052 -7.38124 76.7341
5.84432 11.472 81.394
5.81113 11.3394 81.5025
5.77991 11.2711 81.3755
5.81729 11.4163 81.2698
5.09507 11.3978 27.432
5.09776 11.305 27.554
5.08194 11.2043 27.3699
5.07578 11.3669 27.2627
3.26903 -12.072 31.0615
3.27324 -11.9296 31.1792
3.21134 -11.8589 30.9719
3.20722 -12.0088 30.8494
16.7584 -1.31861 55.0525
16.607 -1.31067 55.0929
16.7055 -1.31986 54.8678
16.8868 -1.2448 54.9029
-13.134 -6.22986 59.0681
-12.9377 -6.17975 59.0941
-12.8983 -6.16473 58.7674
-13.0876 -6.21091 58.7298
-14.0052 -7.38124 76.7341
-13.8696 -7.22423 76.7558
-13.9981 -7.2162 76.4879
-14.0678 -7.40407 76.5114
5.81729 11.4163 81.2698
5.77991 11.2711 81.3755
5.74736 11.2007 81.2393
5.78929 11.3597 81.1366
5.11119 11.39 27.7187
5.12101 11.3569 27.9161
5.10048 11.2092 27.7124
5.09776 11.305 27.554
3.33329 -12.0006 31.3784
3.33925 -11.8673 31.497
3.27916 -11.7862 31.3045
3.27324 -11.9296 31.1792
16.5133 -1.29937 55.3146
16.3579 -1.4 55.3406
16.4427 -1.41944 55.1138
16.607 -1.31067 55.0929
-12.9802 -6.19531 59.4147
-12.825 -6.13615 59.4838
-12.7537 -6.14027 59.1382
-12.9377 -6.17975 59.0941
-13.7779 -7.24245 76.9667
-13.6828 -7.11179 76.9462
-13.7368 -7.06785 76.7727
-13.8696 -7.22423 76.7558
5.81113 11.3394 81.5025
5.77981 11.2117 81.6159
5.74298 11.1258 81.4869
5.77991 11.2711 81.3755
5.09776 11.305 27.554
5.10048 11.2092 27.7124
5.0756 11.0308 27.4739
5.08194 11.2043 27.3699
3.27324 -11.9296 31.1792
3.27916 -11.7862 31.3045
3.21561 -11.7033 31.0991
3.21134 -11.8589 30.9719
16.607 -1.31067 55.0929
16.4427 -1.41944 55.1138
16.5343 -1.43727 54.8778
16.7055 -1.31986 54.8678
-12.9377 -6.17975 59.0941
-12.7537 -6.14027 59.1382
-12.6996 -6.12183 58.8014
-12.8983 -6.16473 58.7674
-13.8696 -7.22423 76.7558
-13.7368 -7.06785 76.7727
-13.8477 -7.04662 76.519
-13.9981 -7.2162 76.4879
5.77991 11.2711 81.3755
5.74298 11.1258 81.4869
5.70385 11.0357 81.3459
5.74736 11.2007 81.2393
5.12101 11.3569 27.9161
5.12748 11.2629 28.0652
5.11364 11.0786 27.8531
5.10048 11.2092 27.7124
3.33925 -11.8673 31.497
3.34638 -11.7352 31.6195
3.28819 -11.6442 31.4419
3.27916 -11.7862 31.3045
16.3579 -1.4 55.3406
16.201 -1.50014 55.3711
16.2711 -1.52915 55.1467
16.4427 -1.41944 55.1138
-12.825 -6.13615 59.4838
-12.621 -6.07474 59.4657
-12.5976 -6.06665 59.2482
-12.7537 -6.14027 59.1382
5.10048 11.2092 27.7124
5.11364 11.0786 27.8531
5.09673 10.8656 27.6116
5.0756 11.0308 27.4739
3.27916 -11.7862 31.3045
3.28819 -11.6442 31.4419
3.22024 -11.5352 31.2365
3.21561 -11.7033 31.0991
16.4427 -1.41944 55.1138
16.2711 -1.52915 55.1467
16.3492 -1.56416 54.8887
16.5343 -1.43727 54.8778
-12.7537 -6.14027 59.1382
-12.5976 -6.06665 59.2482
-12.4946 -6.06493 58.8561
-12.6996 -6.12183 58.8014
-13.7368 -7.06785 76.7727
-13.5782 -6.98555 76.7809
-13.6852 -6.86333 76.5526
-13.8477 -7.04662 76.519
5.74298 11.1258 81.4869
5.7077 10.9836 81.6075
5.65682 10.8573 81.4612
5.70385 11.0357 81.3459
16.201 -1.50014 55.3711
16.0592 -1.6113 55.3396
16.106 -1.64534 55.1477
16.2711 -1.52915 55.1467
-12.621 -6.07474 59.4657
-12.4105 -6.00979 59.4029
-12.4055 -5.99223 59.274
-12.5976 -6.06665 59.2482
14.699 -1.10029 73.4295
14.5237 -1.16221 73.4474
14.5365 -1.14241 73.2643
14.7368 -1.09046 73.2231
-13.4807 -7.07272 76.9738
-13.2982 -7.00091 76.9579
-13.3622 -6.95865 76.786
-13.5782 -6.98555 76.7809
16.2711 -1.52915 55.1467
16.106 -1.64534 55.1477
16.1608 -1.6933 54.8997
16.3492 -1.56416 54.8887
-12.5976 -6.06665 59.2482
-12.4055 -5.99223 59.274
-12.3124 -5.97874 58.9599
-12.4946 -6.06493 58.8561
14.7368 -1.09046 73.2231
14.5365 -1.14241 73.2643
14.6348 -1.24249 72.9344
14.8441 -1.17843 72.951
-13.5782 -6.98555 76.7809
-13.3622 -6.95865 76.786
-13.443 -6.82931 76.5775
-13.6852 -6.86333 76.5526
1.56689 -12.4011 18.3938
1.66929 -12.4744 18.5115
1.64923 -12.2431 18.6954
1.53405 -12.1636 18.5602
-7.70298 8.31288 20.7927
-7.78296 8.38535 20.9322
-7.6549 8.1846 21.0492
-7.56646 8.10562 20.8903
16.0592 -1.6113 55.3396
15.9159 -1.71697 55.3267
15.9446 -1.76461 55.1325
16.106 -1.64534 55.1477
-12.4105 -6.00979 59.4029
-12.2569 -5.96649 59.3896
-12.1973 -5.93113 59.237
-12.4055 -5.99223 59.274
14.5237 -1.16221 73.4474
14.3512 -1.22531 73.491
14.3418 -1.2134 73.311
14.5365 -1.14241 73.2643
-13.2982 -7.00091 76.9579
-13.1283 -6.94027 76.9606
-13.1521 -6.88938 76.7926
-13.3622 -6.95865 76.786
1.53405 -12.1636 18.5602
1.64923 -12.2431 18.6954
1.51236 -11.8407 18.8747
1.51087 -11.6784 18.7251
-7.56646 8.10562 20.8903
-7.6549 8.1846 21.0492
-7.53924 7.98889 21.1653
-7.46715 7.91949 20.9673
-9.16702 -5.91684 26.6503
-9.12348 -5.85646 26.8175
-8.88571 -5.54024 26.8104
-8.8273 -5.67376 26.6415
5.04333 10.9152 27.9079
4.96725 10.8017 28.0413
4.92762 10.6451 27.9581
5.012 10.7551 27.7852
16.106 -1.64534 55.1477
15.9446 -1.76461 55.1325
15.9733 -1.8219 54.9107
16.1608 -1.6933 54.8997
-12.4055 -5.99223 59.274
-12.1973 -5.93113 59.237
-12.131 -5.89291 59.0633
-12.3124 -5.97874 58.9599
14.5365 -1.14241 73.2643
14.3418 -1.2134 73.311
14.426 -1.29817 72.9305
14.6348 -1.24249 72.9344
-13.3622 -6.95865 76.786
-13.1521 -6.88938 76.7926
-13.1943 -6.81049 76.6014
-13.443 -6.82931 76.5775
1.66929 -12.4744 18.5115
1.77115 -12.5354 18.6399
1.74446 -12.3032 18.8206
1.64923 -12.2431 18.6954
-7.78296 8.38535 20.9322
-7.82659 8.42732 21.0902
-7.71519 8.24753 21.2164
-7.6549 8.1846 21.0492
15.9159 -1.71697 55.3267
15.7745 -1.82827 55.294
15.7844 -1.88506 55.1116
15.9446 -1.76461 55.1325
-12.2569 -5.96649 59.3896
-12.1888 -5.95185 59.4202
-12.1009 -5.89364 59.2963
-12.1973 -5.93113 59.237
1.64923 -12.2431 18.6954
1.74446 -12.3032 18.8206
1.64064 -11.9981 18.9565
1.51236 -11.8407 18.8747
-7.6549 8.1846 21.0492
-7.71519 8.24753 21.2164
-7.59965 8.05606 21.3591
-7.53924 7.98889 21.1653
-9.12348 -5.85646 26.8175
-9.08406 -5.80183 26.9788
-8.94186 -5.41197 26.9732
-8.88571 -5.54024 26.8104
4.96725 10.8017 28.0413
4.89022 10.6928 28.186
4.84622 10.539 28.125
4.92762 10.6451 27.9581
15.9446 -1.76461 55.1325
15.7844 -1.88506 55.1116
15.7923 -1.94597 54.9214
15.9733 -1.8219 54.9107
-12.1973 -5.93113 59.237
-12.1009 -5.89364 59.2963
-11.9748 -5.80077 59.184
-12.131 -5.89291 59.0633
-16.102 -8.2056 60.1285
-16.2159 -8.29374 60.0284
-16.2649 -8.35436 60.1327
-16.122 -8.21423 60.2328
8.89022 14.1685 62.8652
8.95492 14.2409 62.6523
9.01542 14.3633 62.6735
8.94704 14.2811 62.8756
7.9221 14.8836 80.7322
7.96391 14.936 80.5397
7.96313 15.0754 80.5606
7.92258 15.0099 80.7455
1.56265 -17.9635 85.1253
1.55714 -18.1037 85.0154
1.58532 -18.1867 85.1003
1.5801 -18.0455 85.198
-16.122 -8.21423 60.2328
-16.2649 -8.35436 60.1327
-16.3007 -8.40237 60.2504
-16.1521 -8.25558 60.3425
8.94704 14.2811 62.8756
9.01542 14.3633 62.6735
9.07378 14.4847 62.707
9.00084 14.3926 62.9053
7.92258 15.0099 80.7455
7.96313 15.0754 80.5606
7.95535 15.2049 80.6136
7.91726 15.134 80.7861
1.5801 -18.0455 85.198
1.58532 -18.1867 85.1003
1.59604 -18.2664 85.1974
1.59927 -18.1111 85.289
6.49531 15.8448 44.6845
6.47699 15.9411 44.5778
6.49437 16.0576 44.6473
6.53932 15.9484 44.739
4.15545 -17.4742 48.5402
4.1716 -17.6639 48.4653
4.17548 -17.7688 48.5496
4.1608 -17.5945 48.6142
7.96391 14.936 80.5397
7.99996 14.9776 80.3733
7.98531 15.0833 80.456
7.96313 15.0754 80.5606
1.55714 -18.1037 85.0154
1.95507 -18.2023 84.8305
1.92323 -18.2707 84.9437
1.58532 -18.1867 85.1003
1.55714 -18.1037 85.0154
1.95507 -18.2023 84.8305
1.92323 -18.2707 84.9437
1.58532 -18.1867 85.1003
-10.1116 12.2766 87.3151
-10.1031 12.3424 87.1687
-10.1527 12.4688 87.1756
-10.1602 12.4051 87.3146
6.53932 15.9484 44.739
6.49437 16.0576 44.6473
6.51242 16.1786 44.7196
6.5727 16.0528 44.8107
4.1608 -17.5945 48.6142
4.17548 -17.7688 48.5496
4.17951 -17.8778 48.6371
4.16336 -17.6797 48.6974
7.96313 15.0754 80.5606
7.98531 15.0833 80.456
7.9701 15.1931 80.5419
7.95535 15.2049 80.6136
1.58532 -18.1867 85.1003
1.92323 -18.2707 84.9437
1.89019 -18.3418 85.0613
1.59604 -18.2664 85.1974
1.58532 -18.1867 85.1003
1.92323 -18.2707 84.9437
1.89019 -18.3418 85.0613
1.59604 -18.2664 85.1974
-10.1602 12.4051 87.3146
-10.1527 12.4688 87.1756
-10.2284 12.5868 87.1833
-10.2237 12.526 87.3227
-1.41482 10.4734 126.865
-1.45113 10.5173 126.916
-1.5563 10.4551 126.865
-1.46608 10.4151 126.811
-3.08182 -11.8778 97.5898
-3.11747 -11.9057 97.5582
-3.17726 -11.8268 97.6473
-3.10508 -11.816 97.6595
-1.46608 10.4151 126.811
-1.5563 10.4551 126.865
-1.66791 10.378 126.799
-1.53907 10.3302 126.732
-3.10508 -11.816 97.6595
-3.17726 -11.8268 97.6473
-3.23849 -11.7338 97.7523
-3.13838 -11.7268 97.7601
-1.45113 10.5173 126.916
-1.49921 10.576 126.984
-1.64015 10.5104 126.934
-1.5563 10.4551 126.865
-3.11747 -11.9057 97.5582
-3.16478 -11.9431 97.516
-3.24795 -11.8517 97.6192
-3.17726 -11.8268 97.6473
-1.5563 10.4551 126.865
-1.64015 10.5104 126.934
-1.79913 10.4363 126.877
-1.66791 10.378 126.799
-3.17726 -11.8268 97.6473
-3.24795 -11.8517 97.6192
-3.34178 -11.7485 97.7357
-3.23849 -11.7338 97.7523
-1.41482 10.4734 126.865
-1.3397 10.4609 126.867
-1.35199 10.5261 126.947
-1.45113 10.5173 126.916
-3.08182 -11.8778 97.5898
-3.02297 -11.9116 97.5515
-3.04623 -11.9751 97.4798
-3.11747 -11.9057 97.5582
-1.41482 10.4734 126.865
-1.46608 10.4151 126.811
-1.35505 10.4007 126.782
-1.3397 10.4609 126.867
-3.08182 -11.8778 97.5898
-3.10508 -11.816 97.6595
-3.02292 -11.8328 97.6405
-3.02297 -11.9116 97.5515
4.50056 -16.7799 53.8933
4.48079 -16.6628 53.8701
4.48794 -16.7679 53.8508
4.49093 -16.8652 53.8208
-12.1756 10.5382 57.9915
-12.1075 10.4793 57.9868
-12.1558 10.5171 57.8965
-12.2344 10.5855 57.9135
-1.46608 10.4151 126.811
-1.53907 10.3302 126.732
-1.40178 10.301 126.683
-1.35505 10.4007 126.782
-3.10508 -11.816 97.6595
-3.13838 -11.7268 97.7601
-3.03508 -11.7369 97.7488
-3.02292 -11.8328 97.6405
-1.35505 10.4007 126.782
-1.40178 10.301 126.683
-1.26183 10.2713 126.648
-1.24466 10.3541 126.763
-3.02292 -11.8328 97.6405
-3.03508 -11.7369 97.7488
-2.92589 -11.7616 97.7209
-2.92877 -11.8669 97.602
-3.78777 7.51084 122.447
-3.9717 7.47539 122.402
-3.96158 7.33914 122.271
-3.79383 7.38617 122.327
-2.75104 -8.00581 101.961
-2.87507 -7.96637 102.006
-2.77036 -7.86915 102.116
-2.67185 -7.91367 102.065
10.8049 -0.677421 77.7686
10.6596 -0.69693 77.7549
10.6406 -0.719691 77.6239
10.7617 -0.689304 77.6719
-9.81669 -5.46022 81.5778
-9.50901 -5.25268 81.6267
-9.48161 -5.19957 81.4975
-9.77349 -5.40095 81.4685
-3.79383 7.38617 122.327
-3.96158 7.33914 122.271
-3.94275 7.2135 122.151
-3.78362 7.27529 122.221
-2.67185 -7.91367 102.065
-2.77036 -7.86915 102.116
-2.6656 -7.78029 102.216
-2.58788 -7.83303 102.156
-3.9717 7.47539 122.402
-4.16993 7.42502 122.341
-4.14166 7.28048 122.204
-3.96158 7.33914 122.271
-2.87507 -7.96637 102.006
-2.99917 -7.91553 102.063
-2.86903 -7.81611 102.175
-2.77036 -7.86915 102.116
-3.96158 7.33914 122.271
-4.14166 7.28048 122.204
-4.11438 7.14104 122.071
-3.94275 7.2135 122.151
-2.77036 -7.86915 102.116
-2.86903 -7.81611 102.175
-2.74348 -7.7202 102.284
-2.6656 -7.78029 102.216
-3.78777 7.51084 122.447
-3.62262 7.53119 122.477
-3.58595 7.66004 122.603
-3.76738 7.64965 122.582
-2.75104 -8.00581 101.961
-2.63194 -8.0327 101.931
-2.68148 -8.1332 101.817
-2.82533 -8.11023 101.843
6.67325 11.4038 69.3075
6.70719 11.4362 69.1053
6.74097 11.6237 69.0237
6.70714 11.6033 69.2344
1.82488 -13.8463 72.879
1.80688 -13.8446 72.6968
1.78902 -13.9447 72.6366
1.80362 -13.9805 72.8251
-3.76738 7.64965 122.582
-3.58595 7.66004 122.603
-3.53816 7.80173 122.742
-3.73017 7.80119 122.73
-2.82533 -8.11023 101.843
-2.68148 -8.1332 101.817
-2.72377 -8.24595 101.69
-2.88916 -8.22686 101.712
6.70714 11.6033 69.2344
6.74097 11.6237 69.0237
6.76771 11.8045 68.984
6.72887 11.7823 69.2268
1.80362 -13.9805 72.8251
1.78902 -13.9447 72.6366
1.77449 -14.0306 72.5929
1.79235 -14.0737 72.8228
-3.73017 7.80119 122.73
-3.53816 7.80173 122.742
-3.5132 7.91301 122.866
-3.74395 7.93292 122.856
-2.88916 -8.22686 101.712
-2.72377 -8.24595 101.69
-2.78247 -8.35699 101.565
-2.98828 -8.33126 101.594
6.72887 11.7823 69.2268
6.76771 11.8045 68.984
6.7891 11.9538 69.0231
6.74127 11.9427 69.2673
1.79235 -14.0737 72.8228
1.77449 -14.0306 72.5929
1.76644 -14.1188 72.6167
1.78424 -14.1667 72.8517
5.4772 12.2565 51.1612
5.48818 12.2799 50.9367
5.5048 12.4508 50.7661
5.49172 12.429 51.0084
3.3299 -12.5933 54.4343
3.38436 -12.6935 54.1768
3.44509 -12.8597 54.2056
3.39003 -12.7587 54.468
5.49172 12.429 51.0084
5.5048 12.4508 50.7661
5.51569 12.6339 50.6621
5.49957 12.6154 50.9656
3.39003 -12.7587 54.468
3.44509 -12.8597 54.2056
3.50738 -13.0299 54.2336
3.45188 -12.9285 54.5009
5.49957 12.6154 50.9656
5.51569 12.6339 50.6621
5.52468 12.8239 50.5992
5.50775 12.8057 50.9186
3.45188 -12.9285 54.5009
3.50738 -13.0299 54.2336
3.57129 -13.2042 54.261
3.51546 -13.1028 54.533
5.50775 12.8057 50.9186
5.52468 12.8239 50.5992
5.53408 13.017 50.53
5.51631 12.9999 50.8665
3.51546 -13.1028 54.533
3.57129 -13.2042 54.261
3.63697 -13.383 54.2871
3.58092 -13.2819 54.5637
5.51631 12.9999 50.8665
5.53408 13.017 50.53
5.54398 13.2132 50.4531
5.52536 13.1984 50.8075
3.58092 -13.2819 54.5637
3.63697 -13.383 54.2871
3.68424 -13.5151 54.268
3.64284 -13.4478 54.5725
5.52536 13.1984 50.8075
5.54398 13.2132 50.4531
5.55447 13.4124 50.3662
5.53504 13.4015 50.7388
3.64284 -13.4478 54.5725
3.68424 -13.5151 54.268
3.77059 -13.6982 54.2332
3.71012 -13.6077 54.553
9.03327 15.8768 11.3891
8.75901 15.5818 11.5503
8.76438 15.5346 11.2912
8.96102 15.7929 11.3995
2.05992 -18.4744 15.0536
2.07316 -18.0829 15.1634
1.96448 -18.189 14.9556
1.95049 -18.5279 14.8551
-3.09023 9.19757 125.339
-2.74209 9.14608 125.326
-2.70879 9.22895 125.439
-3.05634 9.29135 125.514
-3.7465 -10.0677 99.6333
-3.50365 -10.066 99.6352
-3.59171 -10.213 99.4693
-3.824 -10.2146 99.4675
-3.05634 9.29135 125.514
-2.70879 9.22895 125.439
-2.66173 9.30684 125.539
-2.98894 9.36441 125.615
-3.824 -10.2146 99.4675
-3.59171 -10.213 99.4693
-3.6397 -10.3613 99.3018
-3.88781 -10.3577 99.3059
6.93328 14.205 86.5571
6.93625 14.1522 86.3384
6.97226 14.2783 86.2136
6.95491 14.3751 86.4798
1.98642 -14.4845 90.7576
1.98151 -14.5206 90.5051
2.01983 -14.6189 90.4887
2.03219 -14.6686 90.7397
-2.98894 9.36441 125.615
-2.66173 9.30684 125.539
-2.58625 9.37756 125.629
-2.8992 9.43113 125.7
-3.88781 -10.3577 99.3059
-3.6397 -10.3613 99.3018
-3.6459 -10.5073 99.1371
-3.89753 -10.5004 99.1448
6.95491 14.3751 86.4798
6.97226 14.2783 86.2136
7.00582 14.444 86.131
7.00046 14.5336 86.3888
2.03219 -14.6686 90.7397
2.01983 -14.6189 90.4887
2.06659 -14.8082 90.4743
2.07896 -14.8578 90.7231
-2.8992 9.43113 125.7
-2.58625 9.37756 125.629
-2.48524 9.44221 125.712
-2.78714 9.49335 125.779
-3.89753 -10.5004 99.1448
-3.6459 -10.5073 99.1371
-3.63021 -10.6508 98.975
-3.87252 -10.6433 98.9835
-2.78714 9.49335 125.779
-2.48524 9.44221 125.712
-2.36162 9.50108 125.787
-2.63949 9.56519 125.871
-3.87252 -10.6433 98.9835
-3.63021 -10.6508 98.975
-3.57293 -10.7828 98.8259
-3.79618 -10.7719 98.8383
-2.63949 9.56519 125.871
-2.36162 9.50108 125.787
-2.20105 9.57213 125.877
-2.47385 9.64744 125.975
-3.79618 -10.7719 98.8383
-3.57293 -10.7828 98.8259
-3.47358 -10.8999 98.6937
-3.69291 -10.8909 98.7039
-11.9729 -7.70222 83.6813
-12.2984 -7.95308 83.6392
-12.5432 -8.07832 83.4812
-12.2534 -7.9174 83.6651
7.12503 14.8565 86.2107
7.13809 14.7774 85.9821
7.2217 14.9491 85.9197
7.21133 15.0326 86.1439
-2.47385 9.64744 125.975
-2.20105 9.57213 125.877
-2.03178 9.64859 125.974
-2.30483 9.72979 126.08
-3.69291 -10.8909 98.7039
-3.47358 -10.8999 98.6937
-3.37112 -11.0163 98.5624
-3.58544 -11.011 98.5683
-12.2534 -7.9174 83.6651
-12.5432 -8.07832 83.4812
-12.7786 -8.13426 83.1785
-12.5487 -8.14395 83.6461
7.21133 15.0326 86.1439
7.2217 14.9491 85.9197
7.30206 15.1048 85.8405
7.29139 15.1746 86.0376
-2.30483 9.72979 126.08
-2.03178 9.64859 125.974
-1.86444 9.72366 126.07
-2.13511 9.81031 126.183
-3.58544 -11.011 98.5683
-3.37112 -11.0163 98.5624
-3.26605 -11.1305 98.4334
-3.47518 -11.1295 98.4346
-2.13511 9.81031 126.183
-1.86444 9.72366 126.07
-1.70058 9.79671 126.163
-1.96494 9.887 126.28
-3.47518 -11.1295 98.4346
-3.26605 -11.1305 98.4334
-3.15891 -11.241 98.3087
-3.36194 -11.2442 98.305
-12.8337 -8.30766 83.4986
-12.9794 -8.25603 83.101
-13.1572 -8.42096 83.1715
-13.0607 -8.38526 83.2643
7.36529 15.2881 85.9034
7.37389 15.2192 85.7183
7.44975 15.3555 85.6213
7.43656 15.3942 85.767
-1.96494 9.887 126.28
-1.70058 9.79671 126.163
-1.59353 9.90862 126.297
-1.79481 9.96009 126.373
-3.36194 -11.2442 98.305
-3.15891 -11.241 98.3087
-3.09591 -11.366 98.1675
-3.24596 -11.3551 98.1798
-1.79481 9.96009 126.373
-1.59353 9.90862 126.297
-1.52527 10.0534 126.44
-1.70867 10.105 126.518
-3.24596 -11.3551 98.1798
-3.09591 -11.366 98.1675
-3.07469 -11.5022 98.0138
-3.21234 -11.4975 98.0191
-1.70867 10.105 126.518
-1.52527 10.0534 126.44
-1.46036 10.1848 126.569
-1.62108 10.2274 126.635
-3.21234 -11.4975 98.0191
-3.07469 -11.5022 98.0138
-3.05347 -11.6263 97.8737
-3.17502 -11.6208 97.8798
-1.62108 10.2274 126.635
-1.46036 10.1848 126.569
-1.40178 10.301 126.683
-1.53907 10.3302 126.732
-3.17502 -11.6208 97.8798
-3.05347 -11.6263 97.8737
-3.03508 -11.7369 97.7488
-3.13838 -11.7268 97.7601
-3.62262 7.53119 122.477
-3.4752 7.53451 122.489
-3.42157 7.65678 122.61
-3.58595 7.66004 122.603
-2.63194 -8.0327 101.931
-2.51708 -8.045 101.917
-2.5449 -8.1436 101.806
-2.68148 -8.1332 101.817
6.70719 11.4362 69.1053
6.73572 11.4493 68.9245
6.76958 11.6287 68.8362
6.74097 11.6237 69.0237
1.80688 -13.8446 72.6968
1.79263 -13.8274 72.5339
1.77652 -13.9056 72.4652
1.78902 -13.9447 72.6366
-3.58595 7.66004 122.603
-3.42157 7.65678 122.61
-3.36366 7.7921 122.744
-3.53816 7.80173 122.742
-2.68148 -8.1332 101.817
-2.5449 -8.1436 101.806
-2.56949 -8.25461 101.68
-2.72377 -8.24595 101.69
6.74097 11.6237 69.0237
6.76958 11.6287 68.8362
6.81325 11.8123 68.7622
6.76771 11.8045 68.984
1.78902 -13.9447 72.6366
1.77652 -13.9056 72.4652
1.7581 -13.986 72.376
1.77449 -14.0306 72.5929
-3.53816 7.80173 122.742
-3.36366 7.7921 122.744
-3.29682 7.89101 122.876
-3.5132 7.91301 122.866
-2.72377 -8.24595 101.69
-2.56949 -8.25461 101.68
-2.58743 -8.37549 101.544
-2.78247 -8.35699 101.565
5.48818 12.2799 50.9367
5.49795 12.2991 50.7168
5.51654 12.4698 50.5484
5.5048 12.4508 50.7661
3.38436 -12.6935 54.1768
3.43664 -12.7886 53.9227
3.49797 -12.9555 53.9465
3.44509 -12.8597 54.2056
5.5048 12.4508 50.7661
5.51654 12.4698 50.5484
5.5313 12.6479 50.3659
5.51569 12.6339 50.6621
3.44509 -12.8597 54.2056
3.49797 -12.9555 53.9465
3.56055 -13.1258 53.9707
3.50738 -13.0299 54.2336
5.51569 12.6339 50.6621
5.5313 12.6479 50.3659
5.54114 12.8379 50.2862
5.52468 12.8239 50.5992
3.50738 -13.0299 54.2336
3.56055 -13.1258 53.9707
3.62442 -13.2996 53.9955
3.57129 -13.2042 54.261
5.52468 12.8239 50.5992
5.54114 12.8379 50.2862
5.55141 13.03 50.1996
5.53408 13.017 50.53
3.57129 -13.2042 54.261
3.62442 -13.2996 53.9955
3.66553 -13.4321 53.9947
3.63697 -13.383 54.2871
5.53408 13.017 50.53
5.55141 13.03 50.1996
5.56212 13.224 50.1055
5.54398 13.2132 50.4531
3.63697 -13.383 54.2871
3.66553 -13.4321 53.9947
3.74063 -13.5997 53.9714
3.68424 -13.5151 54.268
5.54398 13.2132 50.4531
5.56212 13.224 50.1055
5.57272 13.4192 50.0142
5.55447 13.4124 50.3662
3.68424 -13.5151 54.268
3.74063 -13.5997 53.9714
3.82657 -13.781 53.9298
3.77059 -13.6982 54.2332
-2.70879 9.22895 125.439
-2.41995 9.15377 125.345
-2.33831 9.25059 125.465
-2.66173 9.30684 125.539
-3.59171 -10.213 99.4693
-3.33071 -10.2168 99.465
-3.37894 -10.3669 99.2955
-3.6397 -10.3613 99.3018
-2.66173 9.30684 125.539
-2.33831 9.25059 125.465
-2.27798 9.32482 125.56
-2.58625 9.37756 125.629
-3.6397 -10.3613 99.3018
-3.37894 -10.3669 99.2955
-3.39806 -10.5141 99.1294
-3.6459 -10.5073 99.1371
6.97226 14.2783 86.2136
6.98086 14.2138 85.9872
7.01105 14.3561 85.8786
7.00582 14.444 86.131
2.01983 -14.6189 90.4887
2.01354 -14.6291 90.2502
2.05436 -14.759 90.2298
2.06659 -14.8082 90.4743
-2.58625 9.37756 125.629
-2.27798 9.32482 125.56
-2.18833 9.39174 125.645
-2.48524 9.44221 125.712
-3.6459 -10.5073 99.1371
-3.39806 -10.5141 99.1294
-3.39177 -10.658 98.9669
-3.63021 -10.6508 98.975
-2.48524 9.44221 125.712
-2.18833 9.39174 125.645
-2.07314 9.45177 125.722
-2.36162 9.50108 125.787
-3.63021 -10.6508 98.975
-3.39177 -10.658 98.9669
-3.35289 -10.7941 98.8132
-3.57293 -10.7828 98.8259
-2.36162 9.50108 125.787
-2.07314 9.45177 125.722
-1.93554 9.50483 125.789
-2.20105 9.57213 125.877
-3.57293 -10.7828 98.8259
-3.35289 -10.7941 98.8132
-3.25689 -10.9093 98.6832
-3.47358 -10.8999 98.6937
-2.20105 9.57213 125.877
-1.93554 9.50483 125.789
-1.7636 9.5714 125.873
-2.03178 9.64859 125.974
-3.47358 -10.8999 98.6937
-3.25689 -10.9093 98.6832
-3.158 -11.023 98.5548
-3.37112 -11.0163 98.5624
-2.03178 9.64859 125.974
-1.7636 9.5714 125.873
-1.59426 9.64038 125.961
-1.86444 9.72366 126.07
-3.37112 -11.0163 98.5624
-3.158 -11.023 98.5548
-3.05733 -11.1342 98.4293
-3.26605 -11.1305 98.4334
-1.86444 9.72366 126.07
-1.59426 9.64038 125.961
-1.44285 9.71625 126.058
-1.70058 9.79671 126.163
-3.26605 -11.1305 98.4334
-3.05733 -11.1342 98.4293
-2.96212 -11.2444 98.3048
-3.15891 -11.241 98.3087
-1.70058 9.79671 126.163
-1.44285 9.71625 126.058
-1.39307 9.86849 126.228
-1.59353 9.90862 126.297
-3.15891 -11.241 98.3087
-2.96212 -11.2444 98.3048
-2.94902 -11.3847 98.1464
-3.09591 -11.366 98.1675
-1.59353 9.90862 126.297
-1.39307 9.86849 126.228
-1.34186 10.0185 126.379
-1.52527 10.0534 126.44
-3.09591 -11.366 98.1675
-2.94902 -11.3847 98.1464
-2.93798 -11.5193 97.9945
-3.07469 -11.5022 98.0138
-1.52527 10.0534 126.44
-1.34186 10.0185 126.379
-1.29507 10.159 126.52
-1.46036 10.1848 126.569
-3.07469 -11.5022 98.0138
-2.93798 -11.5193 97.9945
-2.92977 -11.6454 97.8521
-3.05347 -11.6263 97.8737
-1.46036 10.1848 126.569
-1.29507 10.159 126.52
-1.26183 10.2713 126.648
-1.40178 10.301 126.683
-3.05347 -11.6263 97.8737
-2.92977 -11.6454 97.8521
-2.92589 -11.7616 97.7209
-3.03508 -11.7369 97.7488
-3.78777 7.51084 122.447
-3.76738 7.64965 122.582
-3.97183 7.62561 122.546
-3.9717 7.47539 122.402
-2.75104 -8.00581 101.961
-2.82533 -8.11023 101.843
-2.9799 -8.07488 101.883
-2.87507 -7.96637 102.006
-3.9717 7.47539 122.402
-3.97183 7.62561 122.546
-4.20161 7.58684 122.495
-4.16993 7.42502 122.341
-2.87507 -7.96637 102.006
-2.9799 -8.07488 101.883
-3.14488 -8.02683 101.938
-2.99917 -7.91553 102.063
6.67325 11.4038 69.3075
6.70714 11.6033 69.2344
6.66586 11.565 69.481
6.63301 11.3519 69.5367
1.82488 -13.8463 72.879
1.80362 -13.9805 72.8251
1.82125 -14.0144 73.0418
1.84712 -13.8332 73.0861
-3.76738 7.64965 122.582
-3.73017 7.80119 122.73
-3.95205 7.78931 122.705
-3.97183 7.62561 122.546
-2.82533 -8.11023 101.843
-2.88916 -8.22686 101.712
-3.07427 -8.19584 101.747
-2.9799 -8.07488 101.883
6.63301 11.3519 69.5367
6.66586 11.565 69.481
6.61081 11.4987 69.7983
6.57992 11.2827 69.787
1.84712 -13.8332 73.0861
1.82125 -14.0144 73.0418
1.84874 -14.0202 73.3237
1.87393 -13.8042 73.32
-3.97183 7.62561 122.546
-3.95205 7.78931 122.705
-4.23559 7.76051 122.659
-4.20161 7.58684 122.495
-2.9799 -8.07488 101.883
-3.07427 -8.19584 101.747
-3.30126 -8.14629 101.803
-3.14488 -8.02683 101.938
6.70714 11.6033 69.2344
6.72887 11.7823 69.2268
6.68475 11.7511 69.4979
6.66586 11.565 69.481
1.80362 -13.9805 72.8251
1.79235 -14.0737 72.8228
1.81186 -14.1175 73.0699
1.82125 -14.0144 73.0418
-3.73017 7.80119 122.73
-3.74395 7.93292 122.856
-3.99334 7.93756 122.845
-3.95205 7.78931 122.705
-2.88916 -8.22686 101.712
-2.98828 -8.33126 101.594
-3.20954 -8.29964 101.63
-3.07427 -8.19584 101.747
6.66586 11.565 69.481
6.68475 11.7511 69.4979
6.63504 11.7142 69.8021
6.61081 11.4987 69.7983
1.82125 -14.0144 73.0418
1.81186 -14.1175 73.0699
1.82634 -14.2324 73.329
1.84874 -14.0202 73.3237
-3.95205 7.78931 122.705
-3.99334 7.93756 122.845
-4.26893 7.93097 122.821
-4.23559 7.76051 122.659
-3.07427 -8.19584 101.747
-3.20954 -8.29964 101.63
-3.45473 -8.26354 101.67
-3.30126 -8.14629 101.803
6.72887 11.7823 69.2268
6.74127 11.9427 69.2673
6.70046 11.9259 69.5275
6.68475 11.7511 69.4979
1.79235 -14.0737 72.8228
1.78424 -14.1667 72.8517
1.79821 -14.2619 73.0894
1.81186 -14.1175 73.0699
-3.74395 7.93292 122.856
-3.79999 8.02985 122.996
-4.04412 8.05394 122.983
-3.99334 7.93756 122.845
-2.98828 -8.33126 101.594
-3.11643 -8.42238 101.491
-3.34836 -8.39619 101.521
-3.20954 -8.29964 101.63
6.68475 11.7511 69.4979
6.70046 11.9259 69.5275
6.65784 11.917 69.8057
6.63504 11.7142 69.8021
1.81186 -14.1175 73.0699
1.79821 -14.2619 73.0894
1.8062 -14.4323 73.3347
1.82634 -14.2324 73.329
-3.99334 7.93756 122.845
-4.04412 8.05394 122.983
-4.30136 8.08498 122.979
-4.26893 7.93097 122.821
-3.20954 -8.29964 101.63
-3.34836 -8.39619 101.521
-3.59922 -8.37389 101.546
-3.45473 -8.26354 101.67
6.74127 11.9427 69.2673
6.76539 12.1033 69.2897
6.71691 12.0917 69.5451
6.70046 11.9259 69.5275
1.78424 -14.1667 72.8517
1.77274 -14.2736 72.8577
1.80387 -14.4234 73.074
1.79821 -14.2619 73.0894
2.30406 -18.2242 16.5047
2.32612 -18.2838 16.3613
2.44334 -18.5221 16.2988
2.39358 -18.4636 16.4411
-11.6421 12.6229 21.5452
-11.7151 12.7209 21.4253
-11.8492 12.8456 21.5316
-11.7823 12.7554 21.643
6.70046 11.9259 69.5275
6.71691 12.0917 69.5451
6.67546 12.0736 69.8085
6.65784 11.917 69.8057
1.79821 -14.2619 73.0894
1.80387 -14.4234 73.074
1.83626 -14.5738 73.2945
1.8062 -14.4323 73.3347
2.32612 -18.2838 16.3613
2.34599 -18.3316 16.2167
2.49745 -18.5858 16.144
2.44334 -18.5221 16.2988
-11.7151 12.7209 21.4253
-11.7865 12.8178 21.3019
-11.922 12.9436 21.4104
-11.8492 12.8456 21.5316
6.71691 12.0917 69.5451
6.74385 12.2588 69.5515
6.69462 12.244 69.8115
6.67546 12.0736 69.8085
1.80387 -14.4234 73.074
1.83536 -14.5788 73.0151
1.87103 -14.7262 73.2325
1.83626 -14.5738 73.2945
2.34599 -18.3316 16.2167
2.36408 -18.3693 16.0698
2.55317 -18.6514 15.9847
2.49745 -18.5858 16.144
-11.7865 12.8178 21.3019
-11.8578 12.9153 21.1749
-11.9969 13.0446 21.2857
-11.922 12.9436 21.4104
5.4772 12.2565 51.1612
5.49172 12.429 51.0084
5.47587 12.4058 51.3039
5.46505 12.2291 51.3892
3.3299 -12.5933 54.4343
3.39003 -12.7587 54.468
3.33287 -12.6526 54.7329
3.27347 -12.4883 54.6943
2.36408 -18.3693 16.0698
2.39399 -18.4043 15.9145
2.58674 -18.7083 15.8147
2.55317 -18.6514 15.9847
-11.8578 12.9153 21.1749
-11.9295 13.0137 21.0446
-12.0727 13.1467 21.1596
-11.9969 13.0446 21.2857
5.46505 12.2291 51.3892
5.47587 12.4058 51.3039
5.45966 12.3773 51.6033
5.45186 12.198 51.6196
3.27347 -12.4883 54.6943
3.33287 -12.6526 54.7329
3.2737 -12.5412 54.9984
3.21542 -12.3791 54.9555
5.49172 12.429 51.0084
5.49957 12.6154 50.9656
5.48303 12.5923 51.2747
5.47587 12.4058 51.3039
3.39003 -12.7587 54.468
3.45188 -12.9285 54.5009
3.39415 -12.8218 54.7714
3.33287 -12.6526 54.7329
2.39399 -18.4043 15.9145
2.42002 -18.428 15.7573
2.55736 -18.7701 15.6425
2.58674 -18.7083 15.8147
-11.9295 13.0137 21.0446
-12.0023 13.1141 20.9102
-12.1518 13.2531 21.028
-12.0727 13.1467 21.1596
5.47587 12.4058 51.3039
5.48303 12.5923 51.2747
5.46619 12.5644 51.5866
5.45966 12.3773 51.6033
3.33287 -12.6526 54.7329
3.39415 -12.8218 54.7714
3.33446 -12.7101 55.043
3.2737 -12.5412 54.9984
5.49957 12.6154 50.9656
5.50775 12.8057 50.9186
5.49044 12.7831 51.2429
5.48303 12.5923 51.2747
3.45188 -12.9285 54.5009
3.51546 -13.1028 54.533
3.45712 -12.9956 54.8097
3.39415 -12.8218 54.7714
2.42002 -18.428 15.7573
2.3975 -18.4462 15.5989
2.47501 -18.8181 15.4733
2.55736 -18.7701 15.6425
-12.0023 13.1141 20.9102
-12.076 13.2159 20.772
-12.2328 13.3623 20.8932
-12.1518 13.2531 21.028
5.48303 12.5923 51.2747
5.49044 12.7831 51.2429
5.47289 12.7564 51.5696
5.46619 12.5644 51.5866
3.39415 -12.8218 54.7714
3.45712 -12.9956 54.8097
3.39675 -12.8834 55.0889
3.33446 -12.7101 55.043
5.50775 12.8057 50.9186
5.51631 12.9999 50.8665
5.49814 12.9781 51.208
5.49044 12.7831 51.2429
3.51546 -13.1028 54.533
3.58092 -13.2819 54.5637
3.52179 -13.1737 54.8474
3.45712 -12.9956 54.8097
5.49044 12.7831 51.2429
5.49814 12.9781 51.208
5.47966 12.9505 51.5523
5.47289 12.7564 51.5696
3.45712 -12.9956 54.8097
3.52179 -13.1737 54.8474
3.45978 -13.0587 55.1352
3.39675 -12.8834 55.0889
5.51631 12.9999 50.8665
5.52536 13.1984 50.8075
5.50624 13.1786 51.1688
5.49814 12.9781 51.208
3.58092 -13.2819 54.5637
3.64284 -13.4478 54.5725
3.58881 -13.3579 54.884
3.52179 -13.1737 54.8474
5.49814 12.9781 51.208
5.50624 13.1786 51.1688
5.4867 13.1525 51.5344
5.47966 12.9505 51.5523
3.52179 -13.1737 54.8474
3.58881 -13.3579 54.884
3.52534 -13.241 55.1834
3.45978 -13.0587 55.1352
5.52536 13.1984 50.8075
5.53504 13.4015 50.7388
5.51487 13.3852 51.1227
5.50624 13.1786 51.1688
3.64284 -13.4478 54.5725
3.71012 -13.6077 54.553
3.64601 -13.5104 54.8811
3.58881 -13.3579 54.884
5.50624 13.1786 51.1688
5.51487 13.3852 51.1227
5.49397 13.3608 51.5158
5.4867 13.1525 51.5344
3.58881 -13.3579 54.884
3.64601 -13.5104 54.8811
3.59297 -13.4291 55.2331
3.52534 -13.241 55.1834
5.53504 13.4015 50.7388
5.57835 13.5988 50.6477
5.5287 13.5983 51.0626
5.51487 13.3852 51.1227
3.71012 -13.6077 54.553
3.80175 -13.8008 54.5067
3.73577 -13.7028 54.8615
3.64601 -13.5104 54.8811
-9.26159 12.2658 -2.26033
-9.10275 12.1297 -2.19267
-9.09525 12.2192 -2.48671
-9.27386 12.3379 -2.51578
15.7482 -4.40995 2.01439
15.5661 -4.39725 1.86841
15.8149 -4.52225 1.17291
16.0274 -4.5563 1.19359
5.51487 13.3852 51.1227
5.5287 13.5983 51.0626
5.50157 13.5786 51.4965
5.49397 13.3608 51.5158
3.64601 -13.5104 54.8811
3.73577 -13.7028 54.8615
3.67688 -13.6208 55.2203
3.59297 -13.4291 55.2331
6.84933 14.0335 87.0624
6.89398 14.1422 86.9133
6.87668 14.2664 87.2031
6.8535 14.0964 87.2968
1.919 -14.3003 91.0503
1.95661 -14.3754 91.0402
1.97286 -14.4276 91.3182
1.91848 -14.2413 91.3482
6.89223 14.0918 86.6944
6.93328 14.205 86.5571
6.91575 14.3111 86.8335
6.89398 14.1422 86.9133
1.94988 -14.4115 90.7682
1.98642 -14.4845 90.7576
2.00047 -14.5398 91.0195
1.95661 -14.3754 91.0402
-3.05634 9.29135 125.514
-2.98894 9.36441 125.615
-3.31909 9.42368 125.693
-3.41776 9.35917 125.537
-3.824 -10.2146 99.4675
-3.88781 -10.3577 99.3059
-4.10786 -10.3591 99.3044
-4.06762 -10.221 99.4603
6.89398 14.1422 86.9133
6.91575 14.3111 86.8335
6.89857 14.4269 87.1146
6.87668 14.2664 87.2031
1.95661 -14.3754 91.0402
2.00047 -14.5398 91.0195
2.01689 -14.6058 91.2881
1.97286 -14.4276 91.3182
6.93328 14.205 86.5571
6.95491 14.3751 86.4798
6.93896 14.4726 86.7536
6.91575 14.3111 86.8335
1.98642 -14.4845 90.7576
2.03219 -14.6686 90.7397
2.04465 -14.7186 90.9984
2.00047 -14.5398 91.0195
-2.98894 9.36441 125.615
-2.8992 9.43113 125.7
-3.21768 9.48477 125.771
-3.31909 9.42368 125.693
-3.88781 -10.3577 99.3059
-3.89753 -10.5004 99.1448
-4.1425 -10.4924 99.1538
-4.10786 -10.3591 99.3044
6.91575 14.3111 86.8335
6.93896 14.4726 86.7536
6.93052 14.5595 87.0304
6.89857 14.4269 87.1146
2.00047 -14.5398 91.0195
2.04465 -14.7186 90.9984
2.05537 -14.7615 91.2618
2.01689 -14.6058 91.2881
-3.31909 9.42368 125.693
-3.21768 9.48477 125.771
-3.54134 9.53846 125.842
-3.65464 9.48716 125.716
-4.10786 -10.3591 99.3044
-4.1425 -10.4924 99.1538
-4.34986 -10.4815 99.1662
-4.33562 -10.366 99.2965
8.39313 14.2169 68.8424
8.42941 14.3361 68.7501
8.41753 14.4066 68.8913
8.36594 14.2768 68.9906
2.19538 -16.9684 71.7616
2.22517 -17.1248 71.6076
2.23266 -17.1732 71.7201
2.20906 -17.0206 71.8436
-2.8992 9.43113 125.7
-2.78714 9.49335 125.779
-3.08535 9.55254 125.857
-3.21768 9.48477 125.771
-3.89753 -10.5004 99.1448
-3.87252 -10.6433 98.9835
-4.11849 -10.6337 98.9943
-4.1425 -10.4924 99.1538
8.36594 14.2768 68.9906
8.41753 14.4066 68.8913
8.42193 14.4724 69.039
8.32672 14.3348 69.1278
2.20906 -17.0206 71.8436
2.23266 -17.1732 71.7201
2.25077 -17.2192 71.775
2.23036 -17.0792 71.8986
-3.21768 9.48477 125.771
-3.08535 9.55254 125.857
-3.3832 9.62271 125.949
-3.54134 9.53846 125.842
-4.1425 -10.4924 99.1538
-4.11849 -10.6337 98.9943
-4.36664 -10.6176 99.0125
-4.34986 -10.4815 99.1662
-2.78714 9.49335 125.779
-2.63949 9.56519 125.871
-2.91872 9.64023 125.969
-3.08535 9.55254 125.857
-3.87252 -10.6433 98.9835
-3.79618 -10.7719 98.8383
-4.02209 -10.7612 98.8504
-4.11849 -10.6337 98.9943
-3.08535 9.55254 125.857
-2.91872 9.64023 125.969
-3.19959 9.72053 126.074
-3.3832 9.62271 125.949
-4.11849 -10.6337 98.9943
-4.02209 -10.7612 98.8504
-4.24648 -10.7539 98.8586
-4.36664 -10.6176 99.0125
-2.63949 9.56519 125.871
-2.47385 9.64744 125.975
-2.75562 9.7251 126.077
-2.91872 9.64023 125.969
-3.79618 -10.7719 98.8383
-3.69291 -10.8909 98.7039
-3.91582 -10.8808 98.7153
-4.02209 -10.7612 98.8504
-2.91872 9.64023 125.969
-2.75562 9.7251 126.077
-3.05099 9.79964 126.174
-3.19959 9.72053 126.074
-4.02209 -10.7612 98.8504
-3.91582 -10.8808 98.7153
-4.14652 -10.8637 98.7346
-4.24648 -10.7539 98.8586
-2.47385 9.64744 125.975
-2.30483 9.72979 126.08
-2.58165 9.81425 126.19
-2.75562 9.7251 126.077
-3.69291 -10.8909 98.7039
-3.58544 -11.011 98.5683
-3.80147 -11.0072 98.5726
-3.91582 -10.8808 98.7153
-2.75562 9.7251 126.077
-2.58165 9.81425 126.19
-2.85994 9.90148 126.304
-3.05099 9.79964 126.174
-3.91582 -10.8808 98.7153
-3.80147 -11.0072 98.5726
-4.01802 -11.0051 98.575
-4.14652 -10.8637 98.7346
-2.30483 9.72979 126.08
-2.13511 9.81031 126.183
-2.40758 9.90129 126.301
-2.58165 9.81425 126.19
-3.58544 -11.011 98.5683
-3.47518 -11.1295 98.4346
-3.68592 -11.1317 98.4321
-3.80147 -11.0072 98.5726
0.658254 -18.1721 13.1697
0.649161 -18.0916 13.0139
0.639697 -18.3814 13.0106
0.776568 -18.4345 13.1773
-12.1393 14.3036 18.3308
-12.1103 14.2868 18.127
-12.2187 14.4396 18.1741
-12.2381 14.4406 18.3905
-2.58165 9.81425 126.19
-2.40758 9.90129 126.301
-2.68041 9.99712 126.426
-2.85994 9.90148 126.304
-3.80147 -11.0072 98.5726
-3.68592 -11.1317 98.4321
-3.89726 -11.1378 98.4252
-4.01802 -11.0051 98.575
-2.13511 9.81031 126.183
-1.96494 9.887 126.28
-2.23358 9.98357 126.406
-2.40758 9.90129 126.301
-3.47518 -11.1295 98.4346
-3.36194 -11.2442 98.305
-3.56897 -11.2518 98.2965
-3.68592 -11.1317 98.4321
-2.40758 9.90129 126.301
-2.23358 9.98357 126.406
-2.51102 10.0874 126.541
-2.68041 9.99712 126.426
-3.68592 -11.1317 98.4321
-3.56897 -11.2518 98.2965
-3.78332 -11.2631 98.2837
-3.89726 -11.1378 98.4252
-12.8337 -8.30766 83.4986
-13.0607 -8.38526 83.2643
-12.9004 -8.41308 83.6385
-12.6334 -8.20744 83.6701
7.36529 15.2881 85.9034
7.43656 15.3942 85.767
7.43535 15.4814 85.9531
7.35956 15.3667 86.0944
-1.96494 9.887 126.28
-1.79481 9.96009 126.373
-2.04981 10.058 126.5
-2.23358 9.98357 126.406
-3.36194 -11.2442 98.305
-3.24596 -11.3551 98.1798
-3.44309 -11.3676 98.1657
-3.56897 -11.2518 98.2965
-2.23358 9.98357 126.406
-2.04981 10.058 126.5
-2.35035 10.1729 126.65
-2.51102 10.0874 126.541
-3.56897 -11.2518 98.2965
-3.44309 -11.3676 98.1657
-3.67524 -11.3819 98.1496
-3.78332 -11.2631 98.2837
-1.79481 9.96009 126.373
-1.70867 10.105 126.518
-1.8935 10.1812 126.623
-2.04981 10.058 126.5
-3.24596 -11.3551 98.1798
-3.21234 -11.4975 98.0191
-3.35474 -11.5123 98.0023
-3.44309 -11.3676 98.1657
-2.04981 10.058 126.5
-1.8935 10.1812 126.623
-2.07751 10.3066 126.779
-2.35035 10.1729 126.65
-3.44309 -11.3676 98.1657
-3.35474 -11.5123 98.0023
-3.50606 -11.5679 97.9396
-3.67524 -11.3819 98.1496
-13.2425 -8.56392 83.3608
-13.3505 -8.67089 83.3202
-13.3188 -8.68811 83.4598
-13.1797 -8.56144 83.4719
7.52323 15.5736 85.7052
7.59965 15.731 85.649
7.60343 15.7988 85.7702
7.52706 15.6499 85.8438
-1.70867 10.105 126.518
-1.62108 10.2274 126.635
-1.77744 10.2906 126.722
-1.8935 10.1812 126.623
-3.21234 -11.4975 98.0191
-3.17502 -11.6208 97.8798
-3.29643 -11.6329 97.8662
-3.35474 -11.5123 98.0023
-1.8935 10.1812 126.623
-1.77744 10.2906 126.722
-1.92793 10.3763 126.832
-2.07751 10.3066 126.779
-3.35474 -11.5123 98.0023
-3.29643 -11.6329 97.8662
-3.41779 -11.6649 97.8301
-3.50606 -11.5679 97.9396
-1.62108 10.2274 126.635
-1.53907 10.3302 126.732
-1.66791 10.378 126.799
-1.77744 10.2906 126.722
-3.17502 -11.6208 97.8798
-3.13838 -11.7268 97.7601
-3.23849 -11.7338 97.7523
-3.29643 -11.6329 97.8662
-13.3188 -8.68811 83.4598
-13.442 -8.76714 83.4126
-13.4097 -8.81403 83.532
-13.3053 -8.72758 83.6032
7.60343 15.7988 85.7702
7.66796 15.9212 85.7011
7.67442 15.9873 85.8053
7.61963 15.8957 85.8895
-1.77744 10.2906 126.722
-1.66791 10.378 126.799
-1.79913 10.4363 126.877
-1.92793 10.3763 126.832
-3.29643 -11.6329 97.8662
-3.23849 -11.7338 97.7523
-3.34178 -11.7485 97.7357
-3.41779 -11.6649 97.8301
-4.11438 7.14104 122.071
-4.03092 7.08357 121.939
-3.90604 7.10754 122.039
-3.94275 7.2135 122.151
-2.74348 -7.7202 102.284
-2.63249 -7.63541 102.379
-2.56077 -7.69869 102.308
-2.6656 -7.78029 102.216
-3.94275 7.2135 122.151
-3.90604 7.10754 122.039
-3.75271 7.17491 122.126
-3.78362 7.27529 122.221
-2.6656 -7.78029 102.216
-2.56077 -7.69869 102.308
-2.49497 -7.76104 102.238
-2.58788 -7.83303 102.156
-3.90604 7.10754 122.039
-3.80144 7.068 121.914
-3.68643 7.09712 122.031
-3.75271 7.17491 122.126
-2.56077 -7.69869 102.308
-2.45013 -7.61795 102.399
-2.3913 -7.69122 102.316
-2.49497 -7.76104 102.238
-11.5132 -7.9441 29.9855
-11.3967 -7.78317 29.9603
-11.4351 -7.80974 29.6779
-11.5609 -7.94773 29.7305
4.18611 10.9119 32.8115
4.08222 10.785 32.6988
4.19759 10.9675 32.4387
4.27582 11.1153 32.5195
-11.3967 -7.78317 29.9603
-11.2585 -7.59246 29.9303
-11.3157 -7.64009 29.5984
-11.4351 -7.80974 29.6779
4.08222 10.785 32.6988
3.99408 10.6197 32.5707
4.15571 10.8412 32.2851
4.19759 10.9675 32.4387
7.83949 14.8073 14.653
7.77578 14.7082 14.6921
7.72416 14.5906 14.557
7.75662 14.6801 14.5882
2.20018 -16.7614 18.1096
2.20147 -16.5657 18.2202
2.17613 -16.4658 18.072
2.1773 -16.6637 17.9797
-11.4351 -7.80974 29.6779
-11.3157 -7.64009 29.5984
-11.3715 -7.68914 29.3026
-11.4805 -7.84775 29.415
4.19759 10.9675 32.4387
4.15571 10.8412 32.2851
4.28861 11.059 32.0589
4.30864 11.1478 32.2083
-11.2585 -7.59246 29.9303
-11.151 -7.44401 29.907
-11.1979 -7.46941 29.4848
-11.3157 -7.64009 29.5984
3.99408 10.6197 32.5707
4.01029 10.526 32.4151
4.18989 10.8607 32.1702
4.15571 10.8412 32.2851
-11.3157 -7.64009 29.5984
-11.1979 -7.46941 29.4848
-11.2614 -7.52638 29.1612
-11.3715 -7.68914 29.3026
4.15571 10.8412 32.2851
4.18989 10.8607 32.1702
4.33422 11.0998 31.9285
4.28861 11.059 32.0589
-11.151 -7.44401 29.907
-10.905 -7.10444 29.8536
-11.0388 -7.24956 29.4479
-11.1979 -7.46941 29.4848
4.01029 10.526 32.4151
4.02999 10.3356 32.0414
4.20754 10.7681 31.9543
4.18989 10.8607 32.1702
10.7455 -1.04286 75.9699
10.9377 -1.02853 75.6197
11.072 -0.982356 75.8225
10.9464 -0.989195 76.059
-9.57354 -5.14663 79.9328
-9.6261 -5.34911 79.5066
-9.98265 -5.62268 79.6199
-9.93513 -5.47924 79.8969
-11.1979 -7.46941 29.4848
-11.0388 -7.24956 29.4479
-11.1277 -7.34215 29.1353
-11.2614 -7.52638 29.1612
4.18989 10.8607 32.1702
4.20754 10.7681 31.9543
4.33865 11.0716 31.8659
4.33422 11.0998 31.9285
10.9464 -0.989195 76.059
11.072 -0.982356 75.8225
11.1882 -0.944232 75.9599
11.0988 -0.940133 76.1674
-9.93513 -5.47924 79.8969
-9.98265 -5.62268 79.6199
-10.25 -5.83545 79.6838
-10.2018 -5.70451 79.9253
-11.6934 15.1299 -0.0423909
-11.771 15.0647 0.0905859
-11.5229 14.9735 -0.0245799
-11.5107 14.8697 -0.207723
18.2397 -5.01887 4.73649
18.2235 -4.94902 4.88698
17.9511 -4.84887 4.88892
17.9139 -4.95897 4.70445
-9.504 10.9183 22.9387
-9.35724 10.8412 22.9627
-9.51068 10.8515 22.6846
-9.63256 11.0175 22.6206
12.4811 -1.32769 26.2824
12.3407 -1.30989 26.1967
12.5215 -1.34702 25.9409
12.7257 -1.37554 25.988
-10.905 -7.10444 29.8536
-10.7995 -6.97801 29.8249
-10.9194 -7.0895 29.4752
-11.0388 -7.24956 29.4479
4.02999 10.3356 32.0414
4.03784 10.2597 31.8925
4.20164 10.6394 31.7828
4.20754 10.7681 31.9543
10.9377 -1.02853 75.6197
11.0369 -1.00778 75.4895
11.1732 -0.963371 75.6445
11.072 -0.982356 75.8225
-9.6261 -5.34911 79.5066
-9.64704 -5.42982 79.3368
-9.97097 -5.6907 79.4059
-9.98265 -5.62268 79.6199
-11.0388 -7.24956 29.4479
-10.9194 -7.0895 29.4752
-11.0141 -7.1866 29.1252
-11.1277 -7.34215 29.1353
4.20754 10.7681 31.9543
4.20164 10.6394 31.7828
4.35625 10.9955 31.6756
4.33865 11.0716 31.8659
11.072 -0.982356 75.8225
11.1732 -0.963371 75.6445
11.306 -0.920423 75.7883
11.1882 -0.944232 75.9599
-9.98265 -5.62268 79.6199
-9.97097 -5.6907 79.4059
-10.2827 -5.94378 79.4668
-10.25 -5.83545 79.6838
-9.35724 10.8412 22.9627
-9.19232 10.7545 22.9897
-9.39843 10.6886 22.7219
-9.51068 10.8515 22.6846
12.3407 -1.30989 26.1967
12.1829 -1.28988 26.1005
12.3363 -1.3226 25.8774
12.5215 -1.34702 25.9409
-10.7995 -6.97801 29.8249
-10.6618 -6.85861 29.7738
-10.8274 -6.98125 29.4915
-10.9194 -7.0895 29.4752
4.03784 10.2597 31.8925
4.04667 10.1743 31.7251
4.19895 10.5231 31.6165
4.20164 10.6394 31.7828
11.0369 -1.00778 75.4895
11.1485 -0.984472 75.3431
11.2755 -0.944579 75.477
11.1732 -0.963371 75.6445
-9.64704 -5.42982 79.3368
-9.67058 -5.5205 79.1459
-9.99262 -5.74239 79.2249
-9.97097 -5.6907 79.4059
-11.5229 14.9735 -0.0245799
-11.6319 14.904 0.139444
-11.3997 14.8149 0.0354324
-11.3583 14.7776 -0.13556
17.9511 -4.84887 4.88892
17.904 -4.7672 4.98044
17.6334 -4.66873 4.9613
17.6736 -4.74805 4.86903
-10.9194 -7.0895 29.4752
-10.8274 -6.98125 29.4915
-10.9344 -7.08155 29.1621
-11.0141 -7.1866 29.1252
4.20164 10.6394 31.7828
4.19895 10.5231 31.6165
4.35427 10.8796 31.507
4.35625 10.9955 31.6756
11.1732 -0.963371 75.6445
11.2755 -0.944579 75.477
11.4445 -0.933028 75.6028
11.306 -0.920423 75.7883
-9.97097 -5.6907 79.4059
-9.99262 -5.74239 79.2249
-10.3287 -5.96483 79.3125
-10.2827 -5.94378 79.4668
-9.19232 10.7545 22.9897
-9.00915 10.6582 23.0196
-9.28631 10.528 22.7423
-9.39843 10.6886 22.7219
12.1829 -1.28988 26.1005
12.0076 -1.26767 25.9937
12.1581 -1.30055 25.7953
12.3363 -1.3226 25.8774
-9.00915 10.6582 23.0196
-8.8 10.5483 23.0538
-9.17542 10.3708 22.7483
-9.28631 10.528 22.7423
12.0076 -1.26767 25.9937
11.8075 -1.24229 25.8717
11.9877 -1.28071 25.6984
12.1581 -1.30055 25.7953
-8.79774 -16.1764 -12.1184
-8.74725 -16.2712 -12.2088
-8.33519 -15.8086 -12.1127
-8.38209 -15.6585 -12.0208
-12.0658 14.8172 0.595497
-12.131 14.7624 0.707235
-11.9216 14.6479 0.64879
-11.848 14.7585 0.472344
-8.8 10.5483 23.0538
-8.67667 10.4835 23.074
-9.07936 10.2371 22.7427
-9.17542 10.3708 22.7483
11.8075 -1.24229 25.8717
11.6905 -1.22698 25.7987
11.8467 -1.2639 25.6012
11.9877 -1.28071 25.6984
-8.38209 -15.6585 -12.0208
-8.33519 -15.8086 -12.1127
-7.90736 -15.371 -12.0426
-7.98941 -15.2509 -11.949
-11.848 14.7585 0.472344
-11.9216 14.6479 0.64879
-11.6952 14.5055 0.604997
-11.6238 14.6486 0.396716
-8.74725 -16.2712 -12.2088
-8.68231 -16.3909 -12.327
-8.29098 -15.9555 -12.2385
-8.33519 -15.8086 -12.1127
-12.131 14.7624 0.707235
-12.1262 14.7255 0.867293
-11.9435 14.5325 0.843675
-11.9216 14.6479 0.64879
-8.33519 -15.8086 -12.1127
-8.29098 -15.9555 -12.2385
-7.83855 -15.5678 -12.2163
-7.90736 -15.371 -12.0426
-11.9216 14.6479 0.64879
-11.9435 14.5325 0.843675
-11.7526 14.3529 0.811185
-11.6952 14.5055 0.604997
-8.68231 -16.3909 -12.327
-8.61019 -16.5238 -12.4583
-8.19088 -16.1236 -12.4094
-8.29098 -15.9555 -12.2385
-12.1262 14.7255 0.867293
-12.0641 14.706 1.05602
-11.8868 14.5165 1.0234
-11.9435 14.5325 0.843675
-8.29098 -15.9555 -12.2385
-8.19088 -16.1236 -12.4094
-7.73991 -15.7417 -12.3866
-7.83855 -15.5678 -12.2163
-11.9435 14.5325 0.843675
-11.8868 14.5165 1.0234
-11.7136 14.3317 0.993278
-11.7526 14.3529 0.811185
-8.4548 9.98859 23.0505
-8.34184 9.85336 22.9638
-8.69915 9.71631 22.6075
-8.78146 9.853 22.6596
11.3524 -1.12052 25.3708
11.2344 -1.08337 25.2215
11.3887 -1.11996 25.0296
11.5032 -1.15619 25.1802
-8.34184 9.85336 22.9638
-8.21907 9.70639 22.8696
-8.60721 9.59511 22.5381
-8.69915 9.71631 22.6075
11.2344 -1.08337 25.2215
11.1061 -1.04299 25.0593
11.2743 -1.08344 24.869
11.3887 -1.11996 25.0296
-9.67973 -6.17093 29.2017
-9.61215 -6.04833 29.0447
-9.90228 -6.25559 28.669
-9.94134 -6.36836 28.8375
4.08398 9.75919 30.4954
4.13662 9.78334 30.2902
4.25662 10.0508 30.2242
4.22693 10.0267 30.4213
5.49251 9.03156 66.6207
5.55112 9.05565 66.4177
5.57573 9.26011 66.4321
5.55285 9.2833 66.6083
1.59748 -10.5287 71.2651
1.55851 -10.4891 71.0632
1.59539 -10.8551 70.8989
1.63057 -10.877 71.0963
-9.94134 -6.36836 28.8375
-9.90228 -6.25559 28.669
-10.1749 -6.45081 28.317
-10.2091 -6.55955 28.4829
4.22693 10.0267 30.4213
4.25662 10.0508 30.2242
4.3531 10.3026 30.1615
4.32181 10.2724 30.3532
-8.21907 9.70639 22.8696
-8.21212 9.52771 22.7575
-8.52099 9.48469 22.4464
-8.60721 9.59511 22.5381
11.1061 -1.04299 25.0593
10.9777 -1.00254 24.8967
11.1714 -1.05016 24.7004
11.2743 -1.08344 24.869
-9.61215 -6.04833 29.0447
-9.55986 -5.91834 28.8817
-9.85688 -6.14327 28.5288
-9.90228 -6.25559 28.669
4.13662 9.78334 30.2902
4.18705 9.80571 30.084
4.2964 10.1012 30.0206
4.25662 10.0508 30.2242
5.55112 9.05565 66.4177
5.60984 9.07977 66.2143
5.61944 9.26364 66.2534
5.57573 9.26011 66.4321
1.55851 -10.4891 71.0632
1.51947 -10.4494 70.8609
1.56146 -10.849 70.6923
1.59539 -10.8551 70.8989
-9.90228 -6.25559 28.669
-9.85688 -6.14327 28.5288
-10.0831 -6.33102 28.3011
-10.1749 -6.45081 28.317
4.25662 10.0508 30.2242
4.2964 10.1012 30.0206
4.39452 10.3597 29.9649
4.3531 10.3026 30.1615
5.60984 9.07977 66.2143
5.67506 9.10658 65.9884
5.67506 9.25871 66.0496
5.61944 9.26364 66.2534
1.51947 -10.4494 70.8609
1.47758 -10.4043 70.6364
1.53145 -10.8292 70.5253
1.56146 -10.849 70.6923
-9.85688 -6.14327 28.5288
-9.71778 -6.00514 28.5221
-9.9208 -6.15767 28.3681
-10.0831 -6.33102 28.3011
4.2964 10.1012 30.0206
4.33236 10.1046 29.8126
4.42013 10.3496 29.7699
4.39452 10.3597 29.9649
5.67506 9.10658 65.9884
5.73493 9.13119 65.781
5.72366 9.26623 65.8459
5.67506 9.25871 66.0496
1.47758 -10.4043 70.6364
1.47937 -10.3364 70.4336
1.51816 -10.7653 70.3622
1.53145 -10.8292 70.5253
-7.33281 7.80512 91.6168
-7.26993 7.87097 91.4184
-7.47633 7.91361 91.3929
-7.52059 7.93213 91.5773
-0.372423 5.74982 119.911
-0.135103 5.76382 119.903
-0.0450567 5.91896 120.18
-0.258455 5.93301 120.238
2.98251 -10.4457 33.444
3.00408 -10.5056 33.2262
3.01366 -10.5147 33.2971
3.05628 -10.6387 33.4131
-8.34642 7.21929 37.3901
-8.32319 7.21591 37.1974
-8.46843 7.34513 37.1596
-8.49958 7.35621 37.3427
5.73493 9.13119 65.781
5.7919 9.15458 65.5837
5.75311 9.32278 65.6518
5.72366 9.26623 65.8459
1.47937 -10.3364 70.4336
1.48089 -10.2956 70.2391
1.51551 -10.7119 70.1776
1.51816 -10.7653 70.3622
-7.26993 7.87097 91.4184
-7.21005 7.93365 91.2297
-7.44859 7.91394 91.2137
-7.47633 7.91361 91.3929
-0.135103 5.76382 119.903
0.0907124 5.77713 119.894
0.165961 5.91459 120.141
-0.0450567 5.91896 120.18
5.7919 9.15458 65.5837
5.83651 9.19569 65.4002
5.80389 9.40079 65.4598
5.75311 9.32278 65.6518
1.48089 -10.2956 70.2391
1.4818 -10.334 70.049
1.51285 -10.7072 69.9952
1.51551 -10.7119 70.1776
-7.21005 7.93365 91.2297
-7.153 7.99337 91.0499
-7.43217 7.92668 91.0407
-7.44859 7.91394 91.2137
0.0907124 5.77713 119.894
0.305919 5.78981 119.886
0.372072 5.91473 120.111
0.165961 5.91459 120.141
5.83651 9.19569 65.4002
5.85026 9.29326 65.2357
5.88701 9.50643 65.2663
5.80389 9.40079 65.4598
1.4818 -10.334 70.049
1.48268 -10.3715 69.8639
1.51645 -10.6649 69.8401
1.51285 -10.7072 69.9952
-7.153 7.99337 91.0499
-7.09748 8.0515 90.8748
-7.42461 7.94909 90.873
-7.43217 7.92668 91.0407
0.305919 5.78981 119.886
0.515382 5.80217 119.878
0.574253 5.91742 120.086
0.372072 5.91473 120.111
5.85026 9.29326 65.2357
5.86384 9.38954 65.0733
5.94723 9.57749 65.0815
5.88701 9.50643 65.2663
1.48268 -10.3715 69.8639
1.49271 -10.3997 69.6804
1.53009 -10.6681 69.6644
1.51645 -10.6649 69.8401
14.8613 -2.3814 55.1816
15.015 -2.41631 55.1389
15.0649 -2.34315 55.27
14.9429 -2.35782 55.331
-11.2999 -5.41884 59.9401
-11.4242 -5.49173 59.8303
-11.6067 -5.61832 59.901
-11.4963 -5.55478 60.0123
-9.118 -5.62579 27.7617
-9.06809 -5.58617 27.6011
-9.20101 -5.77373 27.5945
-9.27659 -5.80012 27.7361
4.46181 10.0378 28.9127
4.52715 10.123 28.7788
4.60449 10.3244 28.7779
4.53862 10.2443 28.9219
14.9409 -2.49978 54.9583
15.0861 -2.43642 54.9636
15.1446 -2.33645 55.1306
15.015 -2.41631 55.1389
-11.2406 -5.36411 59.7569
-11.3654 -5.43833 59.6595
-11.5494 -5.56534 59.7229
-11.4242 -5.49173 59.8303
15.015 -2.41631 55.1389
15.1446 -2.33645 55.1306
15.1907 -2.24522 55.299
15.0649 -2.34315 55.27
-11.4242 -5.49173 59.8303
-11.5494 -5.56534 59.7229
-11.7199 -5.68396 59.7928
-11.6067 -5.61832 59.901
-9.06809 -5.58617 27.6011
-8.99788 -5.53044 27.3752
-9.13858 -5.75875 27.4384
-9.20101 -5.77373 27.5945
4.52715 10.123 28.7788
4.61908 10.2428 28.5904
4.67679 10.4142 28.6228
4.60449 10.3244 28.7779
15.0861 -2.43642 54.9636
15.2874 -2.29215 54.9509
15.311 -2.21983 55.1111
15.1446 -2.33645 55.1306
-11.3654 -5.43833 59.6595
-11.541 -5.54276 59.5225
-11.6875 -5.64693 59.6086
-11.5494 -5.56534 59.7229
15.1446 -2.33645 55.1306
15.311 -2.21983 55.1111
15.3424 -2.14173 55.273
15.1907 -2.24522 55.299
-11.5494 -5.56534 59.7229
-11.6875 -5.64693 59.6086
-11.8384 -5.75323 59.6864
-11.7199 -5.68396 59.7928
-8.99788 -5.53044 27.3752
-8.94258 -5.48658 27.1972
-9.09808 -5.75756 27.2881
-9.13858 -5.75875 27.4384
4.61908 10.2428 28.5904
4.6915 10.3373 28.442
4.74621 10.5022 28.4765
4.67679 10.4142 28.6228
15.2874 -2.29215 54.9509
15.4484 -2.18177 54.9415
15.4688 -2.11054 55.104
15.311 -2.21983 55.1111
-11.541 -5.54276 59.5225
-11.6793 -5.62502 59.4145
-11.8208 -5.72597 59.5019
-11.6875 -5.64693 59.6086
-7.06591 8.1804 90.3421
-7.17779 8.17543 90.1878
-7.47254 8.12874 90.2222
-7.44876 8.07061 90.3798
1.15375 5.89118 119.888
1.33865 5.95491 119.958
1.32194 6.07611 120.186
1.1394 6.02167 120.119
15.311 -2.21983 55.1111
15.4688 -2.11054 55.104
15.4897 -2.03944 55.2653
15.3424 -2.14173 55.273
-11.6875 -5.64693 59.6086
-11.8208 -5.72597 59.5019
-11.9589 -5.82431 59.5855
-11.8384 -5.75323 59.6864
1.88437 -12.297 19.1119
1.76695 -12.153 19.0371
1.8526 -12.4086 18.9205
1.94594 -12.5346 18.9928
-7.69266 8.18395 21.7339
-7.64784 8.12231 21.5533
-7.75339 8.30879 21.3796
-7.80112 8.38546 21.5275
-8.94258 -5.48658 27.1972
-8.81828 -5.42229 27.0615
-9.07863 -5.77083 27.1361
-9.09808 -5.75756 27.2881
4.6915 10.3373 28.442
4.76603 10.4344 28.2893
4.8166 10.5937 28.3319
4.74621 10.5022 28.4765
15.4484 -2.18177 54.9415
15.6141 -2.06819 54.9318
15.6251 -2.00019 55.104
15.4688 -2.11054 55.104
-11.6793 -5.62502 59.4145
-11.8217 -5.70967 59.3035
-11.957 -5.80718 59.3982
-11.8208 -5.72597 59.5019
-7.17779 8.17543 90.1878
-7.29286 8.17034 90.0291
-7.50516 8.19655 90.0695
-7.47254 8.12874 90.2222
1.33865 5.95491 119.958
1.5306 6.01389 120.031
1.50274 6.13347 120.259
1.32194 6.07611 120.186
15.4688 -2.11054 55.104
15.6251 -2.00019 55.104
15.6326 -1.93585 55.273
15.4897 -2.03944 55.2653
-11.8208 -5.72597 59.5019
-11.957 -5.80718 59.3982
-12.0839 -5.89889 59.4906
-11.9589 -5.82431 59.5855
1.76695 -12.153 19.0371
1.64064 -11.9981 18.9565
1.74446 -12.3032 18.8206
1.8526 -12.4086 18.9205
-7.64784 8.12231 21.5533
-7.59965 8.05606 21.3591
-7.71519 8.24753 21.2164
-7.75339 8.30879 21.3796
-8.81828 -5.42229 27.0615
-8.94186 -5.41197 26.9732
-9.08406 -5.80183 26.9788
-9.07863 -5.77083 27.1361
4.76603 10.4344 28.2893
4.84622 10.539 28.125
4.89022 10.6928 28.186
4.8166 10.5937 28.3319
15.6141 -2.06819 54.9318
15.7923 -1.94597 54.9214
15.7844 -1.88506 55.1116
15.6251 -2.00019 55.104
-11.8217 -5.70967 59.3035
-11.9748 -5.80077 59.184
-12.1009 -5.89364 59.2963
-11.957 -5.80718 59.3982
-7.29286 8.17034 90.0291
-7.41676 8.16483 89.8583
-7.54808 8.28822 89.9218
-7.50516 8.19655 90.0695
1.5306 6.01389 120.031
1.73712 6.07737 120.11
1.68585 6.19653 120.342
1.50274 6.13347 120.259
1.8526 -12.4086 18.9205
1.74446 -12.3032 18.8206
1.77115 -12.5354 18.6399
1.87386 -12.6198 18.7476
-7.75339 8.30879 21.3796
-7.71519 8.24753 21.2164
-7.82659 8.42732 21.0902
-7.85294 8.46949 21.2454
15.6251 -2.00019 55.104
15.7844 -1.88506 55.1116
15.7745 -1.82827 55.294
15.6326 -1.93585 55.273
-11.957 -5.80718 59.3982
-12.1009 -5.89364 59.2963
-12.1888 -5.95185 59.4202
-12.0839 -5.89889 59.4906
-3.4752 7.53451 122.489
-3.33867 7.51838 122.482
-3.26726 7.63997 122.603
-3.42157 7.65678 122.61
-2.51708 -8.045 101.917
-2.40105 -8.04054 101.922
-2.41133 -8.14132 101.808
-2.5449 -8.1436 101.806
6.73572 11.4493 68.9245
6.76001 11.4437 68.7577
6.79405 11.6191 68.6651
6.76958 11.6287 68.8362
1.79263 -13.8274 72.5339
1.78217 -13.7897 72.3845
1.76562 -13.862 72.3045
1.77652 -13.9056 72.4652
-3.42157 7.65678 122.61
-3.26726 7.63997 122.603
-3.19887 7.77012 122.733
-3.36366 7.7921 122.744
-2.5449 -8.1436 101.806
-2.41133 -8.14132 101.808
-2.42152 -8.25307 101.682
-2.56949 -8.25461 101.68
6.76958 11.6287 68.8362
6.79405 11.6191 68.6651
6.84321 11.7935 68.5947
6.81325 11.8123 68.7622
1.77652 -13.9056 72.4652
1.76562 -13.862 72.3045
1.74693 -13.939 72.2087
1.7581 -13.986 72.376
-3.36366 7.7921 122.744
-3.19887 7.77012 122.733
-3.12596 7.86041 122.863
-3.29682 7.89101 122.876
-2.56949 -8.25461 101.68
-2.42152 -8.25307 101.682
-2.42803 -8.37395 101.546
-2.58743 -8.37549 101.544
5.49795 12.2991 50.7168
5.50706 12.325 50.4836
5.5278 12.485 50.3377
5.51654 12.4698 50.5484
3.43664 -12.7886 53.9227
3.48681 -12.8786 53.6719
3.54868 -13.0462 53.6912
3.49797 -12.9555 53.9465
5.51654 12.4698 50.5484
5.5278 12.485 50.3377
5.54389 12.6612 50.1282
5.5313 12.6479 50.3659
3.49797 -12.9555 53.9465
3.54868 -13.0462 53.6912
3.61126 -13.2161 53.7133
3.56055 -13.1258 53.9707
5.5313 12.6479 50.3659
5.54389 12.6612 50.1282
5.5571 12.848 49.9809
5.54114 12.8379 50.2862
3.56055 -13.1258 53.9707
3.61126 -13.2161 53.7133
3.67359 -13.3853 53.7349
3.62442 -13.2996 53.9955
5.54114 12.8379 50.2862
5.5571 12.848 49.9809
5.56831 13.0397 49.8757
5.55141 13.03 50.1996
3.62442 -13.2996 53.9955
3.67359 -13.3853 53.7349
3.71124 -13.5033 53.7171
3.66553 -13.4321 53.9947
5.55141 13.03 50.1996
5.56831 13.0397 49.8757
5.57987 13.2317 49.7638
5.56212 13.224 50.1055
3.66553 -13.4321 53.9947
3.71124 -13.5033 53.7171
3.795 -13.6804 53.6791
3.74063 -13.5997 53.9714
5.56212 13.224 50.1055
5.57987 13.2317 49.7638
5.58966 13.4217 49.7253
5.57272 13.4192 50.0142
3.74063 -13.5997 53.9714
3.795 -13.6804 53.6791
3.87161 -13.8469 53.6801
3.82657 -13.781 53.9298
-2.55952 9.07321 125.23
-2.38514 8.99802 125.129
-2.24177 9.06779 125.244
-2.41995 9.15377 125.345
-3.29374 -10.0704 99.6303
-3.06319 -10.0793 99.6202
-3.08377 -10.2256 99.4551
-3.33071 -10.2168 99.465
-2.41995 9.15377 125.345
-2.24177 9.06779 125.244
-2.11971 9.16806 125.366
-2.33831 9.25059 125.465
-3.33071 -10.2168 99.465
-3.08377 -10.2256 99.4551
-3.12026 -10.3733 99.2883
-3.37894 -10.3669 99.2955
-2.33831 9.25059 125.465
-2.11971 9.16806 125.366
-1.99533 9.26735 125.486
-2.27798 9.32482 125.56
-3.37894 -10.3669 99.2955
-3.12026 -10.3733 99.2883
-3.15372 -10.5212 99.1213
-3.39806 -10.5141 99.1294
6.98086 14.2138 85.9872
6.97475 14.1984 85.8148
7.02504 14.2747 85.6382
7.01105 14.3561 85.8786
2.01354 -14.6291 90.2502
2.00973 -14.664 90.0163
2.04526 -14.7368 89.9961
2.05436 -14.759 90.2298
-2.27798 9.32482 125.56
-1.99533 9.26735 125.486
-1.89578 9.34234 125.58
-2.18833 9.39174 125.645
-3.39806 -10.5141 99.1294
-3.15372 -10.5212 99.1213
-3.15709 -10.6656 98.9584
-3.39177 -10.658 98.9669
-2.18833 9.39174 125.645
-1.89578 9.34234 125.58
-1.78809 9.40353 125.658
-2.07314 9.45177 125.722
-3.39177 -10.658 98.9669
-3.15709 -10.6656 98.9584
-3.13417 -10.8053 98.8006
-3.35289 -10.7941 98.8132
-2.07314 9.45177 125.722
-1.78809 9.40353 125.658
-1.65532 9.45672 125.725
-1.93554 9.50483 125.789
-3.35289 -10.7941 98.8132
-3.13417 -10.8053 98.8006
-3.04159 -10.9196 98.6715
-3.25689 -10.9093 98.6832
-1.93554 9.50483 125.789
-1.65532 9.45672 125.725
-1.50166 9.50207 125.783
-1.7636 9.5714 125.873
-3.25689 -10.9093 98.6832
-3.04159 -10.9196 98.6715
-2.94478 -11.0311 98.5456
-3.158 -11.023 98.5548
-1.7636 9.5714 125.873
-1.50166 9.50207 125.783
-1.32274 9.55939 125.855
-1.59426 9.64038 125.961
-3.158 -11.023 98.5548
-2.94478 -11.0311 98.5456
-2.84668 -11.1399 98.4228
-3.05733 -11.1342 98.4293
-1.59426 9.64038 125.961
-1.32274 9.55939 125.855
-1.2379 9.67954 126.009
-1.44285 9.71625 126.058
-3.05733 -11.1342 98.4293
-2.84668 -11.1399 98.4228
-2.80833 -11.2705 98.2753
-2.96212 -11.2444 98.3048
-13.0932 -8.29025 82.9721
-13.2089 -8.34591 82.892
-13.2892 -8.42315 82.8572
-13.2402 -8.44105 83.0505
7.38606 15.1607 85.5369
7.40719 15.1332 85.3747
7.48797 15.3052 85.3269
7.4672 15.3272 85.4759
-1.44285 9.71625 126.058
-1.2379 9.67954 126.009
-1.19469 9.83915 126.171
-1.39307 9.86849 126.228
-2.96212 -11.2444 98.3048
-2.80833 -11.2705 98.2753
-2.80183 -11.4099 98.118
-2.94902 -11.3847 98.1464
-1.39307 9.86849 126.228
-1.19469 9.83915 126.171
-1.15882 9.99736 126.332
-1.34186 10.0185 126.379
-2.94902 -11.3847 98.1464
-2.80183 -11.4099 98.118
-2.79984 -11.5451 97.9653
-2.93798 -11.5193 97.9945
-1.34186 10.0185 126.379
-1.15882 9.99736 126.332
-1.14235 10.1093 126.481
-1.29507 10.159 126.52
-2.93798 -11.5193 97.9945
-2.79984 -11.5451 97.9653
-2.80246 -11.6747 97.819
-2.92977 -11.6454 97.8521
-1.29507 10.159 126.52
-1.14235 10.1093 126.481
-1.12812 10.2103 126.619
-1.26183 10.2713 126.648
-2.92977 -11.6454 97.8521
-2.80246 -11.6747 97.819
-2.81053 -11.7975 97.6804
-2.92589 -11.7616 97.7209
-3.33867 7.51838 122.482
-3.20286 7.48734 122.46
-3.11601 7.61173 122.585
-3.26726 7.63997 122.603
-2.40105 -8.04054 101.922
-2.27997 -8.02254 101.942
-2.27769 -8.12769 101.824
-2.41133 -8.14132 101.808
6.76001 11.4437 68.7577
6.78158 11.4229 68.5974
6.82169 11.5949 68.5037
6.79405 11.6191 68.6651
1.78217 -13.7897 72.3845
1.77315 -13.7432 72.2392
1.75581 -13.8137 72.1491
1.76562 -13.862 72.3045
-3.26726 7.63997 122.603
-3.11601 7.61173 122.585
-3.03777 7.7362 122.71
-3.19887 7.77012 122.733
-2.41133 -8.14132 101.808
-2.27769 -8.12769 101.824
-2.27697 -8.24195 101.695
-2.42152 -8.25307 101.682
5.5278 12.485 50.3377
5.5386 12.4965 50.1339
5.55497 12.6728 49.9189
5.54389 12.6612 50.1282
3.54868 -13.0462 53.6912
3.59724 -13.1318 53.4399
3.6594 -13.3007 53.4628
3.61126 -13.2161 53.7133
5.54389 12.6612 50.1282
5.55497 12.6728 49.9189
5.57245 12.8544 49.6852
5.5571 12.848 49.9809
3.61126 -13.2161 53.7133
3.6594 -13.3007 53.4628
3.68583 -13.4124 53.4656
3.67359 -13.3853 53.7349
5.5571 12.848 49.9809
5.57245 12.8544 49.6852
5.5848 13.0463 49.558
5.56831 13.0397 49.8757
3.67359 -13.3853 53.7349
3.68583 -13.4124 53.4656
3.76232 -13.5791 53.4418
3.71124 -13.5033 53.7171
1.56657 -13.8308 89.8513
1.58868 -13.9108 89.6469
1.65113 -14.0279 89.6719
1.62844 -13.945 89.8859
-10.868 10.8485 93.3626
-10.7774 10.8261 93.1978
-10.8685 10.967 93.0947
-10.9638 10.9914 93.2663
5.56831 13.0397 49.8757
5.5848 13.0463 49.558
5.59652 13.2361 49.4416
5.57987 13.2317 49.7638
3.71124 -13.5033 53.7171
3.76232 -13.5791 53.4418
3.84526 -13.7542 53.4028
3.795 -13.6804 53.6791
5.57987 13.2317 49.7638
5.59652 13.2361 49.4416
5.62115 13.4178 49.4424
5.58966 13.4217 49.7253
3.795 -13.6804 53.6791
3.84526 -13.7542 53.4028
3.9148 -13.9096 53.4371
3.87161 -13.8469 53.6801
-13.1064 -6.42756 64.3764
-13.251 -6.49624 64.1045
-13.3854 -6.60707 64.1203
-13.2309 -6.56103 64.3967
7.88365 13.4167 68.3978
7.91199 13.3688 68.2477
8.02748 13.4995 68.256
8.00001 13.5442 68.3983
-2.24177 9.06779 125.244
-2.06958 8.98628 125.148
-1.93728 9.07811 125.26
-2.11971 9.16806 125.366
-3.08377 -10.2256 99.4551
-2.84716 -10.2354 99.444
-2.86494 -10.3805 99.2802
-3.12026 -10.3733 99.2883
-2.11971 9.16806 125.366
-1.93728 9.07811 125.26
-1.82165 9.1827 125.386
-1.99533 9.26735 125.486
-3.12026 -10.3733 99.2883
-2.86494 -10.3805 99.2802
-2.91193 -10.529 99.1125
-3.15372 -10.5212 99.1213
2.00973 -14.664 90.0163
2.00026 -14.7078 89.7977
2.0219 -14.8014 89.8192
2.04526 -14.7368 89.9961
-11.9728 12.2006 92.5111
-11.8791 12.1761 92.3722
-11.9606 12.3121 92.2653
-12.0499 12.3346 92.3993
-1.99533 9.26735 125.486
-1.82165 9.1827 125.386
-1.68663 9.27306 125.496
-1.89578 9.34234 125.58
-3.15372 -10.5212 99.1213
-2.91193 -10.529 99.1125
-2.92574 -10.6741 98.9487
-3.15709 -10.6656 98.9584
-1.89578 9.34234 125.58
-1.68663 9.27306 125.496
-1.53549 9.34853 125.588
-1.78809 9.40353 125.658
-3.15709 -10.6656 98.9584
-2.92574 -10.6741 98.9487
-2.90803 -10.8136 98.7912
-3.13417 -10.8053 98.8006
-1.78809 9.40353 125.658
-1.53549 9.34853 125.588
-1.3754 9.40942 125.663
-1.65532 9.45672 125.725
-3.13417 -10.8053 98.8006
-2.90803 -10.8136 98.7912
-2.82677 -10.931 98.6586
-3.04159 -10.9196 98.6715
-1.65532 9.45672 125.725
-1.3754 9.40942 125.663
-1.22217 9.45341 125.719
-1.50166 9.50207 125.783
-3.04159 -10.9196 98.6715
-2.82677 -10.931 98.6586
-2.72958 -11.0403 98.5352
-2.94478 -11.0311 98.5456
-1.50166 9.50207 125.783
-1.22217 9.45341 125.719
-1.08082 9.50309 125.782
-1.32274 9.55939 125.855
-2.94478 -11.0311 98.5456
-2.72958 -11.0403 98.5352
-2.66004 -11.1587 98.4015
-2.84668 -11.1399 98.4228
-1.32274 9.55939 125.855
-1.08082 9.50309 125.782
-1.02688 9.65083 125.951
-1.2379 9.67954 126.009
-2.84668 -11.1399 98.4228
-2.66004 -11.1587 98.4015
-2.65239 -11.2996 98.2425
-2.80833 -11.2705 98.2753
-1.2379 9.67954 126.009
-1.02688 9.65083 125.951
-1.01169 9.80027 126.127
-1.19469 9.83915 126.171
-2.80833 -11.2705 98.2753
-2.65239 -11.2996 98.2425
-2.65218 -11.4394 98.0847
-2.80183 -11.4099 98.118
-1.19469 9.83915 126.171
-1.01169 9.80027 126.127
-1.00191 9.92285 126.291
-1.15882 9.99736 126.332
-2.80183 -11.4099 98.118
-2.65218 -11.4394 98.0847
-2.65843 -11.5772 97.9291
-2.79984 -11.5451 97.9653
-1.15882 9.99736 126.332
-1.00191 9.92285 126.291
-0.990988 10.0371 126.444
-1.14235 10.1093 126.481
-2.79984 -11.5451 97.9653
-2.65843 -11.5772 97.9291
-2.67059 -11.7115 97.7775
-2.80246 -11.6747 97.819
-3.20286 7.48734 122.46
-3.06231 7.44612 122.429
-2.96285 7.57491 122.559
-3.11601 7.61173 122.585
-2.27997 -8.02254 101.942
-2.15348 -7.99406 101.975
-2.14275 -8.10436 101.85
-2.27769 -8.12769 101.824
6.78158 11.4229 68.5974
6.79135 11.3949 68.4302
6.84658 11.5607 68.346
6.82169 11.5949 68.5037
1.77315 -13.7432 72.2392
1.76478 -13.6901 72.0925
1.7466 -13.7608 71.9943
1.75581 -13.8137 72.1491
-3.11601 7.61173 122.585
-2.96285 7.57491 122.559
-2.87659 7.69776 122.683
-3.03777 7.7362 122.71
-2.27769 -8.12769 101.824
-2.14275 -8.10436 101.85
-2.13408 -8.22204 101.717
-2.27697 -8.24195 101.695
-3.03777 7.7362 122.71
-2.87659 7.69776 122.683
-2.79302 7.78646 122.813
-2.9593 7.82541 122.841
-2.27697 -8.24195 101.695
-2.13408 -8.22204 101.717
-2.12413 -8.34692 101.576
-2.27412 -8.36434 101.556
5.5386 12.4965 50.1339
5.55662 12.5318 49.9647
5.56565 12.6813 49.7156
5.55497 12.6728 49.9189
3.59724 -13.1318 53.4399
3.64374 -13.2127 53.1928
3.69415 -13.3594 53.2101
3.6594 -13.3007 53.4628
5.55497 12.6728 49.9189
5.56565 12.6813 49.7156
5.58372 12.8627 49.4703
5.57245 12.8544 49.6852
3.6594 -13.3007 53.4628
3.69415 -13.3594 53.2101
3.73022 -13.4791 53.2052
3.68583 -13.4124 53.4656
1.54643 -13.7718 89.6107
1.54955 -13.8778 89.4077
1.60973 -13.9885 89.4438
1.58868 -13.9108 89.6469
-10.6793 10.6852 93.2842
-10.5917 10.6622 93.128
-10.6864 10.802 93.0359
-10.7774 10.8261 93.1978
5.57245 12.8544 49.6852
5.58372 12.8627 49.4703
5.60086 13.0498 49.2468
5.5848 13.0463 49.558
3.68583 -13.4124 53.4656
3.73022 -13.4791 53.2052
3.81202 -13.6521 53.1683
3.76232 -13.5791 53.4418
1.58868 -13.9108 89.6469
1.60973 -13.9885 89.4438
1.67283 -14.1087 89.4586
1.65113 -14.0279 89.6719
-10.7774 10.8261 93.1978
-10.6864 10.802 93.0359
-10.7724 10.9409 92.9254
-10.8685 10.967 93.0947
5.5848 13.0463 49.558
5.60086 13.0498 49.2468
5.61052 13.2374 49.1692
5.59652 13.2361 49.4416
3.76232 -13.5791 53.4418
3.81202 -13.6521 53.1683
3.88686 -13.8146 53.1686
3.84526 -13.7542 53.4028
1.65113 -14.0279 89.6719
1.67283 -14.1087 89.4586
1.71284 -14.1856 89.4644
1.7142 -14.1485 89.6839
-10.8685 10.967 93.0947
-10.7724 10.9409 92.9254
-10.8711 11.0829 92.8381
-10.9547 11.1071 92.982
1.7142 -14.1485 89.6839
1.71284 -14.1856 89.4644
1.74875 -14.2507 89.4909
1.75037 -14.2137 89.7133
-10.9547 11.1071 92.982
-10.8711 11.0829 92.8381
-10.9751 11.2227 92.7555
-11.0496 11.2367 92.8755
1.75037 -14.2137 89.7133
1.74875 -14.2507 89.4909
1.78489 -14.3171 89.5129
1.78679 -14.2802 89.7374
-11.0496 11.2367 92.8755
-10.9751 11.2227 92.7555
-11.0676 11.3503 92.6453
-11.1455 11.3652 92.7704
1.78679 -14.2802 89.7374
1.78489 -14.3171 89.5129
1.82112 -14.3847 89.5297
1.82332 -14.3481 89.7553
-11.1455 11.3652 92.7704
-11.0676 11.3503 92.6453
-11.1661 11.4785 92.5461
-11.251 11.4955 92.6809
1.82332 -14.3481 89.7553
1.82112 -14.3847 89.5297
1.85742 -14.4533 89.5412
1.85987 -14.4173 89.7666
-11.251 11.4955 92.6809
-11.1661 11.4785 92.5461
-11.2726 11.6083 92.4599
-11.3606 11.6266 92.5978
-2.06958 8.98628 125.148
-1.90043 8.90709 125.055
-1.7704 8.99989 125.168
-1.93728 9.07811 125.26
-2.84716 -10.2354 99.444
-2.61588 -10.2458 99.4322
-2.63665 -10.3907 99.2686
-2.86494 -10.3805 99.2802
-1.93728 9.07811 125.26
-1.7704 8.99989 125.168
-1.64784 9.09839 125.287
-1.82165 9.1827 125.386
-2.86494 -10.3805 99.2802
-2.63665 -10.3907 99.2686
-2.67049 -10.5371 99.1034
-2.91193 -10.529 99.1125
-1.82165 9.1827 125.386
-1.64784 9.09839 125.287
-1.52059 9.19424 125.403
-1.68663 9.27306 125.496
-2.91193 -10.529 99.1125
-2.67049 -10.5371 99.1034
-2.69731 -10.6834 98.9382
-2.92574 -10.6741 98.9487
-1.68663 9.27306 125.496
-1.52059 9.19424 125.403
-1.37259 9.27139 125.497
-1.53549 9.34853 125.588
-2.92574 -10.6741 98.9487
-2.69731 -10.6834 98.9382
-2.68416 -10.8229 98.7807
-2.90803 -10.8136 98.7912
-1.53549 9.34853 125.588
-1.37259 9.27139 125.497
-1.21055 9.33153 125.571
-1.3754 9.40942 125.663
-2.90803 -10.8136 98.7912
-2.68416 -10.8229 98.7807
-2.6113 -10.9429 98.6452
-2.82677 -10.931 98.6586
13.8718 -0.923739 61.2048
14.0952 -0.983503 61.1055
14.2291 -0.995346 61.0498
13.9942 -0.961034 61.3106
-14.2986 -6.82058 64.5315
-14.2985 -6.83218 64.4606
-14.3625 -6.86977 64.553
-14.3641 -6.85876 64.6277
-1.3754 9.40942 125.663
-1.21055 9.33153 125.571
-1.04058 9.37702 125.628
-1.22217 9.45341 125.719
-2.82677 -10.931 98.6586
-2.6113 -10.9429 98.6452
-2.51092 -11.05 98.5244
-2.72958 -11.0403 98.5352
-1.22217 9.45341 125.719
-1.04058 9.37702 125.628
-0.8896 9.46694 125.737
-1.08082 9.50309 125.782
-2.72958 -11.0403 98.5352
-2.51092 -11.05 98.5244
-2.49583 -11.1894 98.367
-2.66004 -11.1587 98.4015
-1.08082 9.50309 125.782
-0.8896 9.46694 125.737
-0.851144 9.58664 125.908
-1.02688 9.65083 125.951
-2.66004 -11.1587 98.4015
-2.49583 -11.1894 98.367
-2.4924 -11.33 98.2082
-2.65239 -11.2996 98.2425
-1.02688 9.65083 125.951
-0.851144 9.58664 125.908
-0.844995 9.71716 126.081
-1.01169 9.80027 126.127
-2.65239 -11.2996 98.2425
-2.4924 -11.33 98.2082
-2.49851 -11.4714 98.0485
-2.65218 -11.4394 98.0847
-3.06231 7.44612 122.429
-2.91293 7.39875 122.393
-2.80335 7.53247 122.528
-2.96285 7.57491 122.559
-2.15348 -7.99406 101.975
-2.01455 -7.96863 102.003
-2.00471 -8.07432 101.884
-2.14275 -8.10436 101.85
-2.96285 7.57491 122.559
-2.80335 7.53247 122.528
-2.71144 7.6558 122.653
-2.87659 7.69776 122.683
-2.14275 -8.10436 101.85
-2.00471 -8.07432 101.884
-1.99191 -8.19423 101.749
-2.13408 -8.22204 101.717
-2.87659 7.69776 122.683
-2.71144 7.6558 122.653
-2.62407 7.74422 122.779
-2.79302 7.78646 122.813
-2.13408 -8.22204 101.717
-1.99191 -8.19423 101.749
-1.97727 -8.32173 101.605
-2.12413 -8.34692 101.576
5.55662 12.5318 49.9647
5.57629 12.5712 49.8087
5.58502 12.7192 49.5516
5.56565 12.6813 49.7156
3.64374 -13.2127 53.1928
3.68797 -13.2886 52.9514
3.70482 -13.3871 52.9649
3.69415 -13.3594 53.2101
5.56565 12.6813 49.7156
5.58502 12.7192 49.5516
5.59621 12.875 49.2709
5.58372 12.8627 49.4703
3.69415 -13.3594 53.2101
3.70482 -13.3871 52.9649
3.77671 -13.547 52.9464
3.73022 -13.4791 53.2052
1.54955 -13.8778 89.4077
1.56883 -13.9505 89.2135
1.62983 -14.0642 89.2417
1.60973 -13.9885 89.4438
-10.5917 10.6622 93.128
-10.5036 10.6373 92.9748
-10.5947 10.7763 92.8763
-10.6864 10.802 93.0359
5.58372 12.8627 49.4703
5.59621 12.875 49.2709
5.61395 13.0519 48.9926
5.60086 13.0498 49.2468
3.73022 -13.4791 53.2052
3.77671 -13.547 52.9464
3.85865 -13.7198 52.9059
3.81202 -13.6521 53.1683
1.60973 -13.9885 89.4438
1.62983 -14.0642 89.2417
1.67572 -14.1573 89.221
1.67283 -14.1087 89.4586
-10.6864 10.802 93.0359
-10.5947 10.7763 92.8763
-10.6788 10.9138 92.7642
-10.7724 10.9409 92.9254
5.60086 13.0498 49.2468
5.61395 13.0519 48.9926
5.6242 13.2369 48.9021
5.61052 13.2374 49.1692
3.81202 -13.6521 53.1683
3.85865 -13.7198 52.9059
3.88601 -13.8313 52.9228
3.88686 -13.8146 53.1686
1.67283 -14.1087 89.4586
1.67572 -14.1573 89.221
1.71119 -14.2214 89.2487
1.71284 -14.1856 89.4644
-10.7724 10.9409 92.9254
-10.6788 10.9138 92.7642
-10.7881 11.0578 92.6975
-10.8711 11.0829 92.8381
1.71284 -14.1856 89.4644
1.71119 -14.2214 89.2487
1.74693 -14.2866 89.273
1.74875 -14.2507 89.4909
-10.8711 11.0829 92.8381
-10.7881 11.0578 92.6975
-10.8969 11.2025 92.6278
-10.9751 11.2227 92.7555
1.74875 -14.2507 89.4909
1.74693 -14.2866 89.273
1.78287 -14.3529 89.2933
1.78489 -14.3171 89.5129
-10.9751 11.2227 92.7555
-10.8969 11.2025 92.6278
-10.9922 11.335 92.526
-11.0676 11.3503 92.6453
1.78489 -14.3171 89.5129
1.78287 -14.3529 89.2933
1.81893 -14.4202 89.3094
1.82112 -14.3847 89.5297
-11.0676 11.3503 92.6453
-10.9922 11.335 92.526
-11.0845 11.462 92.4171
-11.1661 11.4785 92.5461
1.82112 -14.3847 89.5297
1.81893 -14.4202 89.3094
1.85507 -14.4885 89.3209
1.85742 -14.4533 89.5412
-11.1661 11.4785 92.5461
-11.0845 11.462 92.4171
-11.1877 11.5907 92.3264
-11.2726 11.6083 92.4599
-1.90043 8.90709 125.055
-1.73417 8.82983 124.965
-1.60611 8.92336 125.078
-1.7704 8.99989 125.168
-2.61588 -10.2458 99.4322
-2.3893 -10.2566 99.42
-2.41251 -10.4012 99.2568
-2.63665 -10.3907 99.2686
-1.7704 8.99989 125.168
-1.60611 8.92336 125.078
-1.4756 9.01561 125.19
-1.64784 9.09839 125.287
-2.63665 -10.3907 99.2686
-2.41251 -10.4012 99.2568
-2.43221 -10.5458 99.0935
-2.67049 -10.5371 99.1034
-1.64784 9.09839 125.287
-1.4756 9.01561 125.19
-1.35564 9.11664 125.312
-1.52059 9.19424 125.403
-2.67049 -10.5371 99.1034
-2.43221 -10.5458 99.0935
-2.47128 -10.6932 98.9271
-2.69731 -10.6834 98.9382
-1.52059 9.19424 125.403
-1.35564 9.11664 125.312
-1.20967 9.19522 125.408
-1.37259 9.27139 125.497
-2.69731 -10.6834 98.9382
-2.47128 -10.6932 98.9271
-2.46152 -10.8331 98.7692
-2.68416 -10.8229 98.7807
-1.37259 9.27139 125.497
-1.20967 9.19522 125.408
-1.04624 9.25135 125.477
-1.21055 9.33153 125.571
-2.68416 -10.8229 98.7807
-2.46152 -10.8331 98.7692
-2.39281 -10.9545 98.6321
-2.6113 -10.9429 98.6452
-1.21055 9.33153 125.571
-1.04624 9.25135 125.477
-0.89049 9.33 125.573
-1.04058 9.37702 125.628
-2.6113 -10.9429 98.6452
-2.39281 -10.9545 98.6321
-2.33934 -11.0807 98.4897
-2.51092 -11.05 98.5244
-13.1259 -8.11129 82.4749
-13.2089 -8.12274 82.3137
-13.2817 -8.19203 82.2769
-13.2321 -8.22241 82.5044
7.26857 14.6597 85.0507
7.28775 14.6882 84.935
7.38554 14.848 84.8706
7.36447 14.8655 85.0348
-1.04058 9.37702 125.628
-0.89049 9.33 125.573
-0.767863 9.41654 125.702
-0.8896 9.46694 125.737
-2.51092 -11.05 98.5244
-2.33934 -11.0807 98.4897
-2.32518 -11.2181 98.3345
-2.49583 -11.1894 98.367
-2.91293 7.39875 122.393
-2.75171 7.34865 122.355
-2.63412 7.48738 122.496
-2.80335 7.53247 122.528
-2.01455 -7.96863 102.003
-1.8478 -7.9703 102.001
-1.836 -8.07988 101.878
-2.00471 -8.07432 101.884
-2.80335 7.53247 122.528
-2.63412 7.48738 122.496
-2.53855 7.61145 122.621
-2.71144 7.6558 122.653
-2.00471 -8.07432 101.884
-1.836 -8.07988 101.878
-1.8274 -8.19293 101.75
-1.99191 -8.19423 101.749
-2.71144 7.6558 122.653
-2.53855 7.61145 122.621
-2.4495 7.6998 122.744
-2.62407 7.74422 122.779
-1.99191 -8.19423 101.749
-1.8274 -8.19293 101.75
-1.81884 -8.3106 101.617
-1.97727 -8.32173 101.605
5.57629 12.5712 49.8087
5.58741 12.6424 49.5337
5.60495 12.7579 49.3955
5.58502 12.7192 49.5516
3.68797 -13.2886 52.9514
3.71299 -13.333 52.7121
3.74233 -13.4433 52.7189
3.70482 -13.3871 52.9649
1.52596 -13.8207 89.1709
1.52888 -13.9156 88.9761
1.5872 -14.0212 89.0204
1.56883 -13.9505 89.2135
-10.4048 10.4986 93.0544
-10.3179 10.4723 92.9076
-10.415 10.6109 92.8239
-10.5036 10.6373 92.9748
5.58502 12.7192 49.5516
5.60495 12.7579 49.3955
5.61711 12.9157 49.1069
5.59621 12.875 49.2709
3.70482 -13.3871 52.9649
3.74233 -13.4433 52.7189
3.80144 -13.5919 52.6802
3.77671 -13.547 52.9464
1.56883 -13.9505 89.2135
1.5872 -14.0212 89.0204
1.63873 -14.1217 89.0198
1.62983 -14.0642 89.2417
-10.5036 10.6373 92.9748
-10.415 10.6109 92.8239
-10.5021 10.7489 92.7181
-10.5947 10.7763 92.8763
5.59621 12.875 49.2709
5.61711 12.9157 49.1069
5.62723 13.0688 48.8355
5.61395 13.0519 48.9926
3.77671 -13.547 52.9464
3.80144 -13.5919 52.6802
3.81637 -13.7117 52.6712
3.85865 -13.7198 52.9059
1.62983 -14.0642 89.2417
1.63873 -14.1217 89.0198
1.6739 -14.1917 89.0111
1.67572 -14.1573 89.221
-10.5947 10.7763 92.8763
-10.5021 10.7489 92.7181
-10.5973 10.8885 92.6278
-10.6788 10.9138 92.7642
5.61395 13.0519 48.9926
5.62723 13.0688 48.8355
5.63757 13.2351 48.6401
5.6242 13.2369 48.9021
3.85865 -13.7198 52.9059
3.81637 -13.7117 52.6712
3.84228 -13.8412 52.7121
3.88601 -13.8313 52.9228
1.67572 -14.1573 89.221
1.6739 -14.1917 89.0111
1.7093 -14.2561 89.0364
1.71119 -14.2214 89.2487
-10.6788 10.9138 92.7642
-10.5973 10.8885 92.6278
-10.7056 11.032 92.5597
-10.7881 11.0578 92.6975
1.71119 -14.2214 89.2487
1.7093 -14.2561 89.0364
1.74494 -14.3214 89.0588
1.74693 -14.2866 89.273
-10.7881 11.0578 92.6975
-10.7056 11.032 92.5597
-10.8134 11.1761 92.489
-10.8969 11.2025 92.6278
1.74693 -14.2866 89.273
1.74494 -14.3214 89.0588
1.78075 -14.3877 89.0779
1.78287 -14.3529 89.2933
-10.8969 11.2025 92.6278
-10.8134 11.1761 92.489
-10.9191 11.3194 92.4125
-10.9922 11.335 92.526
1.78287 -14.3529 89.2933
1.78075 -14.3877 89.0779
1.81205 -14.462 89.1036
1.81893 -14.4202 89.3094
-10.9922 11.335 92.526
-10.9191 11.3194 92.4125
-11.0085 11.4461 92.2981
-11.0845 11.462 92.4171
-1.73417 8.82983 124.965
-1.57062 8.75402 124.875
-1.44395 8.8483 124.99
-1.60611 8.92336 125.078
-2.3893 -10.2566 99.42
-2.16666 -10.2674 99.4079
-2.19189 -10.412 99.2446
-2.41251 -10.4012 99.2568
-1.60611 8.92336 125.078
-1.44395 8.8483 124.99
-1.31473 8.94161 125.103
-1.4756 9.01561 125.19
-2.41251 -10.4012 99.2568
-2.19189 -10.412 99.2446
-2.21393 -10.557 99.081
-2.43221 -10.5458 99.0935
-1.4756 9.01561 125.19
-1.31473 8.94161 125.103
-1.19071 9.03954 125.222
-1.35564 9.11664 125.312
-2.43221 -10.5458 99.0935
-2.21393 -10.557 99.081
-2.24591 -10.7035 98.9155
-2.47128 -10.6932 98.9271
-1.35564 9.11664 125.312
-1.19071 9.03954 125.222
-1.04614 9.11888 125.318
-1.20967 9.19522 125.408
-2.47128 -10.6932 98.9271
-2.24591 -10.7035 98.9155
-2.23821 -10.8434 98.7576
-2.46152 -10.8331 98.7692
-1.20967 9.19522 125.408
-1.04614 9.11888 125.318
-0.887957 9.18883 125.404
-1.04624 9.25135 125.477
-2.46152 -10.8331 98.7692
-2.23821 -10.8434 98.7576
-2.19559 -10.9764 98.6075
-2.39281 -10.9545 98.6321
-13.0888 -8.00314 82.2804
-13.1863 -8.02011 82.1134
-13.257 -8.08691 82.0765
-13.2089 -8.12274 82.3137
7.19141 14.5309 85.0045
7.20387 14.5479 84.8773
7.30216 14.7086 84.8138
7.28775 14.6882 84.935
-1.04624 9.25135 125.477
-0.887957 9.18883 125.404
-0.737653 9.2736 125.507
-0.89049 9.33 125.573
-2.39281 -10.9545 98.6321
-2.19559 -10.9764 98.6075
-2.15717 -11.106 98.4611
-2.33934 -11.0807 98.4897
-13.2089 -8.12274 82.3137
-13.257 -8.08691 82.0765
-13.3821 -8.17462 82.0872
-13.2817 -8.19203 82.2769
7.28775 14.6882 84.935
7.30216 14.7086 84.8138
7.39573 14.8614 84.7469
7.38554 14.848 84.8706
-0.89049 9.33 125.573
-0.737653 9.2736 125.507
-0.646951 9.35664 125.659
-0.767863 9.41654 125.702
-2.33934 -11.0807 98.4897
-2.15717 -11.106 98.4611
-2.1451 -11.2417 98.3079
-2.32518 -11.2181 98.3345
4.38799 -16.5687 53.5604
4.38413 -16.694 53.4915
4.378 -16.8262 53.4132
4.40939 -16.7472 53.5641
-11.9695 10.3317 57.3214
-12.0397 10.3864 57.185
-12.1659 10.4967 57.2221
-12.0939 10.4404 57.3561
-2.75171 7.34865 122.355
-2.57503 7.29913 122.318
-2.45196 7.44256 122.464
-2.63412 7.48738 122.496
-1.8478 -7.9703 102.001
-1.66828 -7.97556 101.995
-1.65649 -8.08829 101.868
-1.836 -8.07988 101.878
-2.63412 7.48738 122.496
-2.45196 7.44256 122.464
-2.3551 7.56601 122.588
-2.53855 7.61145 122.621
-1.836 -8.07988 101.878
-1.65649 -8.08829 101.868
-1.64812 -8.20298 101.739
-1.8274 -8.19293 101.75
-2.53855 7.61145 122.621
-2.3551 7.56601 122.588
-2.26614 7.65442 122.709
-2.4495 7.6998 122.744
-1.8274 -8.19293 101.75
-1.64812 -8.20298 101.739
-1.64057 -8.32095 101.605
-1.81884 -8.3106 101.617
5.58741 12.6424 49.5337
5.59608 12.7205 49.2298
5.62467 12.7947 49.2431
5.60495 12.7579 49.3955
3.71299 -13.333 52.7121
3.72317 -13.3573 52.4763
3.73511 -13.4508 52.4529
3.74233 -13.4433 52.7189
1.52888 -13.9156 88.9761
1.54572 -13.9824 88.7883
1.60149 -14.085 88.8216
1.5872 -14.0212 89.0204
-10.3179 10.4723 92.9076
-10.2305 10.4444 92.7628
-10.3259 10.5832 92.6748
-10.415 10.6109 92.8239
5.60495 12.7579 49.3955
5.62467 12.7947 49.2431
5.63788 12.9547 48.9461
5.61711 12.9157 49.1069
3.74233 -13.4433 52.7189
3.73511 -13.4508 52.4529
3.76468 -13.6176 52.4628
3.80144 -13.5919 52.6802
1.5872 -14.0212 89.0204
1.60149 -14.085 88.8216
1.63666 -14.1614 88.778
1.63873 -14.1217 89.0198
-10.415 10.6109 92.8239
-10.3259 10.5832 92.6748
-10.4084 10.7198 92.561
-10.5021 10.7489 92.7181
5.61711 12.9157 49.1069
5.63788 12.9547 48.9461
5.64498 13.1009 48.6998
5.62723 13.0688 48.8355
3.80144 -13.5919 52.6802
3.76468 -13.6176 52.4628
3.7933 -13.7518 52.5095
3.81637 -13.7117 52.6712
1.63873 -14.1217 89.0198
1.63666 -14.1614 88.778
1.67181 -14.2252 88.8035
1.6739 -14.1917 89.0111
-10.5021 10.7489 92.7181
-10.4084 10.7198 92.561
-10.516 10.8623 92.4937
-10.5973 10.8885 92.6278
5.62723 13.0688 48.8355
5.64498 13.1009 48.6998
5.65232 13.2485 48.4502
5.63757 13.2351 48.6401
3.81637 -13.7117 52.6712
3.7933 -13.7518 52.5095
3.82478 -13.9018 52.5646
3.84228 -13.8412 52.7121
1.6739 -14.1917 89.0111
1.67181 -14.2252 88.8035
1.70719 -14.2898 88.827
1.7093 -14.2561 89.0364
-10.5973 10.8885 92.6278
-10.516 10.8623 92.4937
-10.6236 11.0056 92.4244
-10.7056 11.032 92.5597
1.7093 -14.2561 89.0364
1.70719 -14.2898 88.827
1.74104 -14.358 88.8517
1.74494 -14.3214 89.0588
-10.7056 11.032 92.5597
-10.6236 11.0056 92.4244
-10.7307 11.1494 92.3528
-10.8134 11.1761 92.489
1.74494 -14.3214 89.0588
1.74104 -14.358 88.8517
1.76537 -14.4417 88.8952
1.78075 -14.3877 89.0779
-10.8134 11.1761 92.489
-10.7307 11.1494 92.3528
-10.8372 11.2936 92.279
-10.9191 11.3194 92.4125
-1.57062 8.75402 124.875
-1.41093 8.68298 124.788
-1.28338 8.77453 124.903
-1.44395 8.8483 124.99
-2.16666 -10.2674 99.4079
-1.94732 -10.2783 99.3955
-1.97415 -10.4232 99.232
-2.19189 -10.412 99.2446
-1.44395 8.8483 124.99
-1.28338 8.77453 124.903
-1.15542 8.86874 125.017
-1.31473 8.94161 125.103
-2.19189 -10.412 99.2446
-1.97415 -10.4232 99.232
-1.99833 -10.5683 99.0681
-2.21393 -10.557 99.081
-1.31473 8.94161 125.103
-1.15542 8.86874 125.017
-1.02541 8.96228 125.131
-1.19071 9.03954 125.222
-2.21393 -10.557 99.081
-1.99833 -10.5683 99.0681
-2.02006 -10.7139 98.9038
-2.24591 -10.7035 98.9155
-1.19071 9.03954 125.222
-1.02541 8.96228 125.131
-0.882846 9.04434 125.231
-1.04614 9.11888 125.318
-2.24591 -10.7035 98.9155
-2.02006 -10.7139 98.9038
-2.01739 -10.8552 98.7443
-2.23821 -10.8434 98.7576
-13.0554 -7.89337 82.0751
-13.1642 -7.91515 81.9059
-13.2339 -7.98024 81.8671
-13.1863 -8.02011 82.1134
7.11199 14.3981 84.9518
7.11882 14.4056 84.8166
7.21533 14.5634 84.7531
7.20387 14.5479 84.8773
-1.04614 9.11888 125.318
-0.882846 9.04434 125.231
-0.733847 9.12683 125.331
-0.887957 9.18883 125.404
-2.23821 -10.8434 98.7576
-2.01739 -10.8552 98.7443
-2.00258 -10.9968 98.5844
-2.19559 -10.9764 98.6075
-13.1863 -8.02011 82.1134
-13.2339 -7.98024 81.8671
-13.3245 -8.05661 81.8411
-13.257 -8.08691 82.0765
7.20387 14.5479 84.8773
7.21533 14.5634 84.7531
7.30641 14.712 84.6859
7.30216 14.7086 84.8138
-0.887957 9.18883 125.404
-0.733847 9.12683 125.331
-0.610387 9.20295 125.446
-0.737653 9.2736 125.507
-2.19559 -10.9764 98.6075
-2.00258 -10.9968 98.5844
-1.9578 -11.1187 98.4468
-2.15717 -11.106 98.4611
-2.57503 7.29913 122.318
-2.38022 7.25357 122.286
-2.25386 7.40104 122.436
-2.45196 7.44256 122.464
-1.66828 -7.97556 101.995
-1.4762 -7.98685 101.983
-1.46539 -8.10209 101.853
-1.65649 -8.08829 101.868
-2.45196 7.44256 122.464
-2.25386 7.40104 122.436
-2.1579 7.52098 122.557
-2.3551 7.56601 122.588
-1.65649 -8.08829 101.868
-1.46539 -8.10209 101.853
-1.4585 -8.21778 101.722
-1.64812 -8.20298 101.739
-2.3551 7.56601 122.588
-2.1579 7.52098 122.557
-2.07156 7.60962 122.677
-2.26614 7.65442 122.709
-1.64812 -8.20298 101.739
-1.4585 -8.21778 101.722
-1.45311 -8.33533 101.589
-1.64057 -8.32095 101.605
5.47109 12.7042 48.4398
5.44435 12.6524 48.3662
5.52201 12.79 48.3933
5.51915 12.7227 48.6868
3.54561 -12.9357 52.5187
3.57922 -12.9534 52.3852
3.69171 -13.1883 52.3315
3.6587 -13.1668 52.4658
13.931 -1.18662 58.5161
13.9815 -1.17239 58.4228
14.1051 -1.17539 58.5422
13.9433 -1.17037 58.6327
-12.2296 -6.24794 63.5621
-12.3259 -6.29591 63.4256
-12.4628 -6.38229 63.4432
-12.359 -6.33008 63.5842
1.50623 -13.8611 88.7311
1.50765 -13.9539 88.5358
1.56188 -14.0477 88.6012
1.54572 -13.9824 88.7883
-10.1271 10.3074 92.8275
-10.0385 10.2782 92.683
-10.1427 10.4153 92.6197
-10.2305 10.4444 92.7628
1.54572 -13.9824 88.7883
1.56188 -14.0477 88.6012
1.59918 -14.122 88.5923
1.60149 -14.085 88.8216
-10.2305 10.4444 92.7628
-10.1427 10.4153 92.6197
-10.2361 10.5543 92.5266
-10.3259 10.5832 92.6748
5.62467 12.7947 49.2431
5.64429 12.8302 49.0932
5.6552 12.9848 48.8155
5.63788 12.9547 48.9461
3.73511 -13.4508 52.4529
3.74355 -13.5661 52.3447
3.78371 -13.7735 52.4046
3.76468 -13.6176 52.4628
1.60149 -14.085 88.8216
1.59918 -14.122 88.5923
1.6343 -14.1936 88.5745
1.63666 -14.1614 88.778
-10.3259 10.5832 92.6748
-10.2361 10.5543 92.5266
-10.3278 10.6929 92.4303
-10.4084 10.7198 92.561
5.63788 12.9547 48.9461
5.6552 12.9848 48.8155
5.66247 13.1316 48.5675
5.64498 13.1009 48.6998
3.76468 -13.6176 52.4628
3.78371 -13.7735 52.4046
3.81789 -13.938 52.4697
3.7933 -13.7518 52.5095
1.63666 -14.1614 88.778
1.6343 -14.1936 88.5745
1.6695 -14.2578 88.5982
1.67181 -14.2252 88.8035
-10.4084 10.7198 92.561
-10.3278 10.6929 92.4303
-10.4349 10.8355 92.3616
-10.516 10.8623 92.4937
5.64498 13.1009 48.6998
5.66247 13.1316 48.5675
5.68343 13.29 48.3628
5.65232 13.2485 48.4502
3.7933 -13.7518 52.5095
3.81789 -13.938 52.4697
3.85257 -14.1055 52.535
3.82478 -13.9018 52.5646
1.67181 -14.2252 88.8035
1.6695 -14.2578 88.5982
1.6945 -14.3386 88.6432
1.70719 -14.2898 88.827
-10.516 10.8623 92.4937
-10.4349 10.8355 92.3616
-10.5419 10.9787 92.2912
-10.6236 11.0056 92.4244
-1.41093 8.68298 124.788
-1.25569 8.61738 124.701
-1.12497 8.70154 124.817
-1.28338 8.77453 124.903
-1.94732 -10.2783 99.3955
-1.73074 -10.289 99.3835
-1.75907 -10.434 99.2198
-1.97415 -10.4232 99.232
-1.28338 8.77453 124.903
-1.12497 8.70154 124.817
-0.997828 8.7966 124.933
-1.15542 8.86874 125.017
-1.97415 -10.4232 99.232
-1.75907 -10.434 99.2198
-1.78496 -10.5795 99.0555
-1.99833 -10.5683 99.0681
-1.15542 8.86874 125.017
-0.997828 8.7966 124.933
-0.8703 8.89017 125.046
-1.02541 8.96228 125.131
-1.99833 -10.5683 99.0681
-1.78496 -10.5795 99.0555
-1.80864 -10.7239 98.8925
-2.02006 -10.7139 98.9038
-13.0353 -7.7781 81.8315
-13.1432 -7.8034 81.6771
-13.208 -7.86565 81.6458
-13.1642 -7.91515 81.9059
7.0246 14.2515 84.8762
7.03031 14.2573 84.7473
7.1211 14.4058 84.6899
7.11882 14.4056 84.8166
-1.02541 8.96228 125.131
-0.8703 8.89017 125.046
-0.733013 8.96929 125.142
-0.882846 9.04434 125.231
-2.02006 -10.7139 98.9038
-1.80864 -10.7239 98.8925
-1.8062 -10.8601 98.7387
-2.01739 -10.8552 98.7443
-0.882846 9.04434 125.231
-0.733013 8.96929 125.142
-0.586871 9.03793 125.226
-0.733847 9.12683 125.331
-2.01739 -10.8552 98.7443
-1.8062 -10.8601 98.7387
-1.78346 -10.9911 98.5908
-2.00258 -10.9968 98.5844
-0.733847 9.12683 125.331
-0.586871 9.03793 125.226
-0.48759 9.11147 125.356
-0.610387 9.20295 125.446
-2.00258 -10.9968 98.5844
-1.78346 -10.9911 98.5908
-1.74204 -11.1119 98.4544
-1.9578 -11.1187 98.4468
-15.2027 -5.90161 6.61885
-15.0433 -5.7914 6.70684
-15.0365 -5.76912 6.57616
-15.1795 -5.8875 6.44921
7.6159 13.6806 9.92608
7.52841 13.4998 10.0359
7.5509 13.4918 9.84061
7.63918 13.6738 9.7284
-15.2885 -7.45792 64.0383
-15.3538 -7.53005 63.8299
-15.4812 -7.65769 63.801
-15.4829 -7.58914 63.9747
9.13257 15.1853 66.8032
9.09409 15.1136 66.6396
9.15122 15.3038 66.5711
9.18681 15.3661 66.7373
-2.38022 7.25357 122.286
-2.1632 7.21574 122.263
-2.03722 7.36612 122.416
-2.25386 7.40104 122.436
-1.4762 -7.98685 101.983
-1.27106 -8.00703 101.96
-1.26236 -8.12398 101.828
-1.46539 -8.10209 101.853
-2.25386 7.40104 122.436
-2.03722 7.36612 122.416
-1.94369 7.47811 122.529
-2.1579 7.52098 122.557
-1.46539 -8.10209 101.853
-1.26236 -8.12398 101.828
-1.25741 -8.24016 101.697
-1.4585 -8.21778 101.722
-2.1579 7.52098 122.557
-1.94369 7.47811 122.529
-1.8631 7.56739 122.652
-2.07156 7.60962 122.677
-1.4585 -8.21778 101.722
-1.25741 -8.24016 101.697
-1.25491 -8.35672 101.565
-1.45311 -8.33533 101.589
5.44435 12.6524 48.3662
5.40513 12.5453 48.3969
5.50142 12.7643 48.2696
5.52201 12.79 48.3933
3.57922 -12.9534 52.3852
3.59427 -13.0121 52.2227
3.65915 -13.2231 52.1972
3.69171 -13.1883 52.3315
13.9815 -1.17239 58.4228
13.9995 -1.15019 58.3279
14.1664 -1.16321 58.4485
14.1051 -1.17539 58.5422
-12.3259 -6.29591 63.4256
-12.4319 -6.34935 63.283
-12.5587 -6.43002 63.3064
-12.4628 -6.38229 63.4432
14.1051 -1.17539 58.5422
14.1664 -1.16321 58.4485
14.277 -1.16415 58.5691
14.0894 -1.16011 58.6608
-12.4628 -6.38229 63.4432
-12.5587 -6.43002 63.3064
-12.6541 -6.48094 63.3327
-12.5608 -6.44676 63.486
1.50765 -13.9539 88.5358
1.52428 -14.0209 88.3443
1.56134 -14.086 88.3839
1.56188 -14.0477 88.6012
-10.0385 10.2782 92.683
-9.94864 10.2486 92.5364
-10.0545 10.3854 92.4778
-10.1427 10.4153 92.6197
1.56188 -14.0477 88.6012
1.56134 -14.086 88.3839
1.59661 -14.1588 88.361
1.59918 -14.122 88.5923
-10.1427 10.4153 92.6197
-10.0545 10.3854 92.4778
-10.1448 10.5242 92.3778
-10.2361 10.5543 92.5266
5.64429 12.8302 49.0932
5.65644 12.896 48.8309
5.67232 13.0137 48.6876
5.6552 12.9848 48.8155
3.74355 -13.5661 52.3447
3.73938 -13.6331 52.2341
3.77401 -13.8042 52.2949
3.78371 -13.7735 52.4046
1.59918 -14.122 88.5923
1.59661 -14.1588 88.361
1.62375 -14.2372 88.3903
1.6343 -14.1936 88.5745
-10.2361 10.5543 92.5266
-10.1448 10.5242 92.3778
-10.2473 10.6653 92.3011
-10.3278 10.6929 92.4303
5.6552 12.9848 48.8155
5.67232 13.0137 48.6876
5.67974 13.1612 48.4378
5.66247 13.1316 48.5675
3.78371 -13.7735 52.4046
3.77401 -13.8042 52.2949
3.80977 -13.9765 52.3628
3.81789 -13.938 52.4697
5.66247 13.1316 48.5675
5.67974 13.1612 48.4378
5.71938 13.3342 48.2957
5.68343 13.29 48.3628
3.81789 -13.938 52.4697
3.80977 -13.9765 52.3628
3.84554 -14.1495 52.4299
3.85257 -14.1055 52.535
-1.25569 8.61738 124.701
-1.1043 8.5523 124.614
-0.972811 8.62654 124.729
-1.12497 8.70154 124.817
-1.73074 -10.289 99.3835
-1.51674 -10.2979 99.3735
-1.54616 -10.4401 99.213
-1.75907 -10.434 99.2198
-1.12497 8.70154 124.817
-0.972811 8.62654 124.729
-0.848994 8.72057 124.843
-0.997828 8.7966 124.933
-1.75907 -10.434 99.2198
-1.54616 -10.4401 99.213
-1.57326 -10.5831 99.0515
-1.78496 -10.5795 99.0555
-0.997828 8.7966 124.933
-0.848994 8.72057 124.843
-0.723628 8.81429 124.957
-0.8703 8.89017 125.046
-1.78496 -10.5795 99.0555
-1.57326 -10.5831 99.0515
-1.59877 -10.7265 98.8895
-1.80864 -10.7239 98.8925
-0.8703 8.89017 125.046
-0.723628 8.81429 124.957
-0.587372 8.89533 125.055
-0.733013 8.96929 125.142
-1.80864 -10.7239 98.8925
-1.59877 -10.7265 98.8895
-1.59959 -10.8639 98.7344
-1.8062 -10.8601 98.7387
-13.208 -7.86565 81.6458
-13.2665 -7.84616 81.4076
-13.3612 -7.92196 81.4502
-13.2744 -7.92057 81.5906
7.1211 14.4058 84.6899
7.12271 14.405 84.5664
7.21076 14.5487 84.4997
7.2084 14.5483 84.6227
-0.733013 8.96929 125.142
-0.587372 8.89533 125.055
-0.455449 8.96669 125.155
-0.586871 9.03793 125.226
-1.8062 -10.8601 98.7387
-1.59959 -10.8639 98.7344
-1.5784 -10.9961 98.5852
-1.78346 -10.9911 98.5908
-15.1536 -7.39318 63.9003
-15.2422 -7.47645 63.7115
-15.3667 -7.60436 63.6754
-15.3538 -7.53005 63.8299
9.03911 14.9292 66.7104
9.01524 14.8978 66.5602
9.06946 15.0809 66.4856
9.09409 15.1136 66.6396
2.41333 -16.9192 69.4131
2.40674 -16.8213 69.2891
2.44015 -17.0103 69.142
2.47047 -17.0358 69.2726
-11.3667 12.6823 74.1864
-11.3066 12.6831 74.0402
-11.3461 12.879 73.986
-11.4079 12.8786 74.1359
-15.3538 -7.53005 63.8299
-15.3667 -7.60436 63.6754
-15.4941 -7.73416 63.6412
-15.4812 -7.65769 63.801
9.09409 15.1136 66.6396
9.06946 15.0809 66.4856
9.12551 15.2693 66.412
9.15122 15.3038 66.5711
-2.1632 7.21574 122.263
-1.92096 7.18972 122.253
-1.8001 7.3416 122.407
-2.03722 7.36612 122.416
-1.27106 -8.00703 101.96
-1.05352 -8.03888 101.924
-1.04728 -8.1571 101.79
-1.26236 -8.12398 101.828
-2.03722 7.36612 122.416
-1.8001 7.3416 122.407
-1.70985 7.43974 122.507
-1.94369 7.47811 122.529
-1.26236 -8.12398 101.828
-1.04728 -8.1571 101.79
-1.04474 -8.2734 101.659
-1.25741 -8.24016 101.697
-1.94369 7.47811 122.529
-1.70985 7.43974 122.507
-1.63967 7.53046 122.64
-1.8631 7.56739 122.652
-1.25741 -8.24016 101.697
-1.04474 -8.2734 101.659
-1.04452 -8.38888 101.529
-1.25491 -8.35672 101.565
5.50142 12.7643 48.2696
5.46306 12.6588 48.2987
5.5601 12.8795 48.1704
5.57275 12.8748 48.3498
3.65915 -13.2231 52.1972
3.62922 -13.2601 52.0489
3.62961 -13.3516 52.0107
3.67428 -13.3633 52.1573
14.1664 -1.16321 58.4485
14.1875 -1.14081 58.3539
14.356 -1.15387 58.4753
14.277 -1.16415 58.5691
-12.5587 -6.43002 63.3064
-12.6688 -6.48581 63.1614
-12.7117 -6.49326 63.1988
-12.6541 -6.48094 63.3327
14.277 -1.16415 58.5691
14.356 -1.15387 58.4753
14.4332 -1.15361 58.596
14.2514 -1.1495 58.6863
-12.6541 -6.48094 63.3327
-12.7117 -6.49326 63.1988
-12.7457 -6.49875 63.2469
-12.6771 -6.48427 63.3925
1.52428 -14.0209 88.3443
1.52168 -14.0502 88.1541
1.55672 -14.1229 88.167
1.56134 -14.086 88.3839
-9.94864 10.2486 92.5364
-9.85999 10.2073 92.4192
-9.96613 10.3549 92.3368
-10.0545 10.3854 92.4778
1.56134 -14.086 88.3839
1.55672 -14.1229 88.167
1.57765 -14.2158 88.1856
1.59661 -14.1588 88.361
-10.0545 10.3854 92.4778
-9.96613 10.3549 92.3368
-10.0601 10.4947 92.2431
-10.1448 10.5242 92.3778
5.65644 12.896 48.8309
5.66364 12.9694 48.5387
5.68928 13.0417 48.5618
5.67232 13.0137 48.6876
3.73938 -13.6331 52.2341
3.71732 -13.6108 52.0933
3.75303 -13.7828 52.161
3.77401 -13.8042 52.2949
5.67232 13.0137 48.6876
5.68928 13.0417 48.5618
5.69684 13.1898 48.3104
5.67974 13.1612 48.4378
3.77401 -13.8042 52.2949
3.75303 -13.7828 52.161
3.78878 -13.9556 52.2283
3.80977 -13.9765 52.3628
5.67974 13.1612 48.4378
5.69684 13.1898 48.3104
5.75458 13.3771 48.2289
5.71938 13.3342 48.2957
3.80977 -13.9765 52.3628
3.78878 -13.9556 52.2283
3.82453 -14.1289 52.2949
3.84554 -14.1495 52.4299
14.6619 -1.13847 58.9883
14.7833 -1.11981 58.9985
14.7443 -1.08848 59.2001
14.6898 -1.10315 59.1977
-13.2269 -6.57336 63.3427
-13.2458 -6.5795 63.2413
-13.417 -6.60719 63.1895
-13.398 -6.60102 63.2913
14.6898 -1.10315 59.1977
14.7443 -1.08848 59.2001
14.8058 -1.09071 59.2338
14.6757 -1.07976 59.3593
-13.398 -6.60102 63.2913
-13.417 -6.60719 63.1895
-13.5863 -6.63459 63.1376
-13.5701 -6.62888 63.2384
-0.972811 8.62654 124.729
-0.826449 8.54948 124.639
-0.702966 8.64422 124.753
-0.848994 8.72057 124.843
-1.54616 -10.4401 99.213
-1.35035 -10.4597 99.1908
-1.37581 -10.5998 99.0325
-1.57326 -10.5831 99.0515
-0.848994 8.72057 124.843
-0.702966 8.64422 124.753
-0.577884 8.73876 124.868
-0.723628 8.81429 124.957
-1.57326 -10.5831 99.0515
-1.37581 -10.5998 99.0325
-1.39993 -10.7408 98.8735
-1.59877 -10.7265 98.8895
-13.2105 -7.79857 81.444
-13.306 -7.82095 81.2955
-13.3918 -7.89617 81.3531
-13.2665 -7.84616 81.4076
7.0311 14.2551 84.6223
7.0318 14.2528 84.4981
7.12431 14.4042 84.4434
7.12271 14.405 84.5664
-0.723628 8.81429 124.957
-0.577884 8.73876 124.868
-0.442337 8.82167 124.969
-0.587372 8.89533 125.055
-1.59877 -10.7265 98.8895
-1.39993 -10.7408 98.8735
-1.40338 -10.8791 98.7173
-1.59959 -10.8639 98.7344
-0.587372 8.89533 125.055
-0.442337 8.82167 124.969
-0.337495 8.89685 125.095
-0.455449 8.96669 125.155
-1.59959 -10.8639 98.7344
-1.40338 -10.8791 98.7173
-1.38557 -11.0146 98.5643
-1.5784 -10.9961 98.5852
-15.0412 -7.33911 63.7885
-15.1307 -7.42064 63.5987
-15.2552 -7.54932 63.5607
-15.2422 -7.47645 63.7115
8.92885 14.7364 66.6441
8.93318 14.7299 66.5072
8.99267 14.877 66.4145
9.01524 14.8978 66.5602
2.34918 -16.7172 69.4311
2.34155 -16.6173 69.3095
2.38138 -16.7837 69.162
2.40674 -16.8213 69.2891
-11.2685 12.491 74.0953
-11.2076 12.4885 73.9499
-11.2464 12.684 73.8938
-11.3066 12.6831 74.0402
-15.2422 -7.47645 63.7115
-15.2552 -7.54932 63.5607
-15.3822 -7.68019 63.5231
-15.3667 -7.60436 63.6754
9.01524 14.8978 66.5602
8.99267 14.877 66.4145
9.04659 15.0532 66.333
9.06946 15.0809 66.4856
-15.3667 -7.60436 63.6754
-15.3822 -7.68019 63.5231
-15.5128 -7.81401 63.4862
-15.4941 -7.73416 63.6412
9.06946 15.0809 66.4856
9.04659 15.0532 66.333
9.1037 15.2458 66.2557
9.12551 15.2693 66.412
0.0698576 9.44013 126.048
0.194162 9.37863 126.004
0.319357 9.4877 126.162
0.158165 9.52647 126.209
-1.5181 -11.7817 97.6982
-1.33916 -11.8179 97.6573
-1.33552 -11.9598 97.4971
-1.51697 -11.9204 97.5416
-1.92096 7.18972 122.253
-1.73103 7.12479 122.202
-1.59214 7.28974 122.37
-1.8001 7.3416 122.407
-1.05352 -8.03888 101.924
-0.850499 -8.03883 101.924
-0.842119 -8.16617 101.78
-1.04728 -8.1571 101.79
-1.8001 7.3416 122.407
-1.59214 7.28974 122.37
-1.49181 7.39176 122.474
-1.70985 7.43974 122.507
-1.04728 -8.1571 101.79
-0.842119 -8.16617 101.78
-0.836552 -8.29164 101.639
-1.04474 -8.2734 101.659
13.7272 -1.10092 58.003
13.8098 -1.09088 57.9197
13.9212 -1.09072 58.0275
13.8777 -1.11409 58.1183
-12.2538 -6.25873 63.0959
-12.3907 -6.32628 62.9357
-12.5814 -6.41281 62.9435
-12.4436 -6.34101 63.102
5.5601 12.8795 48.1704
5.52381 12.7783 48.1962
5.61946 12.9963 48.0704
5.61978 12.9521 48.3157
3.62961 -13.3516 52.0107
3.5873 -13.3466 51.8692
3.63416 -13.4812 51.9109
3.67071 -13.4728 52.0537
14.356 -1.15387 58.4753
14.3827 -1.13134 58.3822
14.5462 -1.14473 58.5032
14.4332 -1.15361 58.596
-12.7117 -6.49326 63.1988
-12.7751 -6.50671 63.0599
-12.8147 -6.51332 63.1003
-12.7457 -6.49875 63.2469
5.68928 13.0417 48.5618
5.70609 13.069 48.4379
5.7136 13.2155 48.189
5.69684 13.1898 48.3104
3.75303 -13.7828 52.161
3.7321 -13.7611 52.028
3.76739 -13.9318 52.0942
3.78878 -13.9556 52.2283
14.6903 -1.14746 58.7621
14.7865 -1.14179 58.722
14.8777 -1.13773 58.7925
14.8291 -1.15304 58.787
-12.906 -6.52462 63.3413
-12.9209 -6.53005 63.2429
-13.088 -6.55704 63.1941
-13.0755 -6.55198 63.2918
14.8291 -1.15304 58.787
14.8777 -1.13773 58.7925
14.8325 -1.10499 59.001
14.7833 -1.11981 58.9985
-13.0755 -6.55198 63.2918
-13.088 -6.55704 63.1941
-13.2559 -6.58416 63.1442
-13.2458 -6.5795 63.2413
14.7833 -1.11981 58.9985
14.8325 -1.10499 59.001
14.8687 -1.09909 59.0755
14.7443 -1.08848 59.2001
-13.2458 -6.5795 63.2413
-13.2559 -6.58416 63.1442
-13.4245 -6.61142 63.0934
-13.417 -6.60719 63.1895
-0.826449 8.54948 124.639
-0.681544 8.47286 124.548
-0.558297 8.56821 124.664
-0.702966 8.64422 124.753
-1.35035 -10.4597 99.1908
-1.16217 -10.4861 99.161
-1.1885 -10.6266 99.0024
-1.37581 -10.5998 99.0325
-0.702966 8.64422 124.753
-0.558297 8.56821 124.664
-0.433287 8.66346 124.779
-0.577884 8.73876 124.868
-1.37581 -10.5998 99.0325
-1.1885 -10.6266 99.0024
-1.21349 -10.7679 98.8428
-1.39993 -10.7408 98.8735
-0.577884 8.73876 124.868
-0.433287 8.66346 124.779
-0.305324 8.74875 124.889
-0.442337 8.82167 124.969
-1.39993 -10.7408 98.8735
-1.21349 -10.7679 98.8428
-1.21935 -10.9071 98.6857
-1.40338 -10.8791 98.7173
-0.442337 8.82167 124.969
-0.305324 8.74875 124.889
-0.220212 8.82677 125.036
-0.337495 8.89685 125.095
-1.40338 -10.8791 98.7173
-1.21935 -10.9071 98.6857
-1.2043 -11.0428 98.5324
-1.38557 -11.0146 98.5643
-14.9229 -7.28173 63.68
-15.0154 -7.36092 63.4871
-15.1395 -7.48957 63.4483
-15.1307 -7.42064 63.5987
8.83058 14.6317 66.6213
8.83195 14.6223 66.4868
8.9228 14.7355 66.3778
8.93318 14.7299 66.5072
-15.1307 -7.42064 63.5987
-15.1395 -7.48957 63.4483
-15.2658 -7.62038 63.4091
-15.2552 -7.54932 63.5607
8.93318 14.7299 66.5072
8.9228 14.7355 66.3778
8.97405 14.8944 66.2879
8.99267 14.877 66.4145
-15.2552 -7.54932 63.5607
-15.2658 -7.62038 63.4091
-15.3946 -7.75354 63.3699
-15.3822 -7.68019 63.5231
8.99267 14.877 66.4145
8.97405 14.8944 66.2879
9.02648 15.0565 66.1968
9.04659 15.0532 66.333
0.103447 9.29416 125.846
0.233775 9.23475 125.793
0.37112 9.34851 125.946
0.194162 9.37863 126.004
-1.34479 -11.6797 97.8133
-1.1725 -11.725 97.7622
-1.16424 -11.8624 97.6071
-1.33916 -11.8179 97.6573
-15.3822 -7.68019 63.5231
-15.3946 -7.75354 63.3699
-15.527 -7.89 63.3304
-15.5128 -7.81401 63.4862
9.04659 15.0532 66.333
9.02648 15.0565 66.1968
9.08044 15.2229 66.1038
9.1037 15.2458 66.2557
-1.73103 7.12479 122.202
-1.56145 7.04942 122.134
-1.40804 7.21787 122.312
-1.59214 7.28974 122.37
-0.850499 -8.03883 101.924
-0.645033 -8.0328 101.931
-0.646122 -8.15723 101.79
-0.842119 -8.16617 101.78
-1.59214 7.28974 122.37
-1.40804 7.21787 122.312
-1.30572 7.32944 122.426
-1.49181 7.39176 122.474
-0.842119 -8.16617 101.78
-0.646122 -8.15723 101.79
-0.641536 -8.28488 101.646
-0.836552 -8.29164 101.639
-1.49181 7.39176 122.474
-1.30572 7.32944 122.426
-1.23826 7.42774 122.556
-1.42659 7.4899 122.618
-0.836552 -8.29164 101.639
-0.641536 -8.28488 101.646
-0.638121 -8.41096 101.504
-0.83309 -8.4158 101.498
14.232 -1.11789 58.2655
14.2819 -1.10546 58.1666
14.3988 -1.10695 58.2766
14.3827 -1.13134 58.3822
-12.7411 -6.50117 63.016
-12.8007 -6.51405 62.8691
-12.8382 -6.52022 62.9125
-12.7751 -6.50671 63.0599
5.61946 12.9963 48.0704
5.5758 12.8783 48.1058
5.67415 13.105 47.9794
5.67005 13.0383 48.2624
3.63416 -13.4812 51.9109
3.59385 -13.4735 51.7709
3.6508 -13.6126 51.836
3.68593 -13.6128 51.9647
14.5462 -1.14473 58.5032
14.5608 -1.12108 58.4005
14.7167 -1.13723 58.5315
14.6089 -1.14267 58.6194
-12.8147 -6.51332 63.1003
-12.8754 -6.52633 62.9577
-12.9054 -6.53094 63.0162
-12.8466 -6.51843 63.1478
5.70609 13.069 48.4379
5.71608 13.111 48.2424
5.72967 13.2331 48.0827
5.7136 13.2155 48.189
3.7321 -13.7611 52.028
3.70363 -13.7423 51.8956
3.74458 -13.8998 51.9591
3.76739 -13.9318 52.0942
14.7865 -1.14179 58.722
14.8734 -1.13582 58.6819
14.9271 -1.12382 58.7906
14.8777 -1.13773 58.7925
-12.9209 -6.53005 63.2429
-12.9627 -6.53982 63.1226
-13.0945 -6.56106 63.0995
-13.088 -6.55704 63.1941
14.8777 -1.13773 58.7925
14.9271 -1.12382 58.7906
14.9313 -1.10745 58.9174
14.8325 -1.10499 59.001
-13.088 -6.55704 63.1941
-13.0945 -6.56106 63.0995
-13.2626 -6.58823 63.0493
-13.2559 -6.58416 63.1442
-11.8242 10.0044 37.5689
-11.7893 10.0044 37.4431
-11.8687 10.0434 37.3376
-11.9057 10.0471 37.4445
15.3104 -0.0948721 41.3755
15.2794 -0.157039 41.2326
15.4441 -0.200477 41.1901
15.4761 -0.135086 41.3329
-0.681544 8.47286 124.548
-0.538394 8.39644 124.458
-0.415272 8.49221 124.574
-0.558297 8.56821 124.664
-1.16217 -10.4861 99.161
-0.975421 -10.5116 99.1321
-1.00232 -10.6523 98.9733
-1.1885 -10.6266 99.0024
-0.558297 8.56821 124.664
-0.415272 8.49221 124.574
-0.290105 8.58814 124.691
-0.433287 8.66346 124.779
-1.1885 -10.6266 99.0024
-1.00232 -10.6523 98.9733
-1.028 -10.7943 98.813
-1.21349 -10.7679 98.8428
-0.433287 8.66346 124.779
-0.290105 8.58814 124.691
-0.189037 8.6778 124.827
-0.305324 8.74875 124.889
-1.21349 -10.7679 98.8428
-1.028 -10.7943 98.813
-1.0364 -10.9341 98.6551
-1.21935 -10.9071 98.6857
-14.7982 -7.2209 63.5733
-14.8982 -7.29928 63.3758
-15.0213 -7.427 63.3371
-15.0154 -7.36092 63.4871
8.72961 14.5244 66.6008
8.72907 14.5131 66.468
8.83219 14.6117 66.3532
8.83195 14.6223 66.4868
-15.0154 -7.36092 63.4871
-15.0213 -7.427 63.3371
-15.1465 -7.55693 63.2977
-15.1395 -7.48957 63.4483
8.83195 14.6223 66.4868
8.83219 14.6117 66.3532
8.90272 14.7483 66.2537
8.9228 14.7355 66.3778
0.0430193 9.06454 125.484
0.160826 8.99634 125.427
0.27895 9.09571 125.578
0.133245 9.14596 125.638
-1.18833 -11.4532 98.0691
-1.01142 -11.483 98.0355
-1.00554 -11.6249 97.8752
-1.18207 -11.5921 97.9123
-15.1395 -7.48957 63.4483
-15.1465 -7.55693 63.2977
-15.2739 -7.68922 63.2575
-15.2658 -7.62038 63.4091
8.9228 14.7355 66.3778
8.90272 14.7483 66.2537
8.95434 14.9087 66.1624
8.97405 14.8944 66.2879
0.133245 9.14596 125.638
0.27895 9.09571 125.578
0.416507 9.20787 125.729
0.233775 9.23475 125.793
-1.18207 -11.5921 97.9123
-1.00554 -11.6249 97.8752
-0.999405 -11.7694 97.7121
-1.1725 -11.725 97.7622
-15.2658 -7.62038 63.4091
-15.2739 -7.68922 63.2575
-15.4039 -7.82413 63.2165
-15.3946 -7.75354 63.3699
8.97405 14.8944 66.2879
8.95434 14.9087 66.1624
9.00702 15.0723 66.0693
9.02648 15.0565 66.1968
-15.3946 -7.75354 63.3699
-15.4039 -7.82413 63.2165
-15.5371 -7.96235 63.1746
-15.527 -7.89 63.3304
9.02648 15.0565 66.1968
9.00702 15.0723 66.0693
9.08553 15.2001 65.9931
9.08044 15.2229 66.1038
-11.3233 -7.50647 28.0148
-11.2637 -7.4204 28.0189
-11.359 -7.50338 27.7773
-11.4092 -7.54652 27.8198
4.83889 11.8911 31.0136
4.85083 11.8771 30.9302
4.92359 11.9801 30.7105
4.94667 12.0724 30.8277
-1.56145 7.04942 122.134
-1.35748 7.01917 122.054
-1.22323 7.1479 122.256
-1.40804 7.21787 122.312
-0.645033 -8.0328 101.931
-0.424795 -8.0378 101.925
-0.448957 -8.15044 101.798
-0.646122 -8.15723 101.79
-1.40804 7.21787 122.312
-1.22323 7.1479 122.256
-1.11718 7.26789 122.378
-1.30572 7.32944 122.426
-0.646122 -8.15723 101.79
-0.448957 -8.15044 101.798
-0.445245 -8.2797 101.652
-0.641536 -8.28488 101.646
-1.30572 7.32944 122.426
-1.11718 7.26789 122.378
-1.05453 7.36838 122.498
-1.23826 7.42774 122.556
-0.641536 -8.28488 101.646
-0.445245 -8.2797 101.652
-0.44263 -8.4073 101.508
-0.638121 -8.41096 101.504
14.5608 -1.12108 58.4005
14.6694 -1.1265 58.3234
14.7287 -1.11398 58.4296
14.7167 -1.13723 58.5315
-12.8754 -6.52633 62.9577
-12.9319 -6.53853 62.8186
-12.9642 -6.54355 62.8765
-12.9054 -6.53094 63.0162
5.67415 13.105 47.9794
5.63023 12.9868 48.0158
5.71938 13.1786 47.9507
5.71608 13.111 48.2424
3.6508 -13.6126 51.836
3.61074 -13.6031 51.6987
3.6671 -13.7389 51.765
3.70363 -13.7423 51.8956
14.7167 -1.13723 58.5315
14.7287 -1.11398 58.4296
14.8805 -1.13021 58.5594
14.7547 -1.13209 58.65
-12.9054 -6.53094 63.0162
-12.9642 -6.54355 62.8765
-12.9922 -6.54779 62.9365
-12.9339 -6.53534 63.0698
5.71608 13.111 48.2424
5.71938 13.1786 47.9507
5.74562 13.2503 47.9775
5.72967 13.2331 48.0827
3.70363 -13.7423 51.8956
3.6671 -13.7389 51.765
3.7206 -13.8704 51.8253
3.74458 -13.8998 51.9591
-11.6264 9.91963 37.6868
-11.5901 9.91708 37.5748
-11.6691 9.95513 37.4759
-11.7078 9.96189 37.5658
14.9319 -0.203405 41.3364
14.9006 -0.264083 41.2073
15.0746 -0.23753 41.1347
15.1054 -0.172839 41.2742
-0.538394 8.39644 124.458
-0.398824 8.32509 124.368
-0.273482 8.41639 124.485
-0.415272 8.49221 124.574
-0.975421 -10.5116 99.1321
-0.789809 -10.5367 99.1038
-0.817191 -10.6775 98.9448
-1.00232 -10.6523 98.9733
-0.415272 8.49221 124.574
-0.273482 8.41639 124.485
-0.148564 8.51266 124.602
-0.290105 8.58814 124.691
-1.00232 -10.6523 98.9733
-0.817191 -10.6775 98.9448
-0.843441 -10.8196 98.7844
-1.028 -10.7943 98.813
-0.290105 8.58814 124.691
-0.148564 8.51266 124.602
-0.0736071 8.60672 124.765
-0.189037 8.6778 124.827
-1.028 -10.7943 98.813
-0.843441 -10.8196 98.7844
-0.854204 -10.9604 98.6255
-1.0364 -10.9341 98.6551
-14.6707 -7.15858 63.4668
-14.7796 -7.23647 63.2644
-14.9018 -7.36294 63.2266
-14.8982 -7.29928 63.3758
8.62724 14.4156 66.5811
8.62508 14.4028 66.4501
8.72738 14.5007 66.3367
8.72907 14.5131 66.468
-14.8982 -7.29928 63.3758
-14.9018 -7.36294 63.2266
-15.0256 -7.49144 63.1877
-15.0213 -7.427 63.3371
8.72907 14.5131 66.468
8.72738 14.5007 66.3367
8.83085 14.6002 66.2213
8.83219 14.6117 66.3532
2.20665 -16.201 69.361
2.19557 -16.0942 69.2469
2.23013 -16.2751 69.0986
2.2619 -16.3138 69.2169
-11.0096 12.0996 73.7683
-10.9435 12.0721 73.6293
-10.9812 12.2647 73.5731
-11.0446 12.2775 73.7168
0.071204 8.91559 125.275
0.187934 8.84634 125.215
0.321378 8.95542 125.362
0.160826 8.99634 125.427
-1.01705 -11.3434 98.193
-0.840324 -11.3705 98.1624
-0.834634 -11.511 98.0039
-1.01142 -11.483 98.0355
-15.0213 -7.427 63.3371
-15.0256 -7.49144 63.1877
-15.1516 -7.62237 63.1476
-15.1465 -7.55693 63.2977
8.83219 14.6117 66.3532
8.83085 14.6002 66.2213
8.88183 14.7587 66.1308
8.90272 14.7483 66.2537
-15.1465 -7.55693 63.2977
-15.1516 -7.62237 63.1476
-15.2797 -7.7556 63.1065
-15.2739 -7.68922 63.2575
8.90272 14.7483 66.2537
8.88183 14.7587 66.1308
8.93361 14.9199 66.0385
8.95434 14.9087 66.1624
-15.2739 -7.68922 63.2575
-15.2797 -7.7556 63.1065
-15.4104 -7.89174 63.0641
-15.4039 -7.82413 63.2165
8.95434 14.9087 66.1624
8.93361 14.9199 66.0385
9.0017 15.0597 65.9559
9.00702 15.0723 66.0693
-15.4039 -7.82413 63.2165
-15.4104 -7.89174 63.0641
-15.5438 -8.03092 63.0203
-15.5371 -7.96235 63.1746
9.00702 15.0723 66.0693
9.0017 15.0597 65.9559
9.10043 15.1549 65.8939
9.08553 15.2001 65.9931
-11.2637 -7.4204 28.0189
-11.2096 -7.33877 28.0188
-11.3074 -7.43411 27.7625
-11.359 -7.50338 27.7773
4.85083 11.8771 30.9302
4.82811 11.7846 30.8096
4.90174 11.8894 30.5892
4.92359 11.9801 30.7105
-1.22323 7.1479 122.256
-1.03987 7.07969 122.202
-0.927011 7.20762 122.332
-1.11718 7.26789 122.378
-0.448957 -8.15044 101.798
-0.233738 -8.15768 101.79
-0.248719 -8.27635 101.656
-0.445245 -8.2797 101.652
-1.11718 7.26789 122.378
-0.927011 7.20762 122.332
-0.927114 7.33217 122.472
-1.05453 7.36838 122.498
-0.445245 -8.2797 101.652
-0.248719 -8.27635 101.656
-0.246755 -8.40503 101.511
-0.44263 -8.4073 101.508
5.71938 13.1786 47.9507
5.6828 13.0913 47.9284
5.76159 13.2641 47.8773
5.74562 13.2503 47.9775
3.6671 -13.7389 51.765
3.62681 -13.7291 51.6273
3.68307 -13.8653 51.6928
3.7206 -13.8704 51.8253
6.45488 12.8518 83.9414
6.43688 12.8048 83.8473
6.4889 12.9504 83.8641
6.48684 12.9799 84.0385
1.53472 -14.4603 87.7592
1.50944 -14.5066 87.595
1.53555 -14.5935 87.6444
1.55912 -14.5424 87.8044
-0.398824 8.32509 124.368
-0.264663 8.26117 124.278
-0.133101 8.34054 124.396
-0.273482 8.41639 124.485
-0.789809 -10.5367 99.1038
-0.605332 -10.5608 99.0766
-0.633005 -10.7019 98.9173
-0.817191 -10.6775 98.9448
-0.273482 8.41639 124.485
-0.133101 8.34054 124.396
-0.0306763 8.43948 124.535
-0.148564 8.51266 124.602
-0.817191 -10.6775 98.9448
-0.633005 -10.7019 98.9173
-0.659737 -10.8441 98.7567
-0.843441 -10.8196 98.7844
-14.5413 -7.09525 63.3604
-14.6603 -7.17296 63.153
-14.7813 -7.29797 63.1163
-14.7796 -7.23647 63.2644
8.52112 14.2761 66.4933
8.51695 14.2546 66.3471
8.62183 14.3889 66.3209
8.62508 14.4028 66.4501
0.0116463 8.68587 124.914
0.125994 8.61489 124.852
0.231003 8.70641 124.999
0.0987785 8.76557 125.064
-0.84961 -11.0955 98.473
-0.673236 -11.1201 98.4451
-0.669231 -11.2571 98.2905
-0.84529 -11.2322 98.3186
-14.7796 -7.23647 63.2644
-14.7813 -7.29797 63.1163
-14.9039 -7.425 63.0783
-14.9018 -7.36294 63.2266
8.62508 14.4028 66.4501
8.62183 14.3889 66.3209
8.72455 14.4872 66.2069
8.72738 14.5007 66.3367
2.13808 -15.9904 69.389
2.12615 -15.8824 69.2775
2.16949 -16.0327 69.1324
2.19557 -16.0942 69.2469
-10.915 11.9308 73.6687
-10.8487 11.9012 73.5308
-10.8792 12.0541 73.4876
-10.9435 12.0721 73.6293
0.0987785 8.76557 125.064
0.231003 8.70641 124.999
0.362572 8.81452 125.145
0.187934 8.84634 125.215
-0.84529 -11.2322 98.3186
-0.669231 -11.2571 98.2905
-0.66416 -11.396 98.1336
-0.840324 -11.3705 98.1624
-14.9018 -7.36294 63.2266
-14.9039 -7.425 63.0783
-15.0281 -7.5539 63.0392
-15.0256 -7.49144 63.1877
8.72738 14.5007 66.3367
8.72455 14.4872 66.2069
8.80904 14.6074 66.1009
8.83085 14.6002 66.2213
-15.0256 -7.49144 63.1877
-15.0281 -7.5539 63.0392
-15.1546 -7.68546 62.9986
-15.1516 -7.62237 63.1476
8.83085 14.6002 66.2213
8.80904 14.6074 66.1009
8.86015 14.7665 66.0097
8.88183 14.7587 66.1308
-15.1516 -7.62237 63.1476
-15.1546 -7.68546 62.9986
-15.2832 -7.81956 62.9565
-15.2797 -7.7556 63.1065
8.88183 14.7587 66.1308
8.86015 14.7665 66.0097
8.91738 14.9198 65.9206
8.93361 14.9199 66.0385
-15.2797 -7.7556 63.1065
-15.2832 -7.81956 62.9565
-15.4141 -7.9563 62.9131
-15.4104 -7.89174 63.0641
8.93361 14.9199 66.0385
8.91738 14.9198 65.9206
9.01428 15.0131 65.8595
9.0017 15.0597 65.9559
-15.4104 -7.89174 63.0641
-15.4141 -7.9563 62.9131
-15.5708 -8.11963 62.862
-15.5438 -8.03092 63.0203
9.0017 15.0597 65.9559
9.01428 15.0131 65.8595
9.13022 15.1251 65.7869
9.10043 15.1549 65.8939
-11.2096 -7.33877 28.0188
-11.1575 -7.25918 28.0135
-11.2563 -7.35568 27.7558
-11.3074 -7.43411 27.7625
4.82811 11.7846 30.8096
4.80693 11.6943 30.6847
4.88114 11.8004 30.464
4.90174 11.8894 30.5892
-11.3074 -7.43411 27.7625
-11.2563 -7.35568 27.7558
-11.3508 -7.42604 27.531
-11.3973 -7.46865 27.5796
4.90174 11.8894 30.5892
4.88114 11.8004 30.464
4.95415 11.9048 30.2469
4.97415 11.9925 30.3725
-1.03987 7.07969 122.202
-0.85051 7.02636 122.143
-0.735479 7.14881 122.287
-0.927011 7.20762 122.332
-0.233738 -8.15768 101.79
-0.0208814 -8.16263 101.784
-0.0479111 -8.27803 101.654
-0.248719 -8.27635 101.656
-0.927011 7.20762 122.332
-0.735479 7.14881 122.287
-0.801351 7.29787 122.448
-0.927114 7.33217 122.472
-0.248719 -8.27635 101.656
-0.0479111 -8.27803 101.654
-0.0510458 -8.40433 101.511
-0.246755 -8.40503 101.511
-9.67542 11.2112 21.0006
-9.56005 11.1217 21.0395
-9.60891 11.1904 20.8373
-9.72817 11.2632 20.7893
13.4149 -1.60186 24.2558
13.2602 -1.58389 24.1674
13.4045 -1.61805 23.9969
13.5581 -1.6358 24.0859
-0.133101 8.34054 124.396
0.00545236 8.2646 124.306
0.083638 8.36628 124.469
-0.0306763 8.43948 124.535
-0.633005 -10.7019 98.9173
-0.449953 -10.7252 98.891
-0.476783 -10.8676 98.7302
-0.659737 -10.8441 98.7567
-14.4115 -7.03174 63.2534
-14.5395 -7.10939 63.0418
-14.6605 -7.23277 63.0059
-14.6603 -7.17296 63.153
8.40807 14.0666 66.2457
8.40281 14.0433 66.099
8.5117 14.2313 66.2006
8.51695 14.2546 66.3471
0.0405492 8.53536 124.702
0.153594 8.46385 124.639
0.274079 8.56609 124.783
0.125994 8.61489 124.852
-0.676134 -10.9848 98.5979
-0.500468 -11.008 98.5717
-0.497751 -11.1433 98.419
-0.673236 -11.1201 98.4451
-14.6603 -7.17296 63.153
-14.6605 -7.23277 63.0059
-14.7817 -7.35795 62.9692
-14.7813 -7.29797 63.1163
8.51695 14.2546 66.3471
8.5117 14.2313 66.2006
8.61751 14.3741 66.1933
8.62183 14.3889 66.3209
-14.7813 -7.29797 63.1163
-14.7817 -7.35795 62.9692
-14.9045 -7.48521 62.931
-14.9039 -7.425 63.0783
8.62183 14.3889 66.3209
8.61751 14.3741 66.1933
8.72041 14.4726 66.0791
8.72455 14.4872 66.2069
-14.9039 -7.425 63.0783
-14.9045 -7.48521 62.931
-15.0291 -7.61451 62.8916
-15.0281 -7.5539 63.0392
8.72455 14.4872 66.2069
8.72041 14.4726 66.0791
8.78666 14.6125 65.9819
8.80904 14.6074 66.1009
-15.0281 -7.5539 63.0392
-15.0291 -7.61451 62.8916
-15.1557 -7.74639 62.8506
-15.1546 -7.68546 62.9986
8.80904 14.6074 66.1009
8.78666 14.6125 65.9819
8.83778 14.7719 65.8904
8.86015 14.7665 66.0097
-15.1546 -7.68546 62.9986
-15.1557 -7.74639 62.8506
-15.2845 -7.8809 62.808
-15.2832 -7.81956 62.9565
8.86015 14.7665 66.0097
8.83778 14.7719 65.8904
8.92801 14.872 65.8263
8.91738 14.9198 65.9206
-15.2832 -7.81956 62.9565
-15.2845 -7.8809 62.808
-15.4347 -8.03747 62.759
-15.4141 -7.9563 62.9131
8.91738 14.9198 65.9206
8.92801 14.872 65.8263
9.03916 14.9794 65.7568
9.01428 15.0131 65.8595
-15.4141 -7.9563 62.9131
-15.4347 -8.03747 62.759
-15.5984 -8.2098 62.7015
-15.5708 -8.11963 62.862
9.01428 15.0131 65.8595
9.03916 14.9794 65.7568
9.16058 15.0951 65.6783
9.13022 15.1251 65.7869
-11.1575 -7.25918 28.0135
-11.1076 -7.18176 28.0031
-11.207 -7.2791 27.7447
-11.2563 -7.35568 27.7558
4.80693 11.6943 30.6847
4.78729 11.6064 30.5558
4.86186 11.7135 30.3354
4.88114 11.8004 30.464
-11.2563 -7.35568 27.7558
-11.207 -7.2791 27.7447
-11.3048 -7.37484 27.4904
-11.3508 -7.42604 27.531
4.88114 11.8004 30.464
4.86186 11.7135 30.3354
4.93523 11.8187 30.1183
4.95415 11.9048 30.2469
-0.85051 7.02636 122.143
-0.674775 6.9943 122.08
-0.589957 7.10914 122.257
-0.735479 7.14881 122.287
-0.0208814 -8.16263 101.784
0.183841 -8.15888 101.788
0.165176 -8.2883 101.642
-0.0479111 -8.27803 101.654
-0.735479 7.14881 122.287
-0.589957 7.10914 122.257
-0.677497 7.26559 122.428
-0.801351 7.29787 122.448
-0.0479111 -8.27803 101.654
0.165176 -8.2883 101.642
0.144216 -8.40528 101.51
-0.0510458 -8.40433 101.511
14.9896 -1.24113 58.2217
15.0606 -1.31533 58.0892
15.1205 -1.197 58.33
15.0586 -1.22421 58.3403
-13.081 -6.56866 62.5975
-13.1374 -6.58082 62.4603
-13.1676 -6.58547 62.5185
-13.1095 -6.57298 62.6569
15.0586 -1.22421 58.3403
15.1205 -1.197 58.33
15.2075 -1.13055 58.4999
15.1269 -1.12695 58.5471
-13.1095 -6.57298 62.6569
-13.1676 -6.58547 62.5185
-13.1965 -6.58987 62.5771
-13.1382 -6.57736 62.7157
15.2216 -1.11795 58.6193
15.3146 -1.12736 58.5685
15.39 -1.10878 58.6461
15.2573 -1.13429 58.6955
-13.1673 -6.5818 62.7739
-13.2257 -6.59435 62.635
-13.2769 -6.60242 62.6762
-13.2805 -6.59997 62.7695
-14.286 -6.97192 63.1159
-14.4115 -7.04828 62.9035
-14.5401 -7.1682 62.8947
-14.5395 -7.10939 63.0418
8.28818 13.8423 65.9734
8.30685 13.8539 65.9435
8.39672 14.0186 65.9522
8.40281 14.0433 66.099
0.083638 8.36628 124.469
0.217461 8.30615 124.399
0.318202 8.42601 124.567
0.153594 8.46385 124.639
-0.476783 -10.8676 98.7302
-0.294864 -10.8898 98.7051
-0.325636 -11.0301 98.5468
-0.500468 -11.008 98.5717
-14.5395 -7.10939 63.0418
-14.5401 -7.1682 62.8947
-14.6597 -7.29121 62.8597
-14.6605 -7.23277 63.0059
8.40281 14.0433 66.099
8.39672 14.0186 65.9522
8.50555 14.2066 66.054
8.5117 14.2313 66.2006
-14.6605 -7.23277 63.0059
-14.6597 -7.29121 62.8597
-14.7808 -7.41628 62.8232
-14.7817 -7.35795 62.9692
8.5117 14.2313 66.2006
8.50555 14.2066 66.054
8.61215 14.3583 66.0676
8.61751 14.3741 66.1933
2.05653 -15.6701 69.3082
2.04352 -15.5608 69.2004
2.07617 -15.7429 69.0562
2.10874 -15.7894 69.1669
-10.7328 11.747 73.4371
-10.6673 11.7141 73.3008
-10.7159 11.8379 73.2577
-10.7822 11.8702 73.3937
-14.7817 -7.35795 62.9692
-14.7808 -7.41628 62.8232
-14.9037 -7.54357 62.785
-14.9045 -7.48521 62.931
8.61751 14.3741 66.1933
8.61215 14.3583 66.0676
8.71325 14.4587 65.9543
8.72041 14.4726 66.0791
-14.9045 -7.48521 62.931
-14.9037 -7.54357 62.785
-15.0283 -7.67316 62.7452
-15.0291 -7.61451 62.8916
8.72041 14.4726 66.0791
8.71325 14.4587 65.9543
8.76369 14.6156 65.8646
8.78666 14.6125 65.9819
-15.0291 -7.61451 62.8916
-15.0283 -7.67316 62.7452
-15.155 -7.80522 62.7038
-15.1557 -7.74639 62.8506
8.78666 14.6125 65.9819
8.76369 14.6156 65.8646
8.84179 14.7313 65.7938
8.83778 14.7719 65.8904
-15.1557 -7.74639 62.8506
-15.155 -7.80522 62.7038
-15.2988 -7.95503 62.6572
-15.2845 -7.8809 62.808
8.83778 14.7719 65.8904
8.84179 14.7313 65.7938
8.94819 14.8342 65.7273
8.92801 14.872 65.8263
-15.2845 -7.8809 62.808
-15.2988 -7.95503 62.6572
-15.4592 -8.12358 62.6014
-15.4347 -8.03747 62.759
8.92801 14.872 65.8263
8.94819 14.8342 65.7273
9.06707 14.9477 65.6508
9.03916 14.9794 65.7568
-15.4347 -8.03747 62.759
-15.4592 -8.12358 62.6014
-15.6145 -8.28903 62.5421
-15.5984 -8.2098 62.7015
9.03916 14.9794 65.7568
9.06707 14.9477 65.6508
9.18259 15.0559 65.5734
9.16058 15.0951 65.6783
-11.1076 -7.18176 28.0031
-11.0597 -7.10642 27.9877
-11.1596 -7.20452 27.729
-11.207 -7.2791 27.7447
4.78729 11.6064 30.5558
4.76914 11.5208 30.4229
4.84398 11.6287 30.2032
4.86186 11.7135 30.3354
-11.207 -7.2791 27.7447
-11.1596 -7.20452 27.729
-11.2578 -7.30074 27.4747
-11.3048 -7.37484 27.4904
4.86186 11.7135 30.3354
4.84398 11.6287 30.2032
4.91749 11.7346 29.9868
4.93523 11.8187 30.1183
-0.674775 6.9943 122.08
-0.540846 6.95488 122.058
-0.464196 7.07888 122.234
-0.589957 7.10914 122.257
0.183841 -8.15888 101.788
0.381166 -8.14285 101.807
0.367633 -8.2867 101.644
0.165176 -8.2883 101.642
-11.3048 -7.37484 27.4904
-11.2578 -7.30074 27.4747
-11.3495 -7.35042 27.2763
-11.3929 -7.39241 27.3291
4.93523 11.8187 30.1183
4.91749 11.7346 29.9868
4.96085 11.8648 29.9692
4.98812 11.9399 30.0352
-0.589957 7.10914 122.257
-0.464196 7.07888 122.234
-0.555529 7.23532 122.41
-0.677497 7.26559 122.428
0.165176 -8.2883 101.642
0.367633 -8.2867 101.644
0.348241 -8.41383 101.501
0.144216 -8.40528 101.51
14.968 -1.3336 57.9629
15.0446 -1.41356 57.8425
15.1186 -1.28996 58.0782
15.0606 -1.31533 58.0892
-13.1004 -6.57489 62.4057
-13.0778 -6.54884 62.2446
-13.1777 -6.58528 62.3191
-13.1374 -6.58082 62.4603
15.0606 -1.31533 58.0892
15.1186 -1.28996 58.0782
15.18 -1.16576 58.3332
15.1205 -1.197 58.33
-13.1374 -6.58082 62.4603
-13.1777 -6.58528 62.3191
-13.2255 -6.59791 62.3809
-13.1676 -6.58547 62.5185
15.1205 -1.197 58.33
15.18 -1.16576 58.3332
15.2877 -1.13414 58.4529
15.2075 -1.13055 58.4999
-13.1676 -6.58547 62.5185
-13.2255 -6.59791 62.3809
-13.2545 -6.60232 62.4392
-13.1965 -6.58987 62.5771
15.39 -1.10878 58.6461
15.4824 -1.11817 58.5955
15.5586 -1.0996 58.6729
15.4275 -1.12423 58.7224
-13.2769 -6.60242 62.6762
-13.3133 -6.61138 62.5537
-13.4487 -6.63316 62.5327
-13.4529 -6.63081 62.6255
-14.1621 -6.9136 62.9661
-14.2813 -6.9883 62.7572
-14.4097 -7.10591 62.7555
-14.4115 -7.04828 62.9035
8.23163 13.7101 66.0004
8.24984 13.721 65.9709
8.32489 13.8645 65.9141
8.30685 13.8539 65.9435
-14.4115 -7.04828 62.9035
-14.4097 -7.10591 62.7555
-14.5384 -7.22547 62.7495
-14.5401 -7.1682 62.8947
8.30685 13.8539 65.9435
8.32489 13.8645 65.9141
8.40065 14.0087 65.8563
8.39672 14.0186 65.9522
-14.5401 -7.1682 62.8947
-14.5384 -7.22547 62.7495
-14.6578 -7.34827 62.7146
-14.6597 -7.29121 62.8597
8.39672 14.0186 65.9522
8.40065 14.0087 65.8563
8.49846 14.1802 65.9072
8.50555 14.2066 66.054
1.98706 -15.4577 69.3381
1.9737 -15.3482 69.2318
2.01533 -15.4985 69.092
2.04352 -15.5608 69.2004
-10.5906 11.6149 73.3492
-10.5249 11.5814 73.2139
-10.6014 11.6804 73.1657
-10.6673 11.7141 73.3008
-14.6597 -7.29121 62.8597
-14.6578 -7.34827 62.7146
-14.7787 -7.47301 62.6783
-14.7808 -7.41628 62.8232
8.50555 14.2066 66.054
8.49846 14.1802 65.9072
8.60574 14.3416 65.9437
8.61215 14.3583 66.0676
-14.7808 -7.41628 62.8232
-14.7787 -7.47301 62.6783
-14.9012 -7.60006 62.6401
-14.9037 -7.54357 62.785
8.61215 14.3583 66.0676
8.60574 14.3416 65.9437
8.68978 14.4596 65.8391
8.71325 14.4587 65.9543
-14.9037 -7.54357 62.785
-14.9012 -7.60006 62.6401
-15.0257 -7.72951 62.6002
-15.0283 -7.67316 62.7452
8.71325 14.4587 65.9543
8.68978 14.4596 65.8391
8.75568 14.591 65.7615
8.76369 14.6156 65.8646
0.70476 8.74717 125
0.850413 8.73074 124.978
0.981771 8.84339 125.134
0.839289 8.85727 125.148
-0.314161 -11.4415 98.0823
-0.14059 -11.4615 98.0598
-0.133861 -11.6027 97.9003
-0.307666 -11.5829 97.9227
-15.0283 -7.67316 62.7452
-15.0257 -7.72951 62.6002
-15.163 -7.87242 62.556
-15.155 -7.80522 62.7038
8.76369 14.6156 65.8646
8.75568 14.591 65.7615
8.85726 14.6894 65.6983
8.84179 14.7313 65.7938
-15.155 -7.80522 62.7038
-15.163 -7.87242 62.556
-15.3201 -8.03734 62.5019
-15.2988 -7.95503 62.6572
8.84179 14.7313 65.7938
8.85726 14.6894 65.6983
8.97369 14.8007 65.6237
8.94819 14.8342 65.7273
-15.2988 -7.95503 62.6572
-15.3201 -8.03734 62.5019
-15.4713 -8.19822 62.4444
-15.4592 -8.12358 62.6014
8.94819 14.8342 65.7273
8.97369 14.8007 65.6237
9.08607 14.9061 65.5485
9.06707 14.9477 65.6508
-15.4592 -8.12358 62.6014
-15.4713 -8.19822 62.4444
-15.6198 -8.35778 62.3842
-15.6145 -8.28903 62.5421
9.06707 14.9477 65.6508
9.08607 14.9061 65.5485
9.19348 15.0397 65.4467
9.18259 15.0559 65.5734
-11.0597 -7.10642 27.9877
-11.0125 -7.07394 27.8758
-11.1142 -7.13196 27.7089
-11.1596 -7.20452 27.729
4.76914 11.5208 30.4229
4.74878 11.434 30.3027
4.82747 11.5463 30.0678
4.84398 11.6287 30.2032
-11.1596 -7.20452 27.729
-11.1142 -7.13196 27.7089
-11.2125 -7.22851 27.455
-11.2578 -7.30074 27.4747
4.84398 11.6287 30.2032
4.82747 11.5463 30.0678
4.89155 11.661 29.9163
4.91749 11.7346 29.9868
-0.540846 6.95488 122.058
-0.419467 6.9143 122.028
-0.347109 7.0521 122.213
-0.464196 7.07888 122.234
0.381166 -8.14285 101.807
0.573782 -8.11102 101.842
0.56091 -8.26574 101.668
0.367633 -8.2867 101.644
-11.2578 -7.30074 27.4747
-11.2125 -7.22851 27.455
-11.3076 -7.30879 27.2216
-11.3495 -7.35042 27.2763
4.91749 11.7346 29.9868
4.89155 11.661 29.9163
4.93434 11.792 29.9034
4.96085 11.8648 29.9692
-0.464196 7.07888 122.234
-0.347109 7.0521 122.213
-0.436052 7.20739 122.395
-0.555529 7.23532 122.41
0.367633 -8.2867 101.644
0.56091 -8.26574 101.668
0.548603 -8.41353 101.501
0.348241 -8.41383 101.501
14.9459 -1.42565 57.7046
15.0256 -1.50536 57.5893
15.1069 -1.39623 57.8036
15.0446 -1.41356 57.8425
-12.9774 -6.51213 62.169
-12.9523 -6.48492 62.0085
-13.0524 -6.52149 62.0837
-13.0778 -6.54884 62.2446
15.0446 -1.41356 57.8425
15.1069 -1.39623 57.8036
15.1753 -1.26204 58.0762
15.1186 -1.28996 58.0782
-13.0778 -6.54884 62.2446
-13.0524 -6.52149 62.0837
-13.1522 -6.55786 62.1579
-13.1777 -6.58528 62.3191
15.1186 -1.28996 58.0782
15.1753 -1.26204 58.0762
15.2392 -1.13443 58.3369
15.18 -1.16576 58.3332
-13.1777 -6.58528 62.3191
-13.1522 -6.55786 62.1579
-13.2483 -6.59336 62.2332
-13.2255 -6.59791 62.3809
15.18 -1.16576 58.3332
15.2392 -1.13443 58.3369
15.3677 -1.13772 58.4063
15.2877 -1.13414 58.4529
-13.2255 -6.59791 62.3809
-13.2483 -6.59336 62.2332
-13.3121 -6.6147 62.3022
-13.2545 -6.60232 62.4392
15.5586 -1.0996 58.6729
15.6503 -1.109 58.6223
15.7272 -1.09049 58.6994
15.5981 -1.11403 58.749
-13.4487 -6.63316 62.5327
-13.444 -6.63541 62.4407
-13.6197 -6.66376 62.3901
-13.622 -6.66107 62.4881
-14.0401 -6.85629 62.8151
-14.1512 -6.92917 62.6108
-14.2783 -7.04502 62.6104
-14.2813 -6.9883 62.7572
8.17556 13.5788 66.0271
8.19338 13.5891 65.9979
8.26747 13.731 65.942
8.24984 13.721 65.9709
-14.2813 -6.9883 62.7572
-14.2783 -7.04502 62.6104
-14.4063 -7.16222 62.6089
-14.4097 -7.10591 62.7555
8.24984 13.721 65.9709
8.26747 13.731 65.942
8.34228 13.874 65.8853
8.32489 13.8645 65.9141
-14.4097 -7.10591 62.7555
-14.4063 -7.16222 62.6089
-14.5356 -7.28119 62.6056
-14.5384 -7.22547 62.7495
8.32489 13.8645 65.9141
8.34228 13.874 65.8853
8.41802 14.0186 65.8278
8.40065 14.0087 65.8563
-14.5384 -7.22547 62.7495
-14.5356 -7.28119 62.6056
-14.6547 -7.40374 62.5708
-14.6578 -7.34827 62.7146
8.40065 14.0087 65.8563
8.41802 14.0186 65.8278
8.49202 14.1547 65.7683
8.49846 14.1802 65.9072
-14.6578 -7.34827 62.7146
-14.6547 -7.40374 62.5708
-14.7752 -7.52804 62.5346
-14.7787 -7.47301 62.6783
8.49846 14.1802 65.9072
8.49202 14.1547 65.7683
8.59825 14.3239 65.8217
8.60574 14.3416 65.9437
-14.7787 -7.47301 62.6783
-14.7752 -7.52804 62.5346
-14.8972 -7.65456 62.4966
-14.9012 -7.60006 62.6401
8.60574 14.3416 65.9437
8.59825 14.3239 65.8217
8.67017 14.4514 65.7291
8.68978 14.4596 65.8391
-14.9012 -7.60006 62.6401
-14.8972 -7.65456 62.4966
-15.0279 -7.79029 62.4552
-15.0257 -7.72951 62.6002
8.68978 14.4596 65.8391
8.67017 14.4514 65.7291
8.76679 14.5452 65.6693
8.75568 14.591 65.7615
-15.0257 -7.72951 62.6002
-15.0279 -7.79029 62.4552
-15.1814 -7.95116 62.4029
-15.163 -7.87242 62.556
8.75568 14.591 65.7615
8.76679 14.5452 65.6693
8.88039 14.655 65.5961
8.85726 14.6894 65.6983
-15.163 -7.87242 62.556
-15.1814 -7.95116 62.4029
-15.3279 -8.10714 62.347
-15.3201 -8.03734 62.5019
8.85726 14.6894 65.6983
8.88039 14.655 65.5961
8.98593 14.7896 65.4965
8.97369 14.8007 65.6237
-15.3201 -8.03734 62.5019
-15.3279 -8.10714 62.347
-15.4714 -8.26135 62.2888
-15.4713 -8.19822 62.4444
8.97369 14.8007 65.6237
8.98593 14.7896 65.4965
9.08942 14.9219 65.3955
9.08607 14.9061 65.5485
-15.4713 -8.19822 62.4444
-15.4714 -8.26135 62.2888
-15.6143 -8.41573 62.2288
-15.6198 -8.35778 62.3842
9.08607 14.9061 65.5485
9.08942 14.9219 65.3955
9.19247 15.0539 65.2928
9.19348 15.0397 65.4467
-11.1142 -7.13196 27.7089
-11.0747 -7.11855 27.546
-11.1696 -7.16322 27.4194
-11.2125 -7.22851 27.455
4.82747 11.5463 30.0678
4.81246 11.4662 29.9289
4.8659 11.5908 29.8504
4.89155 11.661 29.9163
-0.419467 6.9143 122.028
-0.304754 6.87829 122.002
-0.258298 7.02907 122.185
-0.347109 7.0521 122.213
0.573782 -8.11102 101.842
0.756363 -8.13343 101.817
0.744242 -8.273 101.66
0.56091 -8.26574 101.668
-11.2125 -7.22851 27.455
-11.1696 -7.16322 27.4194
-11.2657 -7.25312 27.182
-11.3076 -7.30879 27.2216
4.89155 11.661 29.9163
4.8659 11.5908 29.8504
4.9086 11.7215 29.8378
4.93434 11.792 29.9034
-0.347109 7.0521 122.213
-0.258298 7.02907 122.185
-0.228554 7.13311 122.326
-0.436052 7.20739 122.395
0.56091 -8.26574 101.668
0.744242 -8.273 101.66
0.733726 -8.41026 101.505
0.548603 -8.41353 101.501
14.9239 -1.51734 57.4474
15.0072 -1.59655 57.3372
15.0955 -1.50162 57.5309
15.0256 -1.50536 57.5893
-12.8516 -6.44804 61.9322
-12.8275 -6.42133 61.7734
-12.9278 -6.45805 61.8493
-12.9523 -6.48492 62.0085
15.0256 -1.50536 57.5893
15.0955 -1.50162 57.5309
15.1635 -1.36775 57.8031
15.1069 -1.39623 57.8036
-12.9523 -6.48492 62.0085
-12.9278 -6.45805 61.8493
-13.0275 -6.49446 61.924
-13.0524 -6.52149 62.0837
15.1069 -1.39623 57.8036
15.1635 -1.36775 57.8031
15.2318 -1.2339 58.0749
15.1753 -1.26204 58.0762
-13.0524 -6.52149 62.0837
-13.0275 -6.49446 61.924
-13.127 -6.53069 61.9979
-13.1522 -6.55786 62.1579
15.1753 -1.26204 58.0762
15.2318 -1.2339 58.0749
15.3156 -1.13249 58.2988
15.2392 -1.13443 58.3369
-13.1522 -6.55786 62.1579
-13.127 -6.53069 61.9979
-13.2246 -6.56639 62.0715
-13.2483 -6.59336 62.2332
5.82386 13.3563 47.4624
5.83411 13.3395 47.3872
5.85347 13.4861 47.3029
5.84561 13.5184 47.3972
3.5803 -13.9642 51.2134
3.54111 -13.9548 51.0792
3.59651 -14.0906 51.1419
3.63584 -14.1003 51.2763
-13.9202 -6.8001 62.6629
-14.0198 -6.87012 62.4614
-14.1478 -6.98532 62.4647
-14.1512 -6.92917 62.6108
8.12403 13.451 66.0468
8.15975 13.4706 65.9878
8.22726 13.609 65.9428
8.19338 13.5891 65.9979
-14.1512 -6.92917 62.6108
-14.1478 -6.98532 62.4647
-14.2745 -7.10078 62.4643
-14.2783 -7.04502 62.6104
8.19338 13.5891 65.9979
8.22726 13.609 65.9428
8.295 13.7466 65.8968
8.26747 13.731 65.942
-14.2783 -7.04502 62.6104
-14.2745 -7.10078 62.4643
-14.402 -7.21736 62.4631
-14.4063 -7.16222 62.6089
8.26747 13.731 65.942
8.295 13.7466 65.8968
8.36341 13.8852 65.8501
8.34228 13.874 65.8853
-14.4063 -7.16222 62.6089
-14.402 -7.21736 62.4631
-14.5309 -7.33568 62.4606
-14.5356 -7.28119 62.6056
8.34228 13.874 65.8853
8.36341 13.8852 65.8501
8.43444 14.0265 65.7999
8.41802 14.0186 65.8278
-14.5356 -7.28119 62.6056
-14.5309 -7.33568 62.4606
-14.6503 -7.45742 62.4284
-14.6547 -7.40374 62.5708
8.41802 14.0186 65.8278
8.43444 14.0265 65.7999
8.50827 14.1627 65.7408
8.49202 14.1547 65.7683
-14.6547 -7.40374 62.5708
-14.6503 -7.45742 62.4284
-14.7702 -7.58106 62.3924
-14.7752 -7.52804 62.5346
8.49202 14.1547 65.7683
8.50827 14.1627 65.7408
8.58952 14.3051 65.7021
8.59825 14.3239 65.8217
-14.7752 -7.52804 62.5346
-14.7702 -7.58106 62.3924
-14.8943 -7.70965 62.3539
-14.8972 -7.65456 62.4966
8.59825 14.3239 65.8217
8.58952 14.3051 65.7021
8.67652 14.4106 65.6327
8.67017 14.4514 65.7291
-14.8972 -7.65456 62.4966
-14.8943 -7.70965 62.3539
-15.0436 -7.86587 62.3038
-15.0279 -7.79029 62.4552
8.67017 14.4514 65.7291
8.67652 14.4106 65.6327
8.78396 14.5469 65.538
8.76679 14.5452 65.6693
-15.0279 -7.79029 62.4552
-15.0436 -7.86587 62.3038
-15.1844 -8.01579 62.25
-15.1814 -7.95116 62.4029
8.76679 14.5452 65.6693
8.78396 14.5469 65.538
8.88538 14.6763 65.4422
8.88039 14.655 65.5961
-15.1814 -7.95116 62.4029
-15.1844 -8.01579 62.25
-15.3222 -8.16392 62.194
-15.3279 -8.10714 62.347
8.88039 14.655 65.5961
8.88538 14.6763 65.4422
8.98474 14.8033 65.3451
8.98593 14.7896 65.4965
-15.3279 -8.10714 62.347
-15.3222 -8.16392 62.194
-15.4596 -8.31257 62.1358
-15.4714 -8.26135 62.2888
8.98593 14.7896 65.4965
8.98474 14.8033 65.3451
9.08387 14.9303 65.246
9.08942 14.9219 65.3955
-15.4714 -8.26135 62.2888
-15.4596 -8.31257 62.1358
-15.5981 -8.46293 62.0758
-15.6143 -8.41573 62.2288
9.08942 14.9219 65.3955
9.08387 14.9303 65.246
9.18471 15.06 65.1428
9.19247 15.0539 65.2928
-0.304754 6.87829 122.002
-0.193015 6.82915 121.904
-0.18666 7.00681 122.164
-0.258298 7.02907 122.185
0.756363 -8.13343 101.817
0.9327 -8.14444 101.805
0.928094 -8.28681 101.644
0.744242 -8.273 101.66
-0.258298 7.02907 122.185
-0.18666 7.00681 122.164
-0.0619203 7.11279 122.261
-0.228554 7.13311 122.326
0.744242 -8.273 101.66
0.928094 -8.28681 101.644
0.921012 -8.41502 101.499
0.733726 -8.41026 101.505
15.0072 -1.59655 57.3372
15.0847 -1.60556 57.2614
15.1523 -1.47208 57.5331
15.0955 -1.50162 57.5309
-12.8275 -6.42133 61.7734
-12.8045 -6.39513 61.6164
-12.9041 -6.43159 61.6917
-12.9278 -6.45805 61.8493
15.0955 -1.50162 57.5309
15.1523 -1.47208 57.5331
15.2201 -1.33884 57.8038
15.1635 -1.36775 57.8031
-12.9278 -6.45805 61.8493
-12.9041 -6.43159 61.6917
-13.0033 -6.46779 61.7659
-13.0275 -6.49446 61.924
15.1635 -1.36775 57.8031
15.2201 -1.33884 57.8038
15.2881 -1.20563 58.0742
15.2318 -1.2339 58.0749
-13.0275 -6.49446 61.924
-13.0033 -6.46779 61.7659
-13.1022 -6.50378 61.839
-13.127 -6.53069 61.9979
15.2318 -1.2339 58.0749
15.2881 -1.20563 58.0742
15.3942 -1.13601 58.253
15.3156 -1.13249 58.2988
-13.127 -6.53069 61.9979
-13.1022 -6.50378 61.839
-13.2009 -6.53957 61.9111
-13.2246 -6.56639 62.0715
5.83411 13.3395 47.3872
5.8443 13.3228 47.3124
5.86362 13.4689 47.2283
5.85347 13.4861 47.3029
3.54111 -13.9548 51.0792
3.50215 -13.9455 50.9459
3.5573 -14.0809 51.0082
3.59651 -14.0906 51.1419
-13.7999 -6.74363 62.4997
-13.8798 -6.80751 62.3014
-14.0093 -6.92252 62.3085
-14.0198 -6.87012 62.4614
8.0921 13.3306 66.032
8.12648 13.346 65.9729
8.19379 13.4854 65.9289
8.15975 13.4706 65.9878
-14.0198 -6.87012 62.4614
-14.0093 -6.92252 62.3085
-14.1395 -7.03847 62.3148
-14.1478 -6.98532 62.4647
8.15975 13.4706 65.9878
8.19379 13.4854 65.9289
8.26168 13.6256 65.8844
8.22726 13.609 65.9428
-14.1478 -6.98532 62.4647
-14.1395 -7.03847 62.3148
-14.27 -7.1554 62.3193
-14.2745 -7.10078 62.4643
8.22726 13.609 65.9428
8.26168 13.6256 65.8844
8.33017 13.7665 65.839
8.295 13.7466 65.8968
-14.2745 -7.10078 62.4643
-14.27 -7.1554 62.3193
-14.3969 -7.27139 62.3182
-14.402 -7.21736 62.4631
8.295 13.7466 65.8968
8.33017 13.7665 65.839
8.39824 13.9044 65.7926
8.36341 13.8852 65.8501
-14.402 -7.21736 62.4631
-14.3969 -7.27139 62.3182
-14.5251 -7.38901 62.3158
-14.5309 -7.33568 62.4606
8.36341 13.8852 65.8501
8.39824 13.9044 65.7926
8.46729 14.0439 65.7452
8.43444 14.0265 65.7999
-14.5309 -7.33568 62.4606
-14.5251 -7.38901 62.3158
-14.6448 -7.50958 62.2873
-14.6503 -7.45742 62.4284
8.43444 14.0265 65.7999
8.46729 14.0439 65.7452
8.53864 14.1788 65.6902
8.50827 14.1627 65.7408
-14.6503 -7.45742 62.4284
-14.6448 -7.50958 62.2873
-14.7639 -7.63244 62.2515
-14.7702 -7.58106 62.3924
8.50827 14.1627 65.7408
8.53864 14.1788 65.6902
8.58321 14.269 65.5755
8.58952 14.3051 65.7021
8.50827 14.1627 65.7408
8.53864 14.1788 65.6902
8.58321 14.269 65.5755
8.58952 14.3051 65.7021
1.93446 -15.349 68.8497
1.89097 -15.2549 68.7238
1.90863 -15.4237 68.5633
1.95541 -15.5214 68.6926
-14.7702 -7.58106 62.3924
-14.7639 -7.63244 62.2515
-14.9073 -7.78226 62.2039
-14.8943 -7.70965 62.3539
8.58952 14.3051 65.7021
8.58321 14.269 65.5755
8.69212 14.4343 65.4649
8.67652 14.4106 65.6327
-14.8943 -7.70965 62.3539
-14.9073 -7.78226 62.2039
-15.041 -7.92474 62.1527
-15.0436 -7.86587 62.3038
8.67652 14.4106 65.6327
8.69212 14.4343 65.4649
8.78496 14.5631 65.3876
8.78396 14.5469 65.538
-15.0436 -7.86587 62.3038
-15.041 -7.92474 62.1527
-15.1721 -8.06556 62.0996
-15.1844 -8.01579 62.25
8.78396 14.5469 65.538
8.78496 14.5631 65.3876
8.87946 14.684 65.2954
8.88538 14.6763 65.4422
-15.1844 -8.01579 62.25
-15.1721 -8.06556 62.0996
-15.3032 -8.20741 62.0441
-15.3222 -8.16392 62.194
8.88538 14.6763 65.4422
8.87946 14.684 65.2954
8.97405 14.8051 65.2008
8.98474 14.8033 65.3451
-15.3222 -8.16392 62.194
-15.3032 -8.20741 62.0441
-15.4358 -8.35158 61.9862
-15.4596 -8.31257 62.1358
8.98474 14.8033 65.3451
8.97405 14.8051 65.2008
9.06973 14.9279 65.1033
9.08387 14.9303 65.246
-15.4596 -8.31257 62.1358
-15.4358 -8.35158 61.9862
-15.595 -8.48642 61.9343
-15.5981 -8.46293 62.0758
9.08387 14.9303 65.246
9.06973 14.9279 65.1033
9.16712 15.0529 65.0027
9.18471 15.06 65.1428
-10.9238 -7.04563 27.5426
-10.7894 -6.89851 27.5908
-10.8839 -6.9505 27.4534
-11.0239 -7.10004 27.3958
4.72452 11.2847 30.0157
4.72872 11.2336 29.8243
4.77969 11.3431 29.7328
4.7958 11.3866 29.8038
-11.0239 -7.10004 27.3958
-10.8839 -6.9505 27.4534
-10.9754 -7.0001 27.3189
-11.13 -7.15713 27.239
4.7958 11.3866 29.8038
4.77969 11.3431 29.7328
4.81812 11.4609 29.7202
4.84115 11.5233 29.7847
-11.13 -7.15713 27.239
-10.9754 -7.0001 27.3189
-11.1149 -7.11151 27.1214
-11.2251 -7.20406 27.1092
4.84115 11.5233 29.7847
4.81812 11.4609 29.7202
4.86203 11.595 29.7098
4.88368 11.6535 29.7726
-0.18666 7.00681 122.164
-0.0588928 6.97386 122.1
0.0305712 7.07676 122.182
-0.0619203 7.11279 122.261
0.928094 -8.28681 101.644
1.11573 -8.28898 101.642
1.11193 -8.40908 101.506
0.921012 -8.41502 101.499
14.9902 -1.68747 57.0874
15.0748 -1.70747 56.9962
15.1419 -1.57465 57.2668
15.0847 -1.60556 57.2614
-12.7041 -6.35824 61.5394
-12.6828 -6.33284 61.385
-12.7822 -6.36933 61.461
-12.8045 -6.39513 61.6164
15.0847 -1.60556 57.2614
15.1419 -1.57465 57.2668
15.2091 -1.44208 57.5365
15.1523 -1.47208 57.5331
-12.8045 -6.39513 61.6164
-12.7822 -6.36933 61.461
-12.8811 -6.40552 61.5357
-12.9041 -6.43159 61.6917
15.1523 -1.47208 57.5331
15.2091 -1.44208 57.5365
15.2765 -1.3097 57.8054
15.2201 -1.33884 57.8038
-12.9041 -6.43159 61.6917
-12.8811 -6.40552 61.5357
-12.9796 -6.4414 61.6089
-13.0033 -6.46779 61.7659
15.2201 -1.33884 57.8038
15.2765 -1.3097 57.8054
15.3443 -1.17719 58.0743
15.2881 -1.20563 58.0742
-13.0033 -6.46779 61.7659
-12.9796 -6.4414 61.6089
-13.0779 -6.47713 61.6813
-13.1022 -6.50378 61.839
15.2881 -1.20563 58.0742
15.3443 -1.17719 58.0743
15.4686 -1.13928 58.207
15.3942 -1.13601 58.253
-13.1022 -6.50378 61.839
-13.0779 -6.47713 61.6813
-13.176 -6.51268 61.7528
-13.2009 -6.53957 61.9111
5.8443 13.3228 47.3124
5.85443 13.3061 47.2381
5.87169 13.4446 47.1478
5.86362 13.4689 47.2283
3.50215 -13.9455 50.9459
3.46338 -13.9362 50.8133
3.51822 -14.0709 50.875
3.5573 -14.0809 51.0082
5.86362 13.4689 47.2283
5.87169 13.4446 47.1478
5.88791 13.5794 47.0533
5.89506 13.615 47.1632
3.5573 -14.0809 51.0082
3.51822 -14.0709 50.875
3.57309 -14.2061 50.9365
3.61246 -14.2166 51.0701
-13.7107 -6.70065 62.314
-13.741 -6.74604 62.1411
-13.8693 -6.85964 62.1492
-13.8798 -6.80751 62.3014
8.05967 13.2074 66.0163
8.09388 13.2227 65.9575
8.16035 13.3607 65.9143
8.12648 13.346 65.9729
-13.8798 -6.80751 62.3014
-13.8693 -6.85964 62.1492
-13.9984 -6.97416 62.1564
-14.0093 -6.92252 62.3085
8.12648 13.346 65.9729
8.16035 13.3607 65.9143
8.22737 13.4995 65.8706
8.19379 13.4854 65.9289
-14.0093 -6.92252 62.3085
-13.9984 -6.97416 62.1564
-14.128 -7.0895 62.1629
-14.1395 -7.03847 62.3148
8.19379 13.4854 65.9289
8.22737 13.4995 65.8706
8.29489 13.6391 65.8263
8.26168 13.6256 65.8844
-14.1395 -7.03847 62.3148
-14.128 -7.0895 62.1629
-14.2583 -7.2059 62.1685
-14.27 -7.1554 62.3193
8.26168 13.6256 65.8844
8.29489 13.6391 65.8263
8.36305 13.7796 65.7814
8.33017 13.7665 65.839
-14.27 -7.1554 62.3193
-14.2583 -7.2059 62.1685
-14.3896 -7.3236 62.1728
-14.3969 -7.27139 62.3182
8.33017 13.7665 65.839
8.36305 13.7796 65.7814
8.432 13.9213 65.7357
8.39824 13.9044 65.7926
6.89163 14.0756 83.3529
6.94075 14.0267 83.2541
6.97803 14.2518 83.2065
6.94085 14.2724 83.3043
1.61288 -15.6453 87.0802
1.59624 -15.7235 86.9647
1.61194 -15.8066 87.036
1.61708 -15.813 87.1377
-14.3969 -7.27139 62.3182
-14.3896 -7.3236 62.1728
-14.5181 -7.44085 62.1723
-14.5251 -7.38901 62.3158
8.39824 13.9044 65.7926
8.432 13.9213 65.7357
8.49304 14.0468 65.6707
8.46729 14.0439 65.7452
6.94085 14.2724 83.3043
6.97803 14.2518 83.2065
7.01624 14.4714 83.1566
7.01727 14.4246 83.2568
1.61708 -15.813 87.1377
1.61194 -15.8066 87.036
1.60695 -15.9706 87.0979
1.60598 -16.0115 87.195
-14.5251 -7.38901 62.3158
-14.5181 -7.44085 62.1723
-14.6383 -7.56024 62.1474
-14.6448 -7.50958 62.2873
8.46729 14.0439 65.7452
8.49304 14.0468 65.6707
8.51468 14.0924 65.5022
8.53864 14.1788 65.6902
8.46729 14.0439 65.7452
8.49304 14.0468 65.6707
8.51468 14.0924 65.5022
8.53864 14.1788 65.6902
1.9079 -15.1101 68.9293
1.90386 -15.0604 68.817
1.89509 -15.1977 68.6658
1.89097 -15.2549 68.7238
-14.6448 -7.50958 62.2873
-14.6383 -7.56024 62.1474
-14.7712 -7.69923 62.103
-14.7639 -7.63244 62.2515
8.53864 14.1788 65.6902
8.51468 14.0924 65.5022
8.58914 14.2415 65.4248
8.58321 14.269 65.5755
-14.7639 -7.63244 62.2515
-14.7712 -7.69923 62.103
-14.8962 -7.83244 62.0551
-14.9073 -7.78226 62.2039
8.58321 14.269 65.5755
8.58914 14.2415 65.4248
8.70226 14.4169 65.2591
8.69212 14.4343 65.4649
-14.9073 -7.78226 62.2039
-14.8962 -7.83244 62.0551
-15.0201 -7.96541 62.0053
-15.041 -7.92474 62.1527
8.69212 14.4343 65.4649
8.70226 14.4169 65.2591
8.7864 14.5399 65.1927
8.78496 14.5631 65.3876
-15.041 -7.92474 62.1527
-15.0201 -7.96541 62.0053
-15.1659 -8.08912 61.9607
-15.1721 -8.06556 62.0996
8.78496 14.5631 65.3876
8.7864 14.5399 65.1927
8.87126 14.6635 65.1236
8.87946 14.684 65.2954
-15.1721 -8.06556 62.0996
-15.1659 -8.08912 61.9607
-15.3185 -8.21288 61.9152
-15.3032 -8.20741 62.0441
8.87946 14.684 65.2954
8.87126 14.6635 65.1236
8.95753 14.7887 65.0505
8.97405 14.8051 65.2008
-15.3032 -8.20741 62.0441
-15.3185 -8.21288 61.9152
-15.475 -8.33922 61.8674
-15.4358 -8.35158 61.9862
8.97405 14.8051 65.2008
8.95753 14.7887 65.0505
9.04683 14.9142 64.9689
9.06973 14.9279 65.1033
-10.7894 -6.89851 27.5908
-10.6497 -6.74732 27.6444
-10.745 -6.80991 27.5047
-10.8839 -6.9505 27.4534
4.72872 11.2336 29.8243
4.72494 11.1838 29.6758
4.76065 11.2932 29.6644
4.77969 11.3431 29.7328
-0.0588928 6.97386 122.1
0.108683 6.93278 122.003
0.19991 7.03127 122.075
0.0305712 7.07676 122.182
1.11573 -8.28898 101.642
1.31167 -8.29441 101.635
1.27728 -8.4282 101.484
1.11193 -8.40908 101.506
14.9754 -1.77816 56.8406
15.0663 -1.80639 56.7371
15.1325 -1.67449 57.0064
15.0748 -1.70747 56.9962
-12.5824 -6.29581 61.3069
-12.5675 -6.27304 61.159
-12.6669 -6.30972 61.2364
-12.6828 -6.33284 61.385
15.0748 -1.70747 56.9962
15.1325 -1.67449 57.0064
15.199 -1.54307 57.2742
15.1419 -1.57465 57.2668
-12.6828 -6.33284 61.385
-12.6669 -6.30972 61.2364
-12.7657 -6.34596 61.3118
-12.7822 -6.36933 61.461
15.1419 -1.57465 57.2668
15.199 -1.54307 57.2742
15.2656 -1.4118 57.5411
15.2091 -1.44208 57.5365
-12.7822 -6.36933 61.461
-12.7657 -6.34596 61.3118
-12.864 -6.3819 61.3857
-12.8811 -6.40552 61.5357
15.2091 -1.44208 57.5365
15.2656 -1.4118 57.5411
15.3327 -1.2804 57.8078
15.2765 -1.3097 57.8054
-12.8811 -6.40552 61.5357
-12.864 -6.3819 61.3857
-12.9622 -6.41765 61.4584
-12.9796 -6.4414 61.6089
15.2765 -1.3097 57.8054
15.3327 -1.2804 57.8078
15.4002 -1.14876 58.0747
15.3443 -1.17719 58.0743
-12.9796 -6.4414 61.6089
-12.9622 -6.41765 61.4584
-13.0603 -6.45328 61.5303
-13.0779 -6.47713 61.6813
15.3443 -1.17719 58.0743
15.4002 -1.14876 58.0747
15.5426 -1.14255 58.1614
15.4686 -1.13928 58.207
-13.0779 -6.47713 61.6813
-13.0603 -6.45328 61.5303
-13.1585 -6.48883 61.6015
-13.176 -6.51268 61.7528
5.25527 12.7088 29.5843
5.27079 12.6784 29.4485
5.27492 12.8052 29.4175
5.28389 12.8321 29.5516
3.92354 -13.4224 33.0806
3.91181 -13.4062 33.0097
3.94446 -13.5526 33.0468
3.95639 -13.5697 33.1182
5.85443 13.3061 47.2381
5.86349 13.2858 47.161
5.87957 13.4197 47.0674
5.87169 13.4446 47.1478
3.46338 -13.9362 50.8133
3.42471 -13.9267 50.6812
3.47927 -14.0609 50.7425
3.51822 -14.0709 50.875
5.87169 13.4446 47.1478
5.87957 13.4197 47.0674
5.89573 13.5539 46.9732
5.88791 13.5794 47.0533
3.51822 -14.0709 50.875
3.47927 -14.0609 50.7425
3.53381 -14.1954 50.8034
3.57309 -14.2061 50.9365
5.88791 13.5794 47.0533
5.89573 13.5539 46.9732
5.91274 13.689 46.8798
5.94943 13.7451 47.0461
3.57309 -14.2061 50.9365
3.53381 -14.1954 50.8034
3.58846 -14.3305 50.8642
3.62798 -14.3417 50.9976
-13.6031 -6.67002 62.1168
-13.6558 -6.67125 61.9899
-13.7712 -6.77733 62.0037
-13.741 -6.74604 62.1411
8.02781 13.0853 66.0002
8.06191 13.1006 65.9416
8.12768 13.2374 65.8991
8.09388 13.2227 65.9575
-13.741 -6.74604 62.1411
-13.7712 -6.77733 62.0037
-13.8912 -6.89454 62.009
-13.8693 -6.85964 62.1492
8.09388 13.2227 65.9575
8.12768 13.2374 65.8991
8.19388 13.3749 65.8561
8.16035 13.3607 65.9143
-13.8693 -6.85964 62.1492
-13.8912 -6.89454 62.009
-14.0119 -7.01222 62.0139
-13.9984 -6.97416 62.1564
8.16035 13.3607 65.9143
8.19388 13.3749 65.8561
8.26045 13.5129 65.8127
8.22737 13.4995 65.8706
-13.9984 -6.97416 62.1564
-14.0119 -7.01222 62.0139
-14.1336 -7.13059 62.018
-14.128 -7.0895 62.1629
8.22737 13.4995 65.8706
8.26045 13.5129 65.8127
8.32759 13.6517 65.7688
8.29489 13.6391 65.8263
-14.128 -7.0895 62.1629
-14.1336 -7.13059 62.018
-14.2565 -7.24964 62.0215
-14.2583 -7.2059 62.1685
8.29489 13.6391 65.8263
8.32759 13.6517 65.7688
8.39528 13.7914 65.7243
8.36305 13.7796 65.7814
-14.2583 -7.2059 62.1685
-14.2565 -7.24964 62.0215
-14.3805 -7.36945 62.0241
-14.3896 -7.3236 62.1728
8.36305 13.7796 65.7814
8.39528 13.7914 65.7243
8.43181 13.8742 65.6045
8.432 13.9213 65.7357
8.36305 13.7796 65.7814
8.39528 13.7914 65.7243
8.43181 13.8742 65.6045
8.432 13.9213 65.7357
1.88224 -14.8375 68.8991
1.87646 -14.775 68.769
1.88952 -14.8673 68.7247
1.896 -14.9243 68.8523
6.94075 14.0267 83.2541
6.97788 13.9767 83.1296
7.02634 14.1993 83.1088
6.97803 14.2518 83.2065
1.59624 -15.7235 86.9647
1.57848 -15.8012 86.8464
1.59257 -15.8742 86.9201
1.61194 -15.8066 87.036
-14.3896 -7.3236 62.1728
-14.3805 -7.36945 62.0241
-14.5068 -7.48971 62.0261
-14.5181 -7.44085 62.1723
8.432 13.9213 65.7357
8.43181 13.8742 65.6045
8.46152 13.9442 65.4663
8.49304 14.0468 65.6707
6.97803 14.2518 83.2065
7.02634 14.1993 83.1088
7.06381 14.4239 83.0608
7.01624 14.4714 83.1566
1.61194 -15.8066 87.036
1.59257 -15.8742 86.9201
1.60522 -15.9401 86.9955
1.60695 -15.9706 87.0979
-14.5181 -7.44085 62.1723
-14.5068 -7.48971 62.0261
-14.6432 -7.60907 62.0007
-14.6383 -7.56024 62.1474
8.49304 14.0468 65.6707
8.46152 13.9442 65.4663
8.49417 14.025 65.3609
8.51468 14.0924 65.5022
7.01624 14.4714 83.1566
7.06381 14.4239 83.0608
7.11094 14.6312 82.9926
7.06041 14.6718 83.0933
1.60695 -15.9706 87.0979
1.60522 -15.9401 86.9955
1.59758 -16.1096 87.035
1.5966 -16.1518 87.1368
-14.6383 -7.56024 62.1474
-14.6432 -7.60907 62.0007
-14.7735 -7.71776 61.9681
-14.7712 -7.69923 62.103
8.51468 14.0924 65.5022
8.49417 14.025 65.3609
8.56675 14.1704 65.3183
8.58914 14.2415 65.4248
7.06041 14.6718 83.0933
7.11094 14.6312 82.9926
7.15768 14.8155 82.9227
7.12062 14.8809 83.0121
1.5966 -16.1518 87.1368
1.59758 -16.1096 87.035
1.58795 -16.2756 87.061
1.58519 -16.3489 87.1687
-14.7712 -7.69923 62.103
-14.7735 -7.71776 61.9681
-14.9116 -7.83168 61.9309
-14.8962 -7.83244 62.0551
8.58914 14.2415 65.4248
8.56675 14.1704 65.3183
8.66995 14.3274 65.1503
8.70226 14.4169 65.2591
7.12062 14.8809 83.0121
7.15768 14.8155 82.9227
7.20783 15.007 82.8471
7.18567 15.0653 82.9322
1.58519 -16.3489 87.1687
1.58795 -16.2756 87.061
1.58639 -16.4563 87.0789
1.57687 -16.5352 87.1928
-14.8962 -7.83244 62.0551
-14.9116 -7.83168 61.9309
-15.0546 -7.94886 61.8906
-15.0201 -7.96541 62.0053
8.70226 14.4169 65.2591
8.66995 14.3274 65.1503
8.77778 14.4945 64.998
8.7864 14.5399 65.1927
7.18567 15.0653 82.9322
7.20783 15.007 82.8471
7.2602 15.203 82.7677
7.24966 15.2499 82.8513
1.57687 -16.5352 87.1928
1.58639 -16.4563 87.0789
1.60776 -16.6632 87.0771
1.59891 -16.7486 87.1909
0.108683 6.93278 122.003
0.277541 6.90215 121.913
0.352043 7.00027 121.995
0.19991 7.03127 122.075
1.31167 -8.29441 101.635
1.47804 -8.31833 101.608
1.4329 -8.46012 101.448
1.27728 -8.4282 101.484
14.9678 -1.86777 56.6044
15.0671 -1.88519 56.5205
15.1276 -1.76485 56.766
15.0663 -1.80639 56.7371
-12.4707 -6.23724 61.083
-12.4753 -6.22236 60.9546
-12.566 -6.25577 61.0249
-12.5675 -6.27304 61.159
15.0663 -1.80639 56.7371
15.1276 -1.76485 56.766
15.1901 -1.64094 57.0185
15.1325 -1.67449 57.0064
-12.5675 -6.27304 61.159
-12.566 -6.25577 61.0249
-12.6591 -6.28996 61.0961
-12.6669 -6.30972 61.2364
15.1325 -1.67449 57.0064
15.1901 -1.64094 57.0185
15.2558 -1.51116 57.2827
15.199 -1.54307 57.2742
-12.6669 -6.30972 61.2364
-12.6591 -6.28996 61.0961
-12.7565 -6.32567 61.1702
-12.7657 -6.34596 61.3118
15.199 -1.54307 57.2742
15.2558 -1.51116 57.2827
15.3219 -1.38128 57.5466
15.2656 -1.4118 57.5411
-12.7657 -6.34596 61.3118
-12.7565 -6.32567 61.1702
-12.8537 -6.36112 61.2427
-12.864 -6.3819 61.3857
15.2656 -1.4118 57.5411
15.3219 -1.38128 57.5466
15.4027 -1.24965 57.7735
15.3327 -1.2804 57.8078
-12.864 -6.3819 61.3857
-12.8537 -6.36112 61.2427
-12.9508 -6.39642 61.3141
-12.9622 -6.41765 61.4584
15.3327 -1.2804 57.8078
15.4027 -1.24965 57.7735
15.512 -1.12958 57.9259
15.4002 -1.14876 58.0747
-12.9622 -6.41765 61.4584
-12.9508 -6.39642 61.3141
-13.048 -6.43162 61.3846
-13.0603 -6.45328 61.5303
5.22611 12.5483 29.4824
5.24819 12.523 29.3618
5.25916 12.6313 29.2845
5.27079 12.6784 29.4485
3.87787 -13.2527 32.9731
3.86578 -13.2339 32.9033
3.9001 -13.3899 32.9391
3.91181 -13.4062 33.0097
5.27079 12.6784 29.4485
5.25916 12.6313 29.2845
5.266 12.7783 29.2842
5.27492 12.8052 29.4175
3.91181 -13.4062 33.0097
3.9001 -13.3899 32.9391
3.93254 -13.5355 32.9758
3.94446 -13.5526 33.0468
5.86349 13.2858 47.161
5.87136 13.2615 47.0809
5.88739 13.3947 46.9875
5.87957 13.4197 47.0674
3.42471 -13.9267 50.6812
3.38618 -13.9171 50.5496
3.44037 -14.0507 50.6104
3.47927 -14.0609 50.7425
5.87957 13.4197 47.0674
5.88739 13.3947 46.9875
5.90349 13.5283 46.8936
5.89573 13.5539 46.9732
3.47927 -14.0609 50.7425
3.44037 -14.0507 50.6104
3.49462 -14.1846 50.6708
3.53381 -14.1954 50.8034
5.89573 13.5539 46.9732
5.90349 13.5283 46.8936
5.91967 13.6623 46.7991
5.91274 13.689 46.8798
3.53381 -14.1954 50.8034
3.49462 -14.1846 50.6708
3.549 -14.319 50.7312
3.58846 -14.3305 50.8642
-13.6558 -6.67125 61.9899
-13.7261 -6.67124 61.8275
-13.7998 -6.7977 61.8332
-13.7712 -6.77733 62.0037
8.06191 13.1006 65.9416
8.09573 13.1156 65.8833
8.16119 13.2518 65.841
8.12768 13.2374 65.8991
-13.7712 -6.77733 62.0037
-13.7998 -6.7977 61.8332
-13.9623 -6.90333 61.887
-13.8912 -6.89454 62.009
8.12768 13.2374 65.8991
8.16119 13.2518 65.841
8.227 13.3885 65.7984
8.19388 13.3749 65.8561
8.26045 13.5129 65.8127
8.29321 13.5258 65.7553
8.33961 13.627 65.6645
8.32759 13.6517 65.7688
1.84917 -14.6033 68.8578
1.84351 -14.5415 68.7275
1.85707 -14.627 68.6843
1.86279 -14.6891 68.8139
8.32759 13.6517 65.7688
8.33961 13.627 65.6645
8.36929 13.6975 65.5325
8.39528 13.7914 65.7243
1.86279 -14.6891 68.8139
1.85707 -14.627 68.6843
1.87065 -14.7125 68.64
1.87646 -14.775 68.769
7.02634 14.1993 83.1088
7.07561 14.1413 83.0088
7.11609 14.3538 82.9538
7.06381 14.4239 83.0608
1.59257 -15.8742 86.9201
1.57235 -15.9429 86.7991
1.58288 -16.0126 86.8617
1.60522 -15.9401 86.9955
7.06381 14.4239 83.0608
7.11609 14.3538 82.9538
7.16008 14.5685 82.8923
7.11094 14.6312 82.9926
1.60522 -15.9401 86.9955
1.58288 -16.0126 86.8617
1.59263 -16.0874 86.9198
1.59758 -16.1096 87.035
7.11094 14.6312 82.9926
7.16008 14.5685 82.8923
7.21733 14.777 82.8049
7.15768 14.8155 82.9227
1.59758 -16.1096 87.035
1.59263 -16.0874 86.9198
1.58866 -16.2345 86.9461
1.58795 -16.2756 87.061
7.15768 14.8155 82.9227
7.21733 14.777 82.8049
7.26821 14.9707 82.7281
7.20783 15.007 82.8471
1.58795 -16.2756 87.061
1.58866 -16.2345 86.9461
1.5997 -16.453 86.9464
1.58639 -16.4563 87.0789
7.20783 15.007 82.8471
7.26821 14.9707 82.7281
7.31851 15.1609 82.6521
7.2602 15.203 82.7677
1.58639 -16.4563 87.0789
1.5997 -16.453 86.9464
1.60629 -16.7194 86.932
1.60776 -16.6632 87.0771
7.2602 15.203 82.7677
7.31851 15.1609 82.6521
7.36963 15.351 82.5744
7.31393 15.4009 82.6859
1.60776 -16.6632 87.0771
1.60629 -16.7194 86.932
1.6128 -16.9876 86.9157
1.62177 -16.9091 87.0661
7.31393 15.4009 82.6859
7.36963 15.351 82.5744
7.42229 15.543 82.494
7.36923 15.6013 82.6013
1.62177 -16.9091 87.0661
1.6128 -16.9876 86.9157
1.61926 -17.2607 86.897
1.62848 -17.1948 87.0458
7.36923 15.6013 82.6013
7.42229 15.543 82.494
7.47693 15.7385 82.4103
7.42633 15.8053 82.5138
1.62848 -17.1948 87.0458
1.61926 -17.2607 86.897
1.63134 -17.5285 86.8631
1.63761 -17.4821 87.018
7.42633 15.8053 82.5138
7.47693 15.7385 82.4103
7.53429 15.9392 82.3218
7.48574 16.0141 82.4223
1.63761 -17.4821 87.018
1.63134 -17.5285 86.8631
1.64626 -17.8001 86.8195
1.65315 -17.7643 86.9732
14.8632 -1.97165 56.2256
14.9964 -2.04574 56.179
15.073 -1.95325 56.326
14.9798 -1.95398 56.3984
-12.26 -6.12688 60.8055
-12.2919 -6.13603 60.6648
-12.3914 -6.17482 60.7574
-12.3835 -6.18822 60.8811
14.9798 -1.95398 56.3984
15.073 -1.95325 56.326
15.1316 -1.83525 56.5678
15.0671 -1.88519 56.5205
-12.3835 -6.18822 60.8811
-12.3914 -6.17482 60.7574
-12.4808 -6.20808 60.829
-12.4753 -6.22236 60.9546
0.277541 6.90215 121.913
0.44507 6.87074 121.823
0.500012 6.97159 121.92
0.352043 7.00027 121.995
1.47804 -8.31833 101.608
1.62958 -8.35495 101.567
1.58564 -8.49309 101.411
1.4329 -8.46012 101.448
15.0671 -1.88519 56.5205
15.1316 -1.83525 56.5678
15.1909 -1.71728 56.8085
15.1276 -1.76485 56.766
-12.4753 -6.22236 60.9546
-12.4808 -6.20808 60.829
-12.5697 -6.24082 60.8979
-12.566 -6.25577 61.0249
15.1276 -1.76485 56.766
15.1909 -1.71728 56.8085
15.2509 -1.59913 57.0488
15.1901 -1.64094 57.0185
-12.566 -6.25577 61.0249
-12.5697 -6.24082 60.8979
-12.6582 -6.27317 60.9644
-12.6591 -6.28996 61.0961
15.1901 -1.64094 57.0185
15.2509 -1.59913 57.0488
15.3122 -1.47929 57.2919
15.2558 -1.51116 57.2827
-12.6591 -6.28996 61.0961
-12.6582 -6.27317 60.9644
-12.7476 -6.30568 61.0302
-12.7565 -6.32567 61.1702
15.2558 -1.51116 57.2827
15.3122 -1.47929 57.2919
15.4095 -1.348 57.4683
15.3219 -1.38128 57.5466
-12.7565 -6.32567 61.1702
-12.7476 -6.30568 61.0302
-12.8435 -6.34056 61.101
-12.8537 -6.36112 61.2427
15.3219 -1.38128 57.5466
15.4095 -1.348 57.4683
15.5171 -1.21759 57.6182
15.4027 -1.24965 57.7735
-12.8537 -6.36112 61.2427
-12.8435 -6.34056 61.101
-12.9395 -6.37537 61.1709
-12.9508 -6.39642 61.3141
15.4027 -1.24965 57.7735
15.5171 -1.21759 57.6182
15.6268 -1.12742 57.7707
15.512 -1.12958 57.9259
-12.9508 -6.39642 61.3141
-12.9395 -6.37537 61.1709
-13.0357 -6.41011 61.2399
-13.048 -6.43162 61.3846
5.24819 12.523 29.3618
5.24778 12.4785 29.2106
5.25033 12.6051 29.1522
5.25916 12.6313 29.2845
3.86578 -13.2339 32.9033
3.85375 -13.2151 32.8339
3.8884 -13.3734 32.8688
3.9001 -13.3899 32.9391
5.25916 12.6313 29.2845
5.25033 12.6051 29.1522
5.25709 12.7511 29.1514
5.266 12.7783 29.2842
3.9001 -13.3899 32.9391
3.8884 -13.3734 32.8688
3.9206 -13.5182 32.905
3.93254 -13.5355 32.9758
5.87136 13.2615 47.0809
5.88129 13.2758 46.9421
5.89556 13.3756 46.9002
5.88739 13.3947 46.9875
3.38618 -13.9171 50.5496
3.34768 -13.9073 50.4186
3.40146 -14.0401 50.4785
3.44037 -14.0507 50.6104
5.88739 13.3947 46.9875
5.89556 13.3756 46.9002
5.91118 13.5024 46.8145
5.90349 13.5283 46.8936
3.44037 -14.0507 50.6104
3.40146 -14.0401 50.4785
3.45542 -14.1734 50.5385
3.49462 -14.1846 50.6708
5.90349 13.5283 46.8936
5.91118 13.5024 46.8145
5.92729 13.6357 46.7204
5.91967 13.6623 46.7991
3.49462 -14.1846 50.6708
3.45542 -14.1734 50.5385
3.50951 -14.3072 50.5985
3.549 -14.319 50.7312
5.91967 13.6623 46.7991
5.92729 13.6357 46.7204
5.94348 13.7695 46.6258
5.96612 13.8171 46.7628
3.549 -14.319 50.7312
3.50951 -14.3072 50.5985
3.5637 -14.4415 50.6585
3.60346 -14.4539 50.7915
-13.7261 -6.67124 61.8275
-13.7958 -6.67115 61.6659
-13.8576 -6.79316 61.6548
-13.7998 -6.7977 61.8332
8.09573 13.1156 65.8833
8.12926 13.1302 65.8254
8.19442 13.2657 65.7833
8.16119 13.2518 65.841
-9.04062 11.264 1.97364
-9.08189 11.245 2.13796
-8.92306 11.1473 2.13719
-8.89635 11.1464 1.95942
14.5043 -3.76816 5.29438
14.4481 -3.73722 5.41283
14.3689 -3.71955 5.36698
14.4245 -3.75035 5.24847
8.16119 13.2518 65.841
8.19442 13.2657 65.7833
8.24765 13.3795 65.7123
8.227 13.3885 65.7984
1.81648 -14.3708 68.8118
1.81092 -14.3097 68.6812
1.82436 -14.3947 68.6398
1.82998 -14.4561 68.77
-13.9623 -6.90333 61.887
-14.0104 -6.92117 61.7084
-14.1485 -7.02367 61.768
-14.0823 -7.02042 61.8919
8.227 13.3885 65.7984
8.24765 13.3795 65.7123
8.27736 13.4505 65.5851
8.29321 13.5258 65.7553
8.227 13.3885 65.7984
8.24765 13.3795 65.7123
8.27736 13.4505 65.5851
8.29321 13.5258 65.7553
1.82998 -14.4561 68.77
1.82436 -14.3947 68.6398
1.83783 -14.4798 68.5979
1.84351 -14.5415 68.7275
16.6225 -1.04953 58.899
16.739 -1.04047 58.8372
16.8172 -1.03014 58.906
16.6707 -1.06679 58.9674
-14.449 -7.37395 61.8985
-14.52 -7.37549 61.7615
-14.6456 -7.49143 61.7532
-14.5762 -7.49116 61.8894
7.07561 14.1413 83.0088
7.10788 14.0735 82.8553
7.16805 14.2824 82.8472
7.11609 14.3538 82.9538
1.57235 -15.9429 86.7991
1.54997 -16.016 86.6652
1.56049 -16.0845 86.7278
1.58288 -16.0126 86.8617
7.11609 14.3538 82.9538
7.16805 14.2824 82.8472
7.20854 14.4933 82.792
7.16008 14.5685 82.8923
1.58288 -16.0126 86.8617
1.56049 -16.0845 86.7278
1.57085 -16.1541 86.7895
1.59263 -16.0874 86.9198
7.16008 14.5685 82.8923
7.20854 14.4933 82.792
7.26466 14.7098 82.7076
7.21733 14.777 82.8049
1.59263 -16.0874 86.9198
1.57085 -16.1541 86.7895
1.58579 -16.2622 86.8184
1.58866 -16.2345 86.9461
7.21733 14.777 82.8049
7.26466 14.7098 82.7076
7.32081 14.9143 82.6219
7.26821 14.9707 82.7281
1.58866 -16.2345 86.9461
1.58579 -16.2622 86.8184
1.59426 -16.5239 86.7998
1.5997 -16.453 86.9464
7.26821 14.9707 82.7281
7.32081 14.9143 82.6219
7.3737 15.1102 82.5415
7.31851 15.1609 82.6521
1.5997 -16.453 86.9464
1.59426 -16.5239 86.7998
1.59732 -16.7962 86.7824
1.60629 -16.7194 86.932
7.31851 15.1609 82.6521
7.3737 15.1102 82.5415
7.42598 15.3026 82.4619
7.36963 15.351 82.5744
1.60629 -16.7194 86.932
1.59732 -16.7962 86.7824
1.60385 -17.0687 86.7647
1.6128 -16.9876 86.9157
7.36963 15.351 82.5744
7.42598 15.3026 82.4619
7.47899 15.4944 82.3808
7.42229 15.543 82.494
1.6128 -16.9876 86.9157
1.60385 -17.0687 86.7647
1.61183 -17.3389 86.7416
1.61926 -17.2607 86.897
7.42229 15.543 82.494
7.47899 15.4944 82.3808
7.5335 15.6876 82.297
7.47693 15.7385 82.4103
1.61926 -17.2607 86.897
1.61183 -17.3389 86.7416
1.62622 -17.5991 86.7013
1.63134 -17.5285 86.8631
7.47693 15.7385 82.4103
7.5335 15.6876 82.297
7.59028 15.884 82.2092
7.53429 15.9392 82.3218
1.63134 -17.5285 86.8631
1.62622 -17.5991 86.7013
1.64082 -17.8662 86.6571
1.64626 -17.8001 86.8195
14.8851 -2.06118 56.022
15.0134 -2.11728 55.9596
15.0822 -2.02117 56.1274
14.9964 -2.04574 56.179
-12.0918 -6.0004 60.6247
-12.1388 -6.02024 60.4926
-12.3049 -6.12502 60.5475
-12.2919 -6.13603 60.6648
14.9964 -2.04574 56.179
15.0822 -2.02117 56.1274
15.1385 -1.89976 56.3816
15.073 -1.95325 56.326
-12.2919 -6.13603 60.6648
-12.3049 -6.12502 60.5475
-12.4002 -6.16206 60.6368
-12.3914 -6.17482 60.7574
15.073 -1.95325 56.326
15.1385 -1.89976 56.3816
15.1955 -1.78511 56.6165
15.1316 -1.83525 56.5678
-12.3914 -6.17482 60.7574
-12.4002 -6.16206 60.6368
-12.4871 -6.19437 60.7064
-12.4808 -6.20808 60.829
0.44507 6.87074 121.823
0.611673 6.84065 121.734
0.643709 6.94501 121.849
0.500012 6.97159 121.92
1.62958 -8.35495 101.567
1.77787 -8.39253 101.525
1.73515 -8.52675 101.373
1.58564 -8.49309 101.411
15.1316 -1.83525 56.5678
15.1955 -1.78511 56.6165
15.2535 -1.66989 56.8515
15.1909 -1.71728 56.8085
-12.4808 -6.20808 60.829
-12.4871 -6.19437 60.7064
-12.5738 -6.22626 60.7732
-12.5697 -6.24082 60.8979
15.1909 -1.71728 56.8085
15.2535 -1.66989 56.8515
15.3305 -1.55134 57.0409
15.2509 -1.59913 57.0488
-12.5697 -6.24082 60.8979
-12.5738 -6.22626 60.7732
-12.6605 -6.25789 60.8378
-12.6582 -6.27317 60.9644
15.2509 -1.59913 57.0488
15.3305 -1.55134 57.0409
15.4249 -1.43257 57.1853
15.3122 -1.47929 57.2919
-12.6582 -6.27317 60.9644
-12.6605 -6.25789 60.8378
-12.7474 -6.28934 60.9006
-12.7476 -6.30568 61.0302
15.3122 -1.47929 57.2919
15.4249 -1.43257 57.1853
15.5244 -1.31347 57.3193
15.4095 -1.348 57.4683
-12.7476 -6.30568 61.0302
-12.7474 -6.28934 60.9006
-12.8346 -6.3207 60.9621
-12.8435 -6.34056 61.101
15.4095 -1.348 57.4683
15.5244 -1.31347 57.3193
15.6304 -1.1861 57.4635
15.5171 -1.21759 57.6182
-12.8435 -6.34056 61.101
-12.8346 -6.3207 60.9621
-12.928 -6.35439 61.0287
-12.9395 -6.37537 61.1709
15.5171 -1.21759 57.6182
15.6304 -1.1861 57.4635
15.7405 -1.12522 57.6161
15.6268 -1.12742 57.7707
-12.9395 -6.37537 61.1709
-12.928 -6.35439 61.0287
-13.0232 -6.38865 61.096
-13.0357 -6.41011 61.2399
5.2137 12.3555 29.2714
5.23562 12.3312 29.1529
5.23564 12.4239 29.0438
5.24778 12.4785 29.2106
3.81887 -13.0555 32.7992
3.80716 -13.0378 32.7308
3.84165 -13.1958 32.7648
3.85375 -13.2151 32.8339
5.24778 12.4785 29.2106
5.23564 12.4239 29.0438
5.2415 12.5768 29.0217
5.25033 12.6051 29.1522
3.85375 -13.2151 32.8339
3.84165 -13.1958 32.7648
3.87631 -13.3548 32.7987
3.8884 -13.3734 32.8688
5.25033 12.6051 29.1522
5.2415 12.5768 29.0217
5.24819 12.7235 29.0189
5.25709 12.7511 29.1514
3.8884 -13.3734 32.8688
3.87631 -13.3548 32.7987
3.90858 -13.5003 32.8342
3.9206 -13.5182 32.905
5.89556 13.3756 46.9002
5.90698 13.4042 46.751
5.92014 13.4955 46.7107
5.91118 13.5024 46.8145
3.40146 -14.0401 50.4785
3.36247 -14.0291 50.3468
3.41608 -14.1618 50.4062
3.45542 -14.1734 50.5385
5.91118 13.5024 46.8145
5.92014 13.4955 46.7107
5.93485 13.6088 46.6422
5.92729 13.6357 46.7204
3.45542 -14.1734 50.5385
3.41608 -14.1618 50.4062
3.4699 -14.295 50.4659
3.50951 -14.3072 50.5985
5.92729 13.6357 46.7204
5.93485 13.6088 46.6422
5.95096 13.742 46.548
5.94348 13.7695 46.6258
3.50951 -14.3072 50.5985
3.4699 -14.295 50.4659
3.52389 -14.4287 50.5256
3.5637 -14.4415 50.6585
-13.7958 -6.67115 61.6659
-13.8651 -6.67099 61.5049
-13.9431 -6.77582 61.4762
-13.8576 -6.79316 61.6548
8.12926 13.1302 65.8254
8.15613 13.1327 65.7527
8.18567 13.2034 65.6279
8.19442 13.2657 65.7833
8.12926 13.1302 65.8254
8.15613 13.1327 65.7527
8.18567 13.2034 65.6279
8.19442 13.2657 65.7833
1.79752 -14.2249 68.7222
1.79199 -14.1641 68.5918
1.80534 -14.2485 68.551
1.81092 -14.3097 68.6812
-13.8576 -6.79316 61.6548
-13.9431 -6.77582 61.4762
-13.9987 -6.94578 61.5316
-14.0104 -6.92117 61.7084
8.19442 13.2657 65.7833
8.18567 13.2034 65.6279
8.21527 13.2742 65.5027
8.24765 13.3795 65.7123
-14.1485 -7.02367 61.768
-14.2112 -7.04149 61.5743
-14.3258 -7.12321 61.6239
-14.2718 -7.14494 61.7753
8.27736 13.4505 65.5851
8.24268 13.3382 65.3674
8.26883 13.3983 65.226
8.307 13.5212 65.4566
7.16805 14.2824 82.8472
7.21898 14.2107 82.7409
7.25902 14.4191 82.688
7.20854 14.4933 82.792
1.56049 -16.0845 86.7278
1.53825 -16.1556 86.5947
1.54859 -16.2238 86.6563
1.57085 -16.1541 86.7895
7.20854 14.4933 82.792
7.25902 14.4191 82.688
7.30497 14.6305 82.6224
7.26466 14.7098 82.7076
1.57085 -16.1541 86.7895
1.54859 -16.2238 86.6563
1.57927 -16.3412 86.685
1.58579 -16.2622 86.8184
7.26466 14.7098 82.7076
7.30497 14.6305 82.6224
7.36596 14.8427 82.5283
7.32081 14.9143 82.6219
1.58579 -16.2622 86.8184
1.57927 -16.3412 86.685
1.60159 -16.582 86.6624
1.59426 -16.5239 86.7998
7.32081 14.9143 82.6219
7.36596 14.8427 82.5283
7.42166 15.0436 82.443
7.3737 15.1102 82.5415
1.59426 -16.5239 86.7998
1.60159 -16.582 86.6624
1.60241 -16.8617 86.6413
1.59732 -16.7962 86.7824
7.3737 15.1102 82.5415
7.42166 15.0436 82.443
7.47546 15.2382 82.3607
7.42598 15.3026 82.4619
1.59732 -16.7962 86.7824
1.60241 -16.8617 86.6413
1.60318 -17.1323 86.6211
1.60385 -17.0687 86.7647
7.42598 15.3026 82.4619
7.47546 15.2382 82.3607
7.52911 15.4298 82.2784
7.47899 15.4944 82.3808
1.60385 -17.0687 86.7647
1.60318 -17.1323 86.6211
1.61002 -17.3911 86.589
1.61183 -17.3389 86.7416
7.47899 15.4944 82.3808
7.52911 15.4298 82.2784
7.58351 15.6205 82.1946
7.5335 15.6876 82.297
1.61183 -17.3389 86.7416
1.61002 -17.3911 86.589
1.62087 -17.6451 86.5477
1.62622 -17.5991 86.7013
7.5335 15.6876 82.297
7.58351 15.6205 82.1946
7.63949 15.8119 82.1078
7.59028 15.884 82.2092
1.62622 -17.5991 86.7013
1.62087 -17.6451 86.5477
1.63415 -17.9056 86.5031
1.64082 -17.8662 86.6571
15.0134 -2.11728 55.9596
15.0959 -2.0789 55.9504
15.1493 -1.96001 56.2018
15.0822 -2.02117 56.1274
-12.1388 -6.02024 60.4926
-12.1899 -6.04319 60.3652
-12.3214 -6.11603 60.4405
-12.3049 -6.12502 60.5475
15.0822 -2.02117 56.1274
15.1493 -1.96001 56.2018
15.2031 -1.84633 56.4384
15.1385 -1.89976 56.3816
-12.3049 -6.12502 60.5475
-12.3214 -6.11603 60.4405
-12.4098 -6.14996 60.5199
-12.4002 -6.16206 60.6368
15.1385 -1.89976 56.3816
15.2031 -1.84633 56.4384
15.2706 -1.73338 56.6349
15.1955 -1.78511 56.6165
-12.4002 -6.16206 60.6368
-12.4098 -6.14996 60.5199
-12.4939 -6.18118 60.5869
-12.4871 -6.19437 60.7064
0.611673 6.84065 121.734
0.77606 6.81199 121.648
0.783166 6.9201 121.782
0.643709 6.94501 121.849
1.77787 -8.39253 101.525
1.92204 -8.43066 101.482
1.88109 -8.56059 101.335
1.73515 -8.52675 101.373
15.1955 -1.78511 56.6165
15.2706 -1.73338 56.6349
15.3542 -1.61812 56.7923
15.2535 -1.66989 56.8515
-12.4871 -6.19437 60.7064
-12.4939 -6.18118 60.5869
-12.5781 -6.2121 60.6511
-12.5738 -6.22626 60.7732
15.2535 -1.66989 56.8515
15.3542 -1.61812 56.7923
15.4487 -1.50331 56.9246
15.3305 -1.55134 57.0409
-12.5738 -6.22626 60.7732
-12.5781 -6.2121 60.6511
-12.6628 -6.24281 60.713
-12.6605 -6.25789 60.8378
15.3305 -1.55134 57.0409
15.4487 -1.50331 56.9246
15.5456 -1.38703 57.0559
15.4249 -1.43257 57.1853
-12.6605 -6.25789 60.8378
-12.6628 -6.24281 60.713
-12.748 -6.2735 60.7734
-12.7474 -6.28934 60.9006
15.4249 -1.43257 57.1853
15.5456 -1.38703 57.0559
15.6446 -1.2694 57.1865
15.5244 -1.31347 57.3193
-12.7474 -6.28934 60.9006
-12.748 -6.2735 60.7734
-12.8338 -6.30421 60.8328
-12.8346 -6.3207 60.9621
15.5244 -1.31347 57.3193
15.6446 -1.2694 57.1865
15.7456 -1.15047 57.3169
15.6304 -1.1861 57.4635
-12.8346 -6.3207 60.9621
-12.8338 -6.30421 60.8328
-12.9202 -6.335 60.8913
-12.928 -6.35439 61.0287
15.6304 -1.1861 57.4635
15.7456 -1.15047 57.3169
15.8531 -1.12297 57.4615
15.7405 -1.12522 57.6161
-12.928 -6.35439 61.0287
-12.9202 -6.335 60.8913
-13.0103 -6.36713 60.9526
-13.0232 -6.38865 61.096
5.23562 12.3312 29.1529
5.22587 12.2795 28.9911
5.22606 12.388 28.9063
5.23564 12.4239 29.0438
3.80716 -13.0378 32.7308
3.79533 -13.0193 32.6626
3.82945 -13.176 32.6958
3.84165 -13.1958 32.7648
5.23564 12.4239 29.0438
5.22606 12.388 28.9063
5.23266 12.5462 28.8928
5.2415 12.5768 29.0217
3.84165 -13.1958 32.7648
3.82945 -13.176 32.6958
3.86377 -13.3336 32.7289
3.87631 -13.3548 32.7987
5.2415 12.5768 29.0217
5.23266 12.5462 28.8928
5.23927 12.6953 28.8868
5.24819 12.7235 29.0189
3.87631 -13.3548 32.7987
3.86377 -13.3336 32.7289
3.89644 -13.4818 32.7635
3.90858 -13.5003 32.8342
5.93485 13.6088 46.6422
5.94465 13.6148 46.5211
5.95847 13.7124 46.4692
5.95096 13.742 46.548
3.4699 -14.295 50.4659
3.43015 -14.2824 50.3331
3.48246 -14.4141 50.3887
3.52389 -14.4287 50.5256
-13.8651 -6.67099 61.5049
-13.9342 -6.67074 61.3441
-13.9738 -6.7293 61.3979
-13.9431 -6.77582 61.4762
8.15613 13.1327 65.7527
8.12386 13.0275 65.5418
8.15221 13.0947 65.4131
8.18567 13.2034 65.6279
5.95096 13.742 46.548
5.95847 13.7124 46.4692
5.97477 13.84 46.3712
5.98089 13.8849 46.4804
3.52389 -14.4287 50.5256
3.48246 -14.4141 50.3887
3.53183 -14.5433 50.4361
3.578 -14.5627 50.5855
-13.9431 -6.77582 61.4762
-13.9738 -6.7293 61.3979
-14.043 -6.94123 61.3327
-13.9987 -6.94578 61.5316
8.18567 13.2034 65.6279
8.15221 13.0947 65.4131
8.17837 13.155 65.2745
8.21527 13.2742 65.5027
-8.95571 11.1319 2.32702
-9.01019 11.113 2.50827
-8.85198 11.0213 2.53065
-8.81374 11.0276 2.31624
14.3136 -3.68889 5.48523
14.2549 -3.65549 5.6179
14.1028 -3.61393 5.61952
14.1853 -3.65516 5.47112
-13.9987 -6.94578 61.5316
-14.043 -6.94123 61.3327
-14.1912 -7.06667 61.3706
-14.2112 -7.04149 61.5743
8.21527 13.2742 65.5027
8.17837 13.155 65.2745
8.20456 13.2154 65.1356
8.24268 13.3382 65.3674
-14.3258 -7.12321 61.6239
-14.4026 -7.16282 61.4074
-14.4981 -7.2116 61.4665
-14.4672 -7.26223 61.6321
8.26883 13.3983 65.226
8.23073 13.2758 64.9963
8.2568 13.3358 64.8562
8.29487 13.4581 65.0834
7.21898 14.2107 82.7409
7.23035 14.1422 82.5474
7.30887 14.345 82.5851
7.25902 14.4191 82.688
1.53825 -16.1556 86.5947
1.51614 -16.226 86.4624
1.53214 -16.3028 86.5181
1.54859 -16.2238 86.6563
7.25902 14.4191 82.688
7.30887 14.345 82.5851
7.34814 14.5501 82.5316
7.30497 14.6305 82.6224
1.54859 -16.2238 86.6563
1.53214 -16.3028 86.5181
1.57305 -16.4265 86.5447
1.57927 -16.3412 86.685
17.0714 -1.02517 58.9766
17.1715 -1.01478 58.9157
17.2893 -1.00025 58.9746
17.1706 -1.03273 59.0327
-14.9749 -7.7261 61.5882
-15.0267 -7.71713 61.4674
-15.1834 -7.84466 61.4217
-15.1371 -7.85558 61.5355
7.30497 14.6305 82.6224
7.34814 14.5501 82.5316
7.40582 14.7624 82.4438
7.36596 14.8427 82.5283
1.57927 -16.3412 86.685
1.57305 -16.4265 86.5447
1.60854 -16.621 86.5324
1.60159 -16.582 86.6624
7.36596 14.8427 82.5283
7.40582 14.7624 82.4438
7.46407 14.9667 82.3541
7.42166 15.0436 82.443
1.60159 -16.582 86.6624
1.60854 -16.621 86.5324
1.60956 -16.9094 86.5073
1.60241 -16.8617 86.6413
7.42166 15.0436 82.443
7.46407 14.9667 82.3541
7.51935 15.1626 82.2691
7.47546 15.2382 82.3607
1.60241 -16.8617 86.6413
1.60956 -16.9094 86.5073
1.61048 -17.1845 86.4845
1.60318 -17.1323 86.6211
7.47546 15.2382 82.3607
7.51935 15.1626 82.2691
7.57349 15.3532 82.1858
7.52911 15.4298 82.2784
1.60318 -17.1323 86.6211
1.61048 -17.1845 86.4845
1.62072 -17.4387 86.4449
1.61002 -17.3911 86.589
7.52911 15.4298 82.2784
7.57349 15.3532 82.1858
7.62767 15.5408 82.102
7.58351 15.6205 82.1946
1.61002 -17.3911 86.589
1.62072 -17.4387 86.4449
1.63154 -17.69 86.4027
1.62087 -17.6451 86.5477
7.58351 15.6205 82.1946
7.62767 15.5408 82.102
7.68087 15.722 81.9837
7.63949 15.8119 82.1078
1.62087 -17.6451 86.5477
1.63154 -17.69 86.4027
1.64258 -17.9424 86.3576
1.63415 -17.9056 86.5031
15.0959 -2.0789 55.9504
15.1647 -2.01397 56.0328
15.227 -1.89707 56.247
15.1493 -1.96001 56.2018
-12.1899 -6.04319 60.3652
-12.2439 -6.06852 60.2431
-12.339 -6.10812 60.3395
-12.3214 -6.11603 60.4405
15.1493 -1.96001 56.2018
15.227 -1.89707 56.247
15.3015 -1.78877 56.4038
15.2031 -1.84633 56.4384
-12.3214 -6.11603 60.4405
-12.339 -6.10812 60.3395
-12.4196 -6.13842 60.4068
-12.4098 -6.14996 60.5199
15.2031 -1.84633 56.4384
15.3015 -1.78877 56.4038
15.3841 -1.67997 56.5444
15.2706 -1.73338 56.6349
-12.4098 -6.14996 60.5199
-12.4196 -6.13842 60.4068
-12.5005 -6.16835 60.4705
-12.4939 -6.18118 60.5869
0.77606 6.81199 121.648
0.936746 6.78455 121.564
0.919055 6.89592 121.716
0.783166 6.9201 121.782
1.92204 -8.43066 101.482
2.06176 -8.46852 101.439
2.02339 -8.59367 101.298
1.88109 -8.56059 101.335
15.2706 -1.73338 56.6349
15.3841 -1.67997 56.5444
15.4741 -1.56964 56.6732
15.3542 -1.61812 56.7923
-12.4939 -6.18118 60.5869
-12.5005 -6.16835 60.4705
-12.5821 -6.19812 60.5314
-12.5781 -6.2121 60.6511
15.3542 -1.61812 56.7923
15.4741 -1.56964 56.6732
15.5676 -1.45725 56.8006
15.4487 -1.50331 56.9246
-12.5781 -6.2121 60.6511
-12.5821 -6.19812 60.5314
-12.6646 -6.22786 60.5902
-12.6628 -6.24281 60.713
15.4487 -1.50331 56.9246
15.5676 -1.45725 56.8006
15.664 -1.34285 56.9275
15.5456 -1.38703 57.0559
-12.6628 -6.24281 60.713
-12.6646 -6.22786 60.5902
-12.748 -6.2577 60.6477
-12.748 -6.2735 60.7734
15.5456 -1.38703 57.0559
15.664 -1.34285 56.9275
15.763 -1.22663 57.0541
15.6446 -1.2694 57.1865
-12.748 -6.2735 60.7734
-12.748 -6.2577 60.6477
-12.8323 -6.28767 60.7043
-12.8338 -6.30421 60.8328
15.6446 -1.2694 57.1865
15.763 -1.22663 57.0541
15.8641 -1.10874 57.1811
15.7456 -1.15047 57.3169
-12.8338 -6.30421 60.8328
-12.8323 -6.28767 60.7043
-12.9176 -6.31783 60.7604
-12.9202 -6.335 60.8913
5.2039 12.1739 29.0651
5.21641 12.1524 28.9295
5.214 12.2328 28.8225
5.22587 12.2795 28.9911
3.76293 -12.8703 32.6316
3.75509 -12.8687 32.5695
3.78594 -13.0113 32.5981
3.79533 -13.0193 32.6626
15.7456 -1.15047 57.3169
15.8641 -1.10874 57.1811
15.9703 -1.12169 57.3203
15.8531 -1.12297 57.4615
-12.9202 -6.335 60.8913
-12.9176 -6.31783 60.7604
-13.0045 -6.34849 60.8169
-13.0103 -6.36713 60.9526
5.22587 12.2795 28.9911
5.214 12.2328 28.8225
5.21732 12.3578 28.7788
5.22606 12.388 28.9063
3.79533 -13.0193 32.6626
3.78594 -13.0113 32.5981
3.81708 -13.1552 32.6267
3.82945 -13.176 32.6958
5.22606 12.388 28.9063
5.21732 12.3578 28.7788
5.2238 12.5146 28.7643
5.23266 12.5462 28.8928
3.82945 -13.176 32.6958
3.81708 -13.1552 32.6267
3.85104 -13.3115 32.6591
3.86377 -13.3336 32.7289
5.23266 12.5462 28.8928
5.2238 12.5146 28.7643
5.23032 12.6664 28.7547
5.23927 12.6953 28.8868
3.86377 -13.3336 32.7289
3.85104 -13.3115 32.6591
3.88413 -13.4626 32.6926
3.89644 -13.4818 32.7635
5.23927 12.6953 28.8868
5.23032 12.6664 28.7547
5.23689 12.8106 28.7519
5.2526 12.8392 28.8816
3.89644 -13.4818 32.7635
3.88413 -13.4626 32.6926
3.91225 -13.6008 32.7147
3.92626 -13.6228 32.7915
-13.7051 -6.60274 61.4073
-13.8197 -6.61811 61.3283
-13.9137 -6.64499 61.2596
-13.8446 -6.64525 61.4206
7.98834 12.8146 65.6562
7.9664 12.7607 65.5072
8.06106 12.852 65.4539
8.09458 12.9575 65.6659
15.6164 -0.970926 75.7846
15.6712 -0.966125 75.6383
15.7282 -0.952146 75.7123
15.6631 -0.967912 75.8427
-13.8744 -8.00951 79.411
-13.9069 -8.04078 79.2818
-14.0345 -8.09974 79.3216
-13.9531 -8.07916 79.4859
5.95847 13.7124 46.4692
5.97029 13.7335 46.309
5.98405 13.8249 46.2579
5.97477 13.84 46.3712
3.48246 -14.4141 50.3887
3.44622 -14.4121 50.2289
3.50908 -14.5627 50.2702
3.53183 -14.5433 50.4361
-13.9738 -6.7293 61.3979
-14.0383 -6.69643 61.2349
-14.1398 -6.91203 61.127
-14.043 -6.94123 61.3327
8.15221 13.0947 65.4131
8.11403 12.9715 65.1788
8.1402 13.032 65.0414
8.17837 13.155 65.2745
-9.01019 11.113 2.50827
-9.05813 11.1067 2.68606
-8.90561 11.0051 2.72797
-8.85198 11.0213 2.53065
14.2549 -3.65549 5.6179
14.1906 -3.61987 5.75702
14.0205 -3.57279 5.76772
14.1028 -3.61393 5.61952
-14.043 -6.94123 61.3327
-14.1398 -6.91203 61.127
-14.1674 -7.08984 61.168
-14.1912 -7.06667 61.3706
8.17837 13.155 65.2745
8.1402 13.032 65.0414
8.16647 13.0927 64.9043
8.20456 13.2154 65.1356
-14.4981 -7.2116 61.4665
-14.5911 -7.2824 61.2427
-14.6753 -7.31217 61.3073
-14.6597 -7.37751 61.4904
8.2568 13.3358 64.8562
8.21891 13.214 64.6301
8.26213 13.3305 64.6103
8.28336 13.3974 64.7196
7.30887 14.345 82.5851
7.33705 14.2732 82.4356
7.39623 14.4735 82.4319
7.34814 14.5501 82.5316
1.53214 -16.3028 86.5181
1.52812 -16.4035 86.3678
1.56829 -16.5237 86.3956
1.57305 -16.4265 86.5447
7.34814 14.5501 82.5316
7.39623 14.4735 82.4319
7.44177 14.6776 82.3664
7.40582 14.7624 82.4438
1.57305 -16.4265 86.5447
1.56829 -16.5237 86.3956
1.61008 -16.6616 86.4077
1.60854 -16.621 86.5324
7.40582 14.7624 82.4438
7.44177 14.6776 82.3664
7.50211 14.8835 82.2728
7.46407 14.9667 82.3541
1.60854 -16.621 86.5324
1.61008 -16.6616 86.4077
1.61639 -16.9418 86.3798
1.60956 -16.9094 86.5073
7.46407 14.9667 82.3541
7.50211 14.8835 82.2728
7.55844 15.0795 82.1858
7.51935 15.1626 82.2691
1.60956 -16.9094 86.5073
1.61639 -16.9418 86.3798
1.61947 -17.2165 86.3511
1.61048 -17.1845 86.4845
7.51935 15.1626 82.2691
7.55844 15.0795 82.1858
7.61288 15.2684 82.1017
7.57349 15.3532 82.1858
1.61048 -17.1845 86.4845
1.61947 -17.2165 86.3511
1.63034 -17.4693 86.3089
1.62072 -17.4387 86.4449
7.57349 15.3532 82.1858
7.61288 15.2684 82.1017
7.66673 15.4521 82.0177
7.62767 15.5408 82.102
1.62072 -17.4387 86.4449
1.63034 -17.4693 86.3089
1.64113 -17.7173 86.2656
1.63154 -17.69 86.4027
7.62767 15.5408 82.102
7.66673 15.4521 82.0177
7.71383 15.6141 81.8135
7.68087 15.722 81.9837
1.63154 -17.69 86.4027
1.64113 -17.7173 86.2656
1.65198 -17.9634 86.2203
1.64258 -17.9424 86.3576
15.1647 -2.01397 56.0328
15.2735 -1.94219 56.0124
15.3396 -1.83558 56.1824
15.227 -1.89707 56.247
-12.2439 -6.06852 60.2431
-12.2683 -6.06484 60.1478
-12.3526 -6.09858 60.2342
-12.339 -6.10812 60.3395
15.227 -1.89707 56.247
15.3396 -1.83558 56.1824
15.418 -1.73444 56.3096
15.3015 -1.78877 56.4038
-12.339 -6.10812 60.3395
-12.3526 -6.09858 60.2342
-12.4291 -6.12727 60.2976
-12.4196 -6.13842 60.4068
15.3015 -1.78877 56.4038
15.418 -1.73444 56.3096
15.5018 -1.63034 56.4337
15.3841 -1.67997 56.5444
-12.4196 -6.13842 60.4068
-12.4291 -6.12727 60.2976
-12.5066 -6.15575 60.3572
-12.5005 -6.16835 60.4705
15.3841 -1.67997 56.5444
15.5018 -1.63034 56.4337
15.5905 -1.52319 56.5561
15.4741 -1.56964 56.6732
-12.5005 -6.16835 60.4705
-12.5066 -6.15575 60.3572
-12.5854 -6.18426 60.414
-12.5821 -6.19812 60.5314
15.4741 -1.56964 56.6732
15.5905 -1.52319 56.5561
15.6834 -1.41315 56.6777
15.5676 -1.45725 56.8006
-12.5821 -6.19812 60.5314
-12.5854 -6.18426 60.414
-12.6655 -6.21289 60.469
-12.6646 -6.22786 60.5902
15.5676 -1.45725 56.8006
15.6834 -1.41315 56.6777
15.7798 -1.3005 56.7994
15.664 -1.34285 56.9275
-12.6646 -6.22786 60.5902
-12.6655 -6.21289 60.469
-12.7471 -6.24179 60.523
-12.748 -6.2577 60.6477
15.664 -1.34285 56.9275
15.7798 -1.3005 56.7994
15.8792 -1.18551 56.9216
15.763 -1.22663 57.0541
-12.748 -6.2577 60.6477
-12.7471 -6.24179 60.523
-12.8299 -6.27095 60.5764
-12.8323 -6.28767 60.7043
5.17949 12.039 28.9791
5.2054 12.03 28.8655
5.20476 12.1096 28.7618
5.21641 12.1524 28.9295
3.72453 -12.7277 32.541
3.71694 -12.7265 32.4804
3.74698 -12.8656 32.5076
3.75509 -12.8687 32.5695
15.763 -1.22663 57.0541
15.8792 -1.18551 56.9216
15.9786 -1.11769 57.0491
15.8641 -1.10874 57.1811
-12.8323 -6.28767 60.7043
-12.8299 -6.27095 60.5764
-12.9215 -6.30302 60.634
-12.9176 -6.31783 60.7604
5.21641 12.1524 28.9295
5.20476 12.1096 28.7618
5.20373 12.2002 28.6705
5.214 12.2328 28.8225
3.75509 -12.8687 32.5695
3.74698 -12.8656 32.5076
3.77741 -13.0067 32.535
3.78594 -13.0113 32.5981
5.214 12.2328 28.8225
5.20373 12.2002 28.6705
5.20942 12.3431 28.6534
5.21732 12.3578 28.7788
3.78594 -13.0113 32.5981
3.77741 -13.0067 32.535
3.80821 -13.1496 32.5626
3.81708 -13.1552 32.6267
5.21732 12.3578 28.7788
5.20942 12.3431 28.6534
5.21519 12.4876 28.6366
5.2238 12.5146 28.7643
3.81708 -13.1552 32.6267
3.80821 -13.1496 32.5626
3.83937 -13.2939 32.5908
3.85104 -13.3115 32.6591
5.2238 12.5146 28.7643
5.21519 12.4876 28.6366
5.22132 12.6364 28.6226
5.23032 12.6664 28.7547
3.85104 -13.3115 32.6591
3.83937 -13.2939 32.5908
3.87159 -13.4423 32.6213
3.88413 -13.4626 32.6926
5.23032 12.6664 28.7547
5.22132 12.6364 28.6226
5.22716 12.7757 28.6111
5.23689 12.8106 28.7519
3.88413 -13.4626 32.6926
3.87159 -13.4423 32.6213
3.89722 -13.5749 32.6346
3.91225 -13.6008 32.7147
-13.806 -7.96543 79.1818
-13.9147 -7.96976 79.0174
-13.9825 -8.0883 79.1082
-13.9069 -8.04078 79.2818
6.41517 12.9433 82.4632
6.39245 12.9174 82.3033
6.43993 13.0701 82.2763
6.46279 13.0964 82.4364
-14.0383 -6.69643 61.2349
-14.1446 -6.69391 60.9765
-14.2369 -6.88259 60.9207
-14.1398 -6.91203 61.127
8.11403 12.9715 65.1788
8.0757 12.8479 64.9442
8.10193 12.9086 64.8079
8.1402 13.032 65.0414
-9.05813 11.1067 2.68606
-9.10257 11.1049 2.86266
-8.96324 10.9863 2.91489
-8.90561 11.0051 2.72797
14.1906 -3.61987 5.75702
14.1072 -3.57826 5.90633
13.9382 -3.5316 5.91609
14.0205 -3.57279 5.76772
-14.1398 -6.91203 61.127
-14.2369 -6.88259 60.9207
-14.2479 -7.067 60.9631
-14.1674 -7.08984 61.168
8.1402 13.032 65.0414
8.10193 12.9086 64.8079
8.12834 12.9699 64.6727
8.16647 13.0927 64.9043
-8.90561 11.0051 2.72797
-8.96324 10.9863 2.91489
-8.80127 10.8972 2.94822
-8.75706 10.9086 2.73656
14.0205 -3.57279 5.76772
13.9382 -3.5316 5.91609
13.7696 -3.48511 5.92554
13.8505 -3.52574 5.77841
-14.1674 -7.08984 61.168
-14.2479 -7.067 60.9631
-14.3548 -7.20872 61.0041
-14.3794 -7.18617 61.2055
8.16647 13.0927 64.9043
8.12834 12.9699 64.6727
8.15478 13.0314 64.5382
8.19273 13.1535 64.7673
3.63487 -14.8639 50.3536
3.64333 -14.931 50.1748
3.70863 -15.0351 50.2339
3.69791 -15.0109 50.3962
-11.5653 10.2789 54.5041
-11.6053 10.4002 54.2567
-11.7535 10.4944 54.3099
-11.7137 10.3828 54.5421
16.0433 -0.94789 75.8504
16.172 -0.995574 75.6702
16.3105 -0.929441 75.7351
16.2094 -0.936816 75.9245
-14.4514 -8.25188 79.3593
-14.4918 -8.25006 79.1452
-14.6293 -8.30039 79.1596
-14.5902 -8.30252 79.3717
3.69791 -15.0109 50.3962
3.70863 -15.0351 50.2339
3.77222 -15.1534 50.2739
3.76367 -15.1159 50.4534
-11.7137 10.3828 54.5421
-11.7535 10.4944 54.3099
-11.9012 10.5884 54.3625
-11.8594 10.5046 54.5498
-14.6753 -7.31217 61.3073
-14.7748 -7.3991 61.0814
-14.859 -7.42877 61.1462
-14.8275 -7.46302 61.3359
8.26213 13.3305 64.6103
8.24118 13.2646 64.5018
8.30178 13.4385 64.6053
8.32322 13.5058 64.7137
-14.8275 -7.46302 61.3359
-14.859 -7.42877 61.1462
-14.9902 -7.54497 61.1843
-14.9679 -7.60168 61.3451
8.32322 13.5058 64.7137
8.30178 13.4385 64.6053
8.36183 13.6108 64.7073
8.38393 13.68 64.816
7.39623 14.4735 82.4319
7.44019 14.3985 82.3248
7.48092 14.5946 82.283
7.44177 14.6776 82.3664
1.56829 -16.5237 86.3956
1.56369 -16.6202 86.2481
1.60275 -16.7373 86.2748
1.61008 -16.6616 86.4077
7.44177 14.6776 82.3664
7.48092 14.5946 82.283
7.53678 14.7971 82.1976
7.50211 14.8835 82.2728
1.61008 -16.6616 86.4077
1.60275 -16.7373 86.2748
1.62291 -16.9639 86.2583
1.61639 -16.9418 86.3798
7.50211 14.8835 82.2728
7.53678 14.7971 82.1976
7.59377 14.9922 82.1093
7.55844 15.0795 82.1858
1.61639 -16.9418 86.3798
1.62291 -16.9639 86.2583
1.62819 -17.2362 86.2238
1.61947 -17.2165 86.3511
7.55844 15.0795 82.1858
7.59377 14.9922 82.1093
7.64819 15.1783 82.025
7.61288 15.2684 82.1017
1.61947 -17.2165 86.3511
1.62819 -17.2362 86.2238
1.63908 -17.4871 86.1804
1.63034 -17.4693 86.3089
17.6881 -0.996808 59.1245
17.8288 -0.984637 59.0238
17.9339 -0.97168 59.1479
17.7982 -1.01317 59.2494
-15.6757 -8.19066 61.1649
-15.7115 -8.17271 61.0573
-15.8514 -8.28306 61.0091
-15.818 -8.30342 61.117
7.61288 15.2684 82.1017
7.64819 15.1783 82.025
7.69672 15.3452 81.8617
7.66673 15.4521 82.0177
1.63034 -17.4693 86.3089
1.63908 -17.4871 86.1804
1.64975 -17.7304 86.1366
1.64113 -17.7173 86.2656
7.66673 15.4521 82.0177
7.69672 15.3452 81.8617
7.74288 15.501 81.6613
7.71383 15.6141 81.8135
1.64113 -17.7173 86.2656
1.64975 -17.7304 86.1366
1.66039 -17.9659 86.0893
1.65198 -17.9634 86.2203
15.2735 -1.94219 56.0124
15.3911 -1.87347 55.9581
15.4576 -1.77927 56.0907
15.3396 -1.83558 56.1824
-12.2683 -6.06484 60.1478
-12.2919 -6.0606 60.0631
-12.3657 -6.08951 60.1339
-12.3526 -6.09858 60.2342
15.3396 -1.83558 56.1824
15.4576 -1.77927 56.0907
15.5326 -1.68367 56.2091
15.418 -1.73444 56.3096
-12.3526 -6.09858 60.2342
-12.3657 -6.08951 60.1339
-12.4376 -6.11635 60.1923
-12.4291 -6.12727 60.2976
15.418 -1.73444 56.3096
15.5326 -1.68367 56.2091
15.6145 -1.58373 56.3249
15.5018 -1.63034 56.4337
-12.4291 -6.12727 60.2976
-12.4376 -6.11635 60.1923
-12.5114 -6.14319 60.2468
-12.5066 -6.15575 60.3572
15.5018 -1.63034 56.4337
15.6145 -1.58373 56.3249
15.7025 -1.47961 56.4399
15.5905 -1.52319 56.5561
-12.5066 -6.15575 60.3572
-12.5114 -6.14319 60.2468
-12.5873 -6.17027 60.2987
-12.5854 -6.18426 60.414
15.5905 -1.52319 56.5561
15.7025 -1.47961 56.4399
15.7934 -1.37202 56.5609
15.6834 -1.41315 56.6777
-12.5854 -6.18426 60.414
-12.5873 -6.17027 60.2987
-12.6651 -6.1977 60.3491
-12.6655 -6.21289 60.469
15.6834 -1.41315 56.6777
15.7934 -1.37202 56.5609
15.8858 -1.26303 56.6862
15.7798 -1.3005 56.7994
-12.6655 -6.21289 60.469
-12.6651 -6.1977 60.3491
-12.7449 -6.22559 60.3989
-12.7471 -6.24179 60.523
5.1558 11.9083 28.8957
5.181 11.8996 28.7855
5.19587 11.9896 28.7046
5.2054 12.03 28.8655
3.6873 -12.5894 32.4533
3.67253 -12.5715 32.3853
3.70146 -12.7062 32.4106
3.71694 -12.7265 32.4804
15.7798 -1.3005 56.7994
15.8858 -1.26303 56.6862
15.9825 -1.15574 56.7977
15.8792 -1.18551 56.9216
-12.7471 -6.24179 60.523
-12.7449 -6.22559 60.3989
-12.839 -6.25828 60.456
-12.8299 -6.27095 60.5764
5.2054 12.03 28.8655
5.19587 11.9896 28.7046
5.1932 12.0659 28.5962
5.20476 12.1096 28.7618
3.71694 -12.7265 32.4804
3.70146 -12.7062 32.4106
3.7308 -12.8432 32.436
3.74698 -12.8656 32.5076
15.8792 -1.18551 56.9216
15.9825 -1.15574 56.7977
16.0857 -1.14378 56.9175
15.9786 -1.11769 57.0491
-12.8299 -6.27095 60.5764
-12.839 -6.25828 60.456
-13.0183 -6.32026 60.5623
-12.9215 -6.30302 60.634
5.20476 12.1096 28.7618
5.1932 12.0659 28.5962
5.19592 12.1849 28.547
5.20373 12.2002 28.6705
3.74698 -12.8656 32.5076
3.7308 -12.8432 32.436
3.76061 -12.9826 32.4618
3.77741 -13.0067 32.535
5.20373 12.2002 28.6705
5.19592 12.1849 28.547
5.20145 12.3268 28.5282
5.20942 12.3431 28.6534
3.77741 -13.0067 32.535
3.76061 -12.9826 32.4618
3.79093 -13.1241 32.4882
3.80821 -13.1496 32.5626
5.20942 12.3431 28.6534
5.20145 12.3268 28.5282
5.20681 12.4679 28.5068
5.21519 12.4876 28.6366
3.80821 -13.1496 32.5626
3.79093 -13.1241 32.4882
3.82047 -13.2639 32.5124
3.83937 -13.2939 32.5908
15.1238 -1.04653 75.0562
15.1917 -1.05658 74.9281
15.3408 -1.01278 74.9886
15.2525 -1.04042 75.1445
-13.4793 -7.65471 78.618
-13.5855 -7.65021 78.4966
-13.6994 -7.72432 78.5893
-13.5911 -7.73043 78.7173
5.21519 12.4876 28.6366
5.20681 12.4679 28.5068
5.21178 12.6031 28.4838
5.22132 12.6364 28.6226
3.83937 -13.2939 32.5908
3.82047 -13.2639 32.5124
3.84815 -13.3969 32.5338
3.87159 -13.4423 32.6213
15.2525 -1.04042 75.1445
15.3408 -1.01278 74.9886
15.4934 -1.00172 75.0599
15.3934 -1.01217 75.2264
-13.5911 -7.73043 78.7173
-13.6994 -7.72432 78.5893
-13.8277 -7.79919 78.6692
-13.7032 -7.80828 78.8224
5.22132 12.6364 28.6226
5.21178 12.6031 28.4838
5.21633 12.7384 28.4531
5.22716 12.7757 28.6111
3.87159 -13.4423 32.6213
3.84815 -13.3969 32.5338
3.8741 -13.5551 32.4853
3.89722 -13.5749 32.6346
-13.8065 -7.8811 78.9222
-13.917 -7.92898 78.7571
-13.9732 -8.06079 78.8665
-13.9147 -7.96976 79.0174
6.34531 12.7655 82.3311
6.32368 12.7448 82.1645
6.36933 12.8905 82.1427
6.39245 12.9174 82.3033
-13.9147 -7.96976 79.0174
-13.9732 -8.06079 78.8665
-14.0602 -8.11919 78.902
-13.9825 -8.0883 79.1082
6.39245 12.9174 82.3033
6.36933 12.8905 82.1427
6.41679 13.0432 82.1156
6.43993 13.0701 82.2763
-14.1446 -6.69391 60.9765
-14.2483 -6.69142 60.7241
-14.2789 -6.82699 60.8166
-14.2369 -6.88259 60.9207
8.0757 12.8479 64.9442
8.03712 12.7235 64.7088
8.06352 12.7848 64.5737
8.10193 12.9086 64.8079
-14.2369 -6.88259 60.9207
-14.2789 -6.82699 60.8166
-14.3446 -7.03726 60.7576
-14.2479 -7.067 60.9631
8.10193 12.9086 64.8079
8.06352 12.7848 64.5737
8.09015 12.8469 64.4403
8.12834 12.9699 64.6727
-8.96324 10.9863 2.91489
-9.0116 10.9805 3.09195
-8.85963 10.8802 3.12964
-8.80127 10.8972 2.94822
13.9382 -3.5316 5.91609
13.8554 -3.49026 6.06483
13.6882 -3.4443 6.07286
13.7696 -3.48511 5.92554
3.58073 -14.7832 50.1314
3.58961 -14.8526 49.9508
3.65479 -14.9565 50.0114
3.64333 -14.931 50.1748
-11.4639 10.2845 54.2117
-11.5134 10.3841 53.9714
-11.6495 10.5111 54.0134
-11.6053 10.4002 54.2567
-14.2479 -7.067 60.9631
-14.3446 -7.03726 60.7576
-14.3545 -7.22107 60.8021
-14.3548 -7.20872 61.0041
8.12834 12.9699 64.6727
8.09015 12.8469 64.4403
8.11686 12.9093 64.3084
8.15478 13.0314 64.5382
-8.80127 10.8972 2.94822
-8.85963 10.8802 3.12964
-8.70044 10.7901 3.1544
-8.66297 10.797 2.94045
13.7696 -3.48511 5.92554
13.6882 -3.4443 6.07286
13.522 -3.39868 6.08047
13.6016 -3.43876 5.93496
3.64333 -14.931 50.1748
3.65479 -14.9565 50.0114
3.71961 -15.0598 50.0721
3.70863 -15.0351 50.2339
-11.6053 10.4002 54.2567
-11.6495 10.5111 54.0134
-11.7928 10.6141 54.065
-11.7535 10.4944 54.3099
16.172 -0.995574 75.6702
16.2816 -0.973595 75.4847
16.4514 -1.01855 75.5632
16.3105 -0.929441 75.7351
-14.4918 -8.25006 79.1452
-14.5328 -8.24839 78.9309
-14.669 -8.29847 78.9477
-14.6293 -8.30039 79.1596
16.3105 -0.929441 75.7351
16.4514 -1.01855 75.5632
16.5788 -0.943793 75.6307
16.4587 -0.905704 75.8094
-14.6293 -8.30039 79.1596
-14.669 -8.29847 78.9477
-14.8044 -8.34821 78.9644
-14.7663 -8.3505 79.1736
16.4587 -0.905704 75.8094
16.5788 -0.943793 75.6307
16.7179 -0.873612 75.6936
16.6154 -0.895584 75.8841
-14.7663 -8.3505 79.1736
-14.8044 -8.34821 78.9644
-14.9387 -8.3975 78.9803
-14.9027 -8.40031 79.1864
-14.9902 -7.54497 61.1843
-15.0377 -7.54234 60.9891
-15.1471 -7.62329 61.0364
-15.1461 -7.7049 61.2069
8.36183 13.6108 64.7073
8.34033 13.5435 64.6003
8.43373 13.69 64.4632
8.45404 13.7608 64.5838
7.44019 14.3985 82.3248
7.44862 14.3288 82.1396
7.52643 14.5181 82.1882
7.48092 14.5946 82.283
1.56369 -16.6202 86.2481
1.55943 -16.7162 86.1029
1.59757 -16.8287 86.1315
1.60275 -16.7373 86.2748
7.48092 14.5946 82.283
7.52643 14.5181 82.1882
7.56892 14.7105 82.1273
7.53678 14.7971 82.1976
1.60275 -16.7373 86.2748
1.59757 -16.8287 86.1315
1.62913 -16.9796 86.1422
1.62291 -16.9639 86.2583
7.53678 14.7971 82.1976
7.56892 14.7105 82.1273
7.62607 14.9036 82.0384
7.59377 14.9922 82.1093
1.62291 -16.9639 86.2583
1.62913 -16.9796 86.1422
1.63624 -17.2481 86.1033
1.62819 -17.2362 86.2238
7.59377 14.9922 82.1093
7.62607 14.9036 82.0384
7.67793 15.0806 81.9185
7.64819 15.1783 82.025
1.62819 -17.2362 86.2238
1.63624 -17.2481 86.1033
1.64705 -17.4955 86.0593
1.63908 -17.4871 86.1804
7.64819 15.1783 82.025
7.67793 15.0806 81.9185
7.72348 15.2365 81.721
7.69672 15.3452 81.8617
1.63908 -17.4871 86.1804
1.64705 -17.4955 86.0593
1.65749 -17.7058 86.0022
1.64975 -17.7304 86.1366
7.69672 15.3452 81.8617
7.72348 15.2365 81.721
7.76851 15.3851 81.525
7.74288 15.501 81.6613
1.64975 -17.7304 86.1366
1.65749 -17.7058 86.0022
1.66807 -17.9082 85.9389
1.66039 -17.9659 86.0893
15.3911 -1.87347 55.9581
15.5063 -1.81068 55.8916
15.5681 -1.72702 56.0036
15.4576 -1.77927 56.0907
-12.2919 -6.0606 60.0631
-12.313 -6.05602 59.9811
-12.3775 -6.08079 60.0392
-12.3657 -6.08951 60.1339
15.4576 -1.77927 56.0907
15.5681 -1.72702 56.0036
15.6394 -1.6373 56.1133
15.5326 -1.68367 56.2091
-12.3657 -6.08951 60.1339
-12.3775 -6.08079 60.0392
-12.4444 -6.10545 60.091
-12.4376 -6.11635 60.1923
15.5326 -1.68367 56.2091
15.6394 -1.6373 56.1133
15.7165 -1.54206 56.2299
15.6145 -1.58373 56.3249
-12.4376 -6.11635 60.1923
-12.4444 -6.10545 60.091
-12.5143 -6.13043 60.139
-12.5114 -6.14319 60.2468
15.6145 -1.58373 56.3249
15.7165 -1.54206 56.2299
15.8005 -1.44226 56.3458
15.7025 -1.47961 56.4399
-12.5114 -6.14319 60.2468
-12.5143 -6.13043 60.139
-12.5872 -6.15596 60.185
-12.5873 -6.17027 60.2987
15.7025 -1.47961 56.4399
15.8005 -1.44226 56.3458
15.89 -1.33946 56.4591
15.7934 -1.37202 56.5609
-12.5873 -6.17027 60.2987
-12.5872 -6.15596 60.185
-12.6628 -6.18214 60.2301
-12.6651 -6.1977 60.3491
15.7934 -1.37202 56.5609
15.89 -1.33946 56.4591
15.9847 -1.23567 56.5646
15.8858 -1.26303 56.6862
-12.6651 -6.1977 60.3491
-12.6628 -6.18214 60.2301
-12.7562 -6.21425 60.2841
-12.7449 -6.22559 60.3989
5.181 11.8996 28.7855
5.18747 11.8736 28.6526
5.18464 11.9465 28.5442
5.19587 11.9896 28.7046
3.67253 -12.5715 32.3853
3.64284 -12.5181 32.2995
3.67055 -12.6495 32.3222
3.70146 -12.7062 32.4106
15.8858 -1.26303 56.6862
15.9847 -1.23567 56.5646
16.0862 -1.14664 56.6571
15.9825 -1.15574 56.7977
-12.7449 -6.22559 60.3989
-12.7562 -6.21425 60.2841
-12.9319 -6.2746 60.3854
-12.839 -6.25828 60.456
5.19587 11.9896 28.7046
5.18464 11.9465 28.5442
5.18277 12.0291 28.4448
5.1932 12.0659 28.5962
3.70146 -12.7062 32.4106
3.67055 -12.6495 32.3222
3.69887 -12.7839 32.3452
3.7308 -12.8432 32.436
5.1932 12.0659 28.5962
5.18277 12.0291 28.4448
5.18802 12.1676 28.4238
5.19592 12.1849 28.547
3.7308 -12.8432 32.436
3.69887 -12.7839 32.3452
3.72785 -12.9211 32.369
3.76061 -12.9826 32.4618
14.9331 -1.07786 74.7659
14.9937 -1.09734 74.6474
15.1372 -1.05688 74.7082
15.0591 -1.07234 74.849
-13.3632 -7.5025 78.3071
-13.4656 -7.49797 78.1896
-13.5774 -7.57072 78.2806
-13.4737 -7.57581 78.401
5.19592 12.1849 28.547
5.18802 12.1676 28.4238
5.19233 12.2991 28.3921
5.20145 12.3268 28.5282
3.76061 -12.9826 32.4618
3.72785 -12.9211 32.369
3.75265 -13.0473 32.3832
3.79093 -13.1241 32.4882
15.0591 -1.07234 74.849
15.1372 -1.05688 74.7082
15.2888 -1.02132 74.7556
15.1917 -1.05658 74.9281
-13.4737 -7.57581 78.401
-13.5774 -7.57072 78.2806
-13.7077 -7.64314 78.3516
-13.5855 -7.65021 78.4966
5.20145 12.3268 28.5282
5.19233 12.2991 28.3921
5.19591 12.4247 28.3524
5.20681 12.4679 28.5068
3.79093 -13.1241 32.4882
3.75265 -13.0473 32.3832
3.77128 -13.1995 32.3536
3.82047 -13.2639 32.5124
15.1917 -1.05658 74.9281
15.2888 -1.02132 74.7556
15.4481 -1.01038 74.8036
15.3408 -1.01278 74.9886
-13.5855 -7.65021 78.4966
-13.7077 -7.64314 78.3516
-13.8445 -7.7227 78.4094
-13.6994 -7.72432 78.5893
5.20681 12.4679 28.5068
5.19591 12.4247 28.3524
5.20178 12.5663 28.3396
5.21178 12.6031 28.4838
3.82047 -13.2639 32.5124
3.77128 -13.1995 32.3536
3.79474 -13.3639 32.3353
3.84815 -13.3969 32.5338
-13.6994 -7.72432 78.5893
-13.8445 -7.7227 78.4094
-13.9058 -7.86558 78.5228
-13.8277 -7.79919 78.6692
6.23318 12.4451 82.2474
6.20968 12.4175 82.0852
6.25792 12.5725 82.0583
6.27861 12.5944 82.2101
5.21178 12.6031 28.4838
5.20178 12.5663 28.3396
5.20642 12.7064 28.3068
5.21633 12.7384 28.4531
3.84815 -13.3969 32.5338
3.79474 -13.3639 32.3353
3.8351 -13.5211 32.2696
3.8741 -13.5551 32.4853
-13.8423 -6.5827 61.0295
-13.947 -6.59278 60.9154
-14.0531 -6.61835 60.801
-13.9765 -6.6184 60.9783
7.77902 12.4487 65.1077
7.74494 12.3663 64.9363
7.82338 12.4188 64.8036
7.87145 12.5352 65.0456
-13.8277 -7.79919 78.6692
-13.9058 -7.86558 78.5228
-13.9764 -8.02415 78.6201
-13.917 -7.92898 78.7571
6.27861 12.5944 82.2101
6.25792 12.5725 82.0583
6.30453 12.7284 82.0099
6.32368 12.7448 82.1645
-13.917 -7.92898 78.7571
-13.9764 -8.02415 78.6201
-14.0555 -8.13894 78.6819
-13.9732 -8.06079 78.8665
6.32368 12.7448 82.1645
6.30453 12.7284 82.0099
6.34978 12.8791 81.9654
6.36933 12.8905 82.1427
-14.2483 -6.69142 60.7241
-14.3232 -6.68975 60.5424
-14.3013 -6.7618 60.7485
-14.2789 -6.82699 60.8166
8.03712 12.7235 64.7088
7.99822 12.5982 64.4718
8.02487 12.6603 64.338
8.06352 12.7848 64.5737
3.5271 -14.7044 49.9067
3.53624 -14.7749 49.7238
3.60161 -14.8791 49.7852
3.58961 -14.8526 49.9508
-11.3766 10.2562 53.9303
-11.427 10.3573 53.6869
-11.5635 10.4844 53.7299
-11.5134 10.3841 53.9714
-14.2789 -6.82699 60.8166
-14.3013 -6.7618 60.7485
-14.4419 -7.0078 60.551
-14.3446 -7.03726 60.7576
8.06352 12.7848 64.5737
8.02487 12.6603 64.338
8.05182 12.7233 64.2064
8.09015 12.8469 64.4403
-9.0116 10.9805 3.09195
-9.0562 10.979 3.26755
-8.9165 10.8609 3.31694
-8.85963 10.8802 3.12964
13.8554 -3.49026 6.06483
13.7718 -3.44859 6.21438
13.6058 -3.40317 6.22066
13.6882 -3.4443 6.07286
3.58961 -14.8526 49.9508
3.60161 -14.8791 49.7852
3.66657 -14.9825 49.8477
3.65479 -14.9565 50.0114
-11.5134 10.3841 53.9714
-11.5635 10.4844 53.7299
-11.6988 10.6101 53.7747
-11.6495 10.5111 54.0134
-14.3446 -7.03726 60.7576
-14.4419 -7.0078 60.551
-14.4506 -7.19171 60.5979
-14.3545 -7.22107 60.8021
8.09015 12.8469 64.4403
8.05182 12.7233 64.2064
8.07894 12.7871 64.0774
8.11686 12.9093 64.3084
-8.85963 10.8802 3.12964
-8.9165 10.8609 3.31694
-8.75532 10.7741 3.34262
-8.70044 10.7901 3.1544
13.6882 -3.4443 6.07286
13.6058 -3.40317 6.22066
13.4413 -3.35828 6.22613
13.522 -3.39868 6.08047
3.65479 -14.9565 50.0114
3.66657 -14.9825 49.8477
3.73103 -15.0851 49.9106
3.71961 -15.0598 50.0721
-11.6495 10.5111 54.0134
-11.6988 10.6101 53.7747
-11.833 10.7344 53.8204
-11.7928 10.6141 54.065
-14.3545 -7.22107 60.8021
-14.4506 -7.19171 60.5979
-14.5169 -7.34889 60.6444
-14.5404 -7.32617 60.8436
8.11686 12.9093 64.3084
8.07894 12.7871 64.0774
8.13979 12.9617 64.1811
8.15976 13.0249 64.2888
16.4514 -1.01855 75.5632
16.5539 -0.996653 75.3835
16.7242 -1.03775 75.4603
16.5788 -0.943793 75.6307
-14.669 -8.29847 78.9477
-14.7097 -8.29688 78.7359
-14.8435 -8.34635 78.756
-14.8044 -8.34821 78.9644
15.3912 -0.826175 38.5009
15.3272 -0.877519 38.3512
15.4985 -0.841313 38.2839
15.5601 -0.79568 38.4386
-12.6294 -8.33443 42.246
-12.5663 -8.27024 42.1125
-12.7102 -8.37969 42.0227
-12.7765 -8.43526 42.1276
6.12221 14.3918 45.81
6.13275 14.3536 45.6269
6.15463 14.5467 45.6332
6.20138 14.6101 45.8195
3.78044 -15.198 50.0867
3.7891 -15.2443 49.8993
3.84123 -15.4542 49.8205
3.83324 -15.4107 50.0038
16.7179 -0.873612 75.6936
16.8423 -0.956742 75.5298
16.9724 -0.878289 75.5921
16.8622 -0.864807 75.7706
-14.9387 -8.3975 78.9803
-14.9758 -8.3952 78.7755
-15.1064 -8.44334 78.7936
-15.0718 -8.44626 78.9945
16.8622 -0.864807 75.7706
16.9724 -0.878289 75.5921
17.1079 -0.834276 75.6592
17.0117 -0.855214 75.8429
-15.0718 -8.44626 78.9945
-15.1064 -8.44334 78.7936
-15.2351 -8.49067 78.8097
-15.2038 -8.49441 79.0064
-15.1471 -7.62329 61.0364
-15.2102 -7.65182 60.8379
-15.2971 -7.69756 60.894
-15.298 -7.77832 61.0589
8.43373 13.69 64.4632
8.41488 13.622 64.3425
8.50513 13.7634 64.2098
8.52591 13.8335 64.3245
7.52643 14.5181 82.1882
7.54581 14.4474 82.0362
7.6052 14.6294 82.0496
7.56892 14.7105 82.1273
1.59757 -16.8287 86.1315
1.59298 -16.92 85.9908
1.62941 -17.0272 86.0185
1.62913 -16.9796 86.1422
7.56892 14.7105 82.1273
7.6052 14.6294 82.0496
7.65623 14.8164 81.9718
7.62607 14.9036 82.0384
1.62913 -16.9796 86.1422
1.62941 -17.0272 86.0185
1.64386 -17.2413 85.9797
1.63624 -17.2481 86.1033
-15.6343 -8.64342 78.9389
-15.6318 -8.66667 78.8399
-15.6958 -8.73495 78.8175
-15.7756 -8.74612 78.9649
7.62607 14.9036 82.0384
7.65623 14.8164 81.9718
7.70318 14.9789 81.7858
7.67793 15.0806 81.9185
7.62607 14.9036 82.0384
7.65623 14.8164 81.9718
7.70318 14.9789 81.7858
7.67793 15.0806 81.9185
1.63624 -17.2481 86.1033
1.64386 -17.2413 85.9797
1.65166 -17.4612 85.9186
1.64705 -17.4955 86.0593
7.67793 15.0806 81.9185
7.70318 14.9789 81.7858
7.7475 15.129 81.5934
7.72348 15.2365 81.721
1.64705 -17.4955 86.0593
1.65166 -17.4612 85.9186
1.65727 -17.6712 85.8577
1.65749 -17.7058 86.0022
7.72348 15.2365 81.721
7.7475 15.129 81.5934
7.79103 15.2696 81.4036
7.76851 15.3851 81.525
1.65749 -17.7058 86.0022
1.65727 -17.6712 85.8577
1.66185 -17.8731 85.7939
1.66807 -17.9082 85.9389
15.5063 -1.81068 55.8916
15.6064 -1.75643 55.8391
15.6605 -1.68233 55.9417
15.5681 -1.72702 56.0036
-12.313 -6.05602 59.9811
-12.3297 -6.05046 59.9009
-12.3868 -6.07222 59.9508
-12.3775 -6.08079 60.0392
15.5681 -1.72702 56.0036
15.6605 -1.68233 55.9417
15.7277 -1.59959 56.0428
15.6394 -1.6373 56.1133
-12.3775 -6.08079 60.0392
-12.3868 -6.07222 59.9508
-12.4482 -6.09426 59.9938
-12.4444 -6.10545 60.091
15.6394 -1.6373 56.1133
15.7277 -1.59959 56.0428
15.8053 -1.5094 56.144
15.7165 -1.54206 56.2299
-12.4444 -6.10545 60.091
-12.4482 -6.09426 59.9938
-12.5142 -6.11714 60.0335
-12.5143 -6.13043 60.139
15.7165 -1.54206 56.2299
15.8053 -1.5094 56.144
15.8909 -1.41373 56.2446
15.8005 -1.44226 56.3458
-12.5143 -6.13043 60.139
-12.5142 -6.11714 60.0335
-12.5843 -6.14102 60.0723
-12.5872 -6.15596 60.185
15.8005 -1.44226 56.3458
15.8909 -1.41373 56.2446
15.9832 -1.31467 56.3416
15.89 -1.33946 56.4591
-12.5872 -6.15596 60.185
-12.5843 -6.14102 60.0723
-12.6722 -6.17081 60.1197
-12.6628 -6.18214 60.2301
5.15696 11.774 28.7104
5.17913 11.7619 28.6074
5.17666 11.8309 28.4993
5.18747 11.8736 28.6526
3.61574 -12.39 32.2771
3.58702 -12.3373 32.1949
3.61261 -12.4615 32.2139
3.64284 -12.5181 32.2995
15.89 -1.33946 56.4591
15.9832 -1.31467 56.3416
16.0821 -1.21421 56.4292
15.9847 -1.23567 56.5646
-12.6628 -6.18214 60.2301
-12.6722 -6.17081 60.1197
-12.8435 -6.22915 60.2145
-12.7562 -6.21425 60.2841
5.18747 11.8736 28.6526
5.17666 11.8309 28.4993
5.17349 11.9017 28.3868
5.18464 11.9465 28.5442
3.64284 -12.5181 32.2995
3.61261 -12.4615 32.2139
3.63906 -12.5897 32.2335
3.67055 -12.6495 32.3222
15.9847 -1.23567 56.5646
16.0821 -1.21421 56.4292
16.187 -1.17128 56.5253
16.0862 -1.14664 56.6571
-12.7562 -6.21425 60.2841
-12.8435 -6.22915 60.2145
-13.0204 -6.28943 60.3126
-12.9319 -6.2746 60.3854
5.18464 11.9465 28.5442
5.17349 11.9017 28.3868
5.17496 12.0102 28.3242
5.18277 12.0291 28.4448
3.67055 -12.6495 32.3222
3.63906 -12.5897 32.2335
3.66634 -12.7217 32.2539
3.69887 -12.7839 32.3452
14.8696 -1.10228 74.569
14.935 -1.10425 74.4431
15.0799 -1.05869 74.4951
14.9937 -1.09734 74.6474
-13.3556 -7.42665 78.1008
-13.4537 -7.42122 77.9851
-13.5698 -7.49291 78.0687
-13.4656 -7.49797 78.1896
5.18277 12.0291 28.4448
5.17496 12.0102 28.3242
5.17828 12.1326 28.2828
5.18802 12.1676 28.4238
3.69887 -12.7839 32.3452
3.66634 -12.7217 32.2539
3.68565 -12.8564 32.2394
3.72785 -12.9211 32.369
14.9937 -1.09734 74.6474
15.0799 -1.05869 74.4951
15.2337 -1.02989 74.5297
15.1372 -1.05688 74.7082
-13.4656 -7.49797 78.1896
-13.5698 -7.49291 78.0687
-13.7139 -7.56329 78.1199
-13.5774 -7.57072 78.2806
5.18802 12.1676 28.4238
5.17828 12.1326 28.2828
5.18122 12.2527 28.2366
5.19233 12.2991 28.3921
3.72785 -12.9211 32.369
3.68565 -12.8564 32.2394
3.69954 -13.008 32.1904
3.75265 -13.0473 32.3832
15.1372 -1.05688 74.7082
15.2337 -1.02989 74.5297
15.3941 -1.01911 74.5673
15.2888 -1.02132 74.7556
-13.5774 -7.57072 78.2806
-13.7139 -7.56329 78.1199
-13.8345 -7.66146 78.1736
-13.7077 -7.64314 78.3516
5.19233 12.2991 28.3921
5.18122 12.2527 28.2366
5.18556 12.3845 28.2052
5.19591 12.4247 28.3524
3.75265 -13.0473 32.3832
3.69954 -13.008 32.1904
3.71569 -13.1633 32.1482
3.77128 -13.1995 32.3536
-13.7077 -7.64314 78.3516
-13.8345 -7.66146 78.1736
-13.9011 -7.81103 78.2646
-13.8445 -7.7227 78.4094
6.16849 12.2766 82.1395
6.14384 12.2457 81.9764
6.18764 12.3923 81.9304
6.20968 12.4175 82.0852
5.19591 12.4247 28.3524
5.18556 12.3845 28.2052
5.19162 12.5276 28.1944
5.20178 12.5663 28.3396
3.77128 -13.1995 32.3536
3.71569 -13.1633 32.1482
3.73456 -13.3211 32.1156
3.79474 -13.3639 32.3353
-13.8445 -7.7227 78.4094
-13.9011 -7.81103 78.2646
-13.9621 -7.95351 78.3809
-13.9058 -7.86558 78.5228
6.20968 12.4175 82.0852
6.18764 12.3923 81.9304
6.23651 12.5487 81.9056
6.25792 12.5725 82.0583
5.20178 12.5663 28.3396
5.19162 12.5276 28.1944
5.19716 12.6717 28.1739
5.20642 12.7064 28.3068
3.79474 -13.3639 32.3353
3.73456 -13.3211 32.1156
3.79302 -13.4852 32.074
3.8351 -13.5211 32.2696
-13.9058 -7.86558 78.5228
-13.9621 -7.95351 78.3809
-14.0281 -8.10526 78.4909
-13.9764 -8.02415 78.6201
6.25792 12.5725 82.0583
6.23651 12.5487 81.9056
6.28519 12.7073 81.8702
6.30453 12.7284 82.0099
-13.9764 -8.02415 78.6201
-14.0281 -8.10526 78.4909
-14.1364 -8.16971 78.4821
-14.0555 -8.13894 78.6819
6.30453 12.7284 82.0099
6.28519 12.7073 81.8702
6.32999 12.8614 81.8081
6.34978 12.8791 81.9654
3.47357 -14.6265 49.6798
3.49456 -14.7169 49.4827
3.55429 -14.8116 49.5489
3.53624 -14.7749 49.7238
-11.3211 10.254 53.6472
-11.3866 10.3786 53.3753
-11.4918 10.476 53.428
-11.427 10.3573 53.6869
-14.3232 -6.68975 60.5424
-14.4225 -6.69173 60.3232
-14.3508 -6.7193 60.6301
-14.3013 -6.7618 60.7485
7.99822 12.5982 64.4718
7.95826 12.4657 64.1823
7.98533 12.531 64.074
8.02487 12.6603 64.338
3.53624 -14.7749 49.7238
3.55429 -14.8116 49.5489
3.61395 -14.9061 49.6187
3.60161 -14.8791 49.7852
-11.427 10.3573 53.6869
-11.4918 10.476 53.428
-11.6144 10.586 53.4868
-11.5635 10.4844 53.7299
-14.3013 -6.7618 60.7485
-14.3508 -6.7193 60.6301
-14.5399 -6.97881 60.3432
-14.4419 -7.0078 60.551
8.02487 12.6603 64.338
7.98533 12.531 64.074
8.01331 12.5991 63.9704
8.05182 12.7233 64.2064
3.60161 -14.8791 49.7852
3.61395 -14.9061 49.6187
3.67886 -15.0093 49.6836
3.66657 -14.9825 49.8477
-11.5635 10.4844 53.7299
-11.6144 10.586 53.4868
-11.7493 10.7105 53.535
-11.6988 10.6101 53.7747
-14.4419 -7.0078 60.551
-14.5399 -6.97881 60.3432
-14.5473 -7.16344 60.3929
-14.4506 -7.19171 60.5979
8.05182 12.7233 64.2064
8.01331 12.5991 63.9704
8.05865 12.7226 63.9651
8.07894 12.7871 64.0774
-8.9165 10.8609 3.31694
-8.96383 10.854 3.49417
-8.8112 10.7557 3.52458
-8.75532 10.7741 3.34262
13.6058 -3.40317 6.22066
13.5218 -3.36152 6.36928
13.3589 -3.31736 6.37228
13.4413 -3.35828 6.22613
3.66657 -14.9825 49.8477
3.67886 -15.0093 49.6836
3.74305 -15.1114 49.7491
3.73103 -15.0851 49.9106
-11.6988 10.6101 53.7747
-11.7493 10.7105 53.535
-11.8826 10.833 53.5846
-11.833 10.7344 53.8204
-14.4506 -7.19171 60.5979
-14.5473 -7.16344 60.3929
-14.5538 -7.34657 60.4439
-14.5169 -7.34889 60.6444
8.07894 12.7871 64.0774
8.05865 12.7226 63.9651
8.1203 12.8999 64.0741
8.13979 12.9617 64.1811
-8.75532 10.7741 3.34262
-8.8112 10.7557 3.52458
-8.64991 10.6687 3.5513
-8.60723 10.6809 3.3485
13.4413 -3.35828 6.22613
13.3589 -3.31736 6.37228
13.1984 -3.27395 6.3745
13.2786 -3.31391 6.23124
-14.5169 -7.34889 60.6444
-14.5538 -7.34657 60.4439
-14.7022 -7.46472 60.4926
-14.7243 -7.4419 60.6883
8.13979 12.9617 64.1811
8.1203 12.8999 64.0741
8.18129 13.0752 64.1823
8.20061 13.1365 64.2876
15.3272 -0.877519 38.3512
15.2669 -0.916117 38.2035
15.4359 -0.890942 38.1401
15.4985 -0.841313 38.2839
-12.5663 -8.27024 42.1125
-12.5047 -8.2075 41.9787
-12.6463 -8.32578 41.9166
-12.7102 -8.37969 42.0227
16.7242 -1.03775 75.4603
16.8246 -1.02019 75.2858
16.9862 -1.04833 75.3629
16.8423 -0.956742 75.5298
-14.8435 -8.34635 78.756
-14.8842 -8.34505 78.5478
-15.0147 -8.3936 78.5718
-14.9758 -8.3952 78.7755
6.15463 14.5467 45.6332
6.18049 14.5163 45.4567
6.1873 14.6995 45.464
6.23249 14.7605 45.6449
3.84123 -15.4542 49.8205
3.84993 -15.5004 49.6369
3.90057 -15.704 49.5637
3.89266 -15.6613 49.7419
16.9724 -0.878289 75.5921
17.0981 -0.967577 75.4341
17.219 -0.890118 75.498
17.1079 -0.834276 75.6592
-15.1064 -8.44334 78.7936
-15.1429 -8.44125 78.5947
-15.2685 -8.48782 78.6156
-15.2351 -8.49067 78.8097
17.1079 -0.834276 75.6592
17.219 -0.890118 75.498
17.3457 -0.815909 75.5558
17.2461 -0.825769 75.7317
-15.2351 -8.49067 78.8097
-15.2685 -8.48782 78.6156
-15.3914 -8.53321 78.6337
-15.3619 -8.53704 78.8225
-15.2971 -7.69756 60.894
-15.3749 -7.75629 60.6942
-15.446 -7.78037 60.7547
-15.4411 -7.84575 60.9158
8.50513 13.7634 64.2098
8.48659 13.6975 64.0946
8.57234 13.8321 63.9699
8.59318 13.9006 64.0776
7.6052 14.6294 82.0496
7.63755 14.5587 81.9375
7.68198 14.7256 81.8554
7.65623 14.8164 81.9718
1.62941 -17.0272 86.0185
1.60435 -17.0603 85.851
1.62363 -17.2447 85.8408
1.64386 -17.2413 85.9797
7.65623 14.8164 81.9718
7.68198 14.7256 81.8554
7.72674 14.8818 81.6616
7.70318 14.9789 81.7858
1.64386 -17.2413 85.9797
1.62363 -17.2447 85.8408
1.62995 -17.4597 85.782
1.65166 -17.4612 85.9186
7.70318 14.9789 81.7858
7.72674 14.8818 81.6616
7.76926 15.0255 81.477
7.7475 15.129 81.5934
1.65166 -17.4612 85.9186
1.62995 -17.4597 85.782
1.6353 -17.661 85.7235
1.65727 -17.6712 85.8577
7.7475 15.129 81.5934
7.76926 15.0255 81.477
7.81083 15.1575 81.2955
7.79103 15.2696 81.4036
1.65727 -17.6712 85.8577
1.6353 -17.661 85.7235
1.63935 -17.8523 85.6612
1.66185 -17.8731 85.7939
15.6064 -1.75643 55.8391
15.6878 -1.71195 55.8019
15.7377 -1.64888 55.8816
15.6605 -1.68233 55.9417
-12.3297 -6.05046 59.9009
-12.3442 -6.04589 59.8333
-12.3919 -6.06338 59.8695
-12.3868 -6.07222 59.9508
15.6605 -1.68233 55.9417
15.7377 -1.64888 55.8816
15.8057 -1.57238 55.9631
15.7277 -1.59959 56.0428
-12.3868 -6.07222 59.9508
-12.3919 -6.06338 59.8695
-12.4475 -6.08226 59.8998
-12.4482 -6.09426 59.9938
15.7277 -1.59959 56.0428
15.8057 -1.57238 55.9631
15.8863 -1.48599 56.0473
15.8053 -1.5094 56.144
-12.4482 -6.09426 59.9938
-12.4475 -6.08226 59.8998
-12.5099 -6.10288 59.9293
-12.5142 -6.11714 60.0335
15.8053 -1.5094 56.144
15.8863 -1.48599 56.0473
15.9761 -1.39298 56.132
15.8909 -1.41373 56.2446
-12.5142 -6.11714 60.0335
-12.5099 -6.10288 59.9293
-12.5853 -6.12769 59.964
-12.5843 -6.14102 60.0723
5.13318 11.654 28.6419
5.15278 11.6397 28.546
5.16948 11.7198 28.4644
5.17913 11.7619 28.6074
3.56224 -12.2178 32.1762
3.53459 -12.1651 32.0984
3.55745 -12.28 32.1125
3.58702 -12.3373 32.1949
15.8909 -1.41373 56.2446
15.9761 -1.39298 56.132
16.0732 -1.296 56.2133
15.9832 -1.31467 56.3416
-12.5843 -6.14102 60.0723
-12.5853 -6.12769 59.964
-12.7513 -6.18356 60.0506
-12.6722 -6.17081 60.1197
5.17913 11.7619 28.6074
5.16948 11.7198 28.4644
5.16597 11.786 28.3499
5.17666 11.8309 28.4993
3.58702 -12.3373 32.1949
3.55745 -12.28 32.1125
3.58155 -12.4007 32.1277
3.61261 -12.4615 32.2139
15.9832 -1.31467 56.3416
16.0732 -1.296 56.2133
16.1772 -1.19709 56.286
16.0821 -1.21421 56.4292
-12.6722 -6.17081 60.1197
-12.7513 -6.18356 60.0506
-12.9249 -6.24208 60.1418
-12.8435 -6.22915 60.2145
14.6868 -1.12957 74.3103
14.7378 -1.14726 74.2014
14.8743 -1.10861 74.2465
14.8048 -1.12552 74.3803
-13.2383 -7.28568 77.823
-13.3273 -7.27954 77.7146
-13.4365 -7.34548 77.789
-13.3443 -7.35234 77.9027
5.17666 11.8309 28.4993
5.16597 11.786 28.3499
5.16241 11.8549 28.2321
5.17349 11.9017 28.3868
3.61261 -12.4615 32.2139
3.58155 -12.4007 32.1277
3.60677 -12.5264 32.144
3.63906 -12.5897 32.2335
16.0821 -1.21421 56.4292
16.1772 -1.19709 56.286
16.2852 -1.19537 56.39
16.187 -1.17128 56.5253
-12.8435 -6.22915 60.2145
-12.9249 -6.24208 60.1418
-13.1044 -6.30267 60.2369
-13.0204 -6.28943 60.3126
14.8048 -1.12552 74.3803
14.8743 -1.10861 74.2465
15.0183 -1.06274 74.2909
14.935 -1.10425 74.4431
-13.3443 -7.35234 77.9027
-13.4365 -7.34548 77.789
-13.5643 -7.41735 77.8611
-13.4537 -7.42122 77.9851
5.17349 11.9017 28.3868
5.16241 11.8549 28.2321
5.16477 11.9685 28.1809
5.17496 12.0102 28.3242
3.63906 -12.5897 32.2335
3.60677 -12.5264 32.144
3.62038 -12.6739 32.0968
3.66634 -12.7217 32.2539
14.935 -1.10425 74.4431
15.0183 -1.06274 74.2909
15.1738 -1.03855 74.3129
15.0799 -1.05869 74.4951
-13.4537 -7.42122 77.9851
-13.5643 -7.41735 77.8611
-13.7129 -7.48408 77.8973
-13.5698 -7.49291 78.0687
5.17496 12.0102 28.3242
5.16477 11.9685 28.1809
5.16713 12.0836 28.1286
5.17828 12.1326 28.2828
3.66634 -12.7217 32.2539
3.62038 -12.6739 32.0968
3.63076 -12.819 32.0378
3.68565 -12.8564 32.2394
5.17828 12.1326 28.2828
5.16713 12.0836 28.1286
5.17054 12.2084 28.0868
5.18122 12.2527 28.2366
3.68565 -12.8564 32.2394
3.63076 -12.819 32.0378
3.64268 -12.9678 31.9827
3.69954 -13.008 32.1904
-13.7139 -7.56329 78.1199
-13.8217 -7.59609 77.9461
-13.8908 -7.74811 78.0234
-13.8345 -7.66146 78.1736
6.10487 12.1098 82.0372
6.07941 12.0759 81.8759
6.12025 12.2163 81.8193
6.14384 12.2457 81.9764
5.18122 12.2527 28.2366
5.17054 12.2084 28.0868
5.17519 12.343 28.0585
5.18556 12.3845 28.2052
3.69954 -13.008 32.1904
3.64268 -12.9678 31.9827
3.65642 -13.1199 31.9328
3.71569 -13.1633 32.1482
-13.8345 -7.66146 78.1736
-13.8908 -7.74811 78.0234
-13.957 -7.8976 78.1191
-13.9011 -7.81103 78.2646
6.14384 12.2457 81.9764
6.12025 12.2163 81.8193
6.16517 12.3656 81.7763
6.18764 12.3923 81.9304
5.18556 12.3845 28.2052
5.17519 12.343 28.0585
5.18125 12.4868 28.0473
5.19162 12.5276 28.1944
3.71569 -13.1633 32.1482
3.65642 -13.1199 31.9328
3.68228 -13.2777 31.8972
3.73456 -13.3211 32.1156
-13.9011 -7.81103 78.2646
-13.957 -7.8976 78.1191
-14.0184 -8.04106 78.2357
-13.9621 -7.95351 78.3809
6.18764 12.3923 81.9304
6.16517 12.3656 81.7763
6.21425 12.5227 81.751
6.23651 12.5487 81.9056
5.19162 12.5276 28.1944
5.18125 12.4868 28.0473
5.18801 12.6356 28.0441
5.19716 12.6717 28.1739
3.73456 -13.3211 32.1156
3.68228 -13.2777 31.8972
3.75079 -13.4474 31.8828
3.79302 -13.4852 32.074
-13.9621 -7.95351 78.3809
-14.0184 -8.04106 78.2357
-14.0807 -8.1732 78.3542
-14.0281 -8.10526 78.4909
6.23651 12.5487 81.9056
6.21425 12.5227 81.751
6.26551 12.6843 81.7338
6.28519 12.7073 81.8702
3.43296 -14.5856 49.4381
3.44664 -14.6477 49.2658
3.51431 -14.7562 49.3117
3.49456 -14.7169 49.4827
-11.3059 10.295 53.3417
-11.3562 10.3964 53.1032
-11.4445 10.4915 53.1205
-11.3866 10.3786 53.3753
3.49456 -14.7169 49.4827
3.51431 -14.7562 49.3117
3.57865 -14.8588 49.3696
3.55429 -14.8116 49.5489
-11.3866 10.3786 53.3753
-11.4445 10.4915 53.1205
-11.5713 10.6114 53.159
-11.4918 10.476 53.428
3.55429 -14.8116 49.5489
3.57865 -14.8588 49.3696
3.63947 -14.9552 49.4374
3.61395 -14.9061 49.6187
-11.4918 10.476 53.428
-11.5713 10.6114 53.159
-11.6967 10.725 53.214
-11.6144 10.586 53.4868
-14.3508 -6.7193 60.6301
-14.4534 -6.72139 60.4035
-14.6281 -6.96491 60.1603
-14.5399 -6.97881 60.3432
7.98533 12.531 64.074
7.9459 12.4 63.7853
7.98404 12.5012 63.7472
8.01331 12.5991 63.9704
3.61395 -14.9061 49.6187
3.63947 -14.9552 49.4374
3.69666 -15.0455 49.5131
3.67886 -15.0093 49.6836
-11.6144 10.586 53.4868
-11.6967 10.725 53.214
-11.813 10.8267 53.2826
-11.7493 10.7105 53.535
-14.5399 -6.97881 60.3432
-14.6281 -6.96491 60.1603
-14.651 -7.14664 60.1778
-14.5473 -7.16344 60.3929
8.01331 12.5991 63.9704
7.98404 12.5012 63.7472
8.04206 12.6686 63.8569
8.05865 12.7226 63.9651
-8.96383 10.854 3.49417
-9.00051 10.8431 3.68333
-8.86478 10.735 3.71142
-8.8112 10.7557 3.52458
13.5218 -3.36152 6.36928
13.4132 -3.3052 6.5508
13.2741 -3.27572 6.51917
13.3589 -3.31736 6.37228
3.67886 -15.0093 49.6836
3.69666 -15.0455 49.5131
3.75589 -15.139 49.5877
3.74305 -15.1114 49.7491
-11.7493 10.7105 53.535
-11.813 10.8267 53.2826
-11.9339 10.9336 53.3483
-11.8826 10.833 53.5846
-14.5473 -7.16344 60.3929
-14.651 -7.14664 60.1778
-14.6494 -7.32063 60.2419
-14.5538 -7.34657 60.4439
8.05865 12.7226 63.9651
8.04206 12.6686 63.8569
8.10145 12.8398 63.9678
8.1203 12.8999 64.0741
-8.8112 10.7557 3.52458
-8.86478 10.735 3.71142
-8.7036 10.6506 3.72755
-8.64991 10.6687 3.5513
13.3589 -3.31736 6.37228
13.2741 -3.27572 6.51917
13.1156 -3.23326 6.51812
13.1984 -3.27395 6.3745
-14.5538 -7.34657 60.4439
-14.6494 -7.32063 60.2419
-14.6832 -7.48895 60.2972
-14.7022 -7.46472 60.4926
8.1203 12.8999 64.0741
8.10145 12.8398 63.9678
8.16283 13.0164 64.0784
8.18129 13.0752 64.1823
-8.64991 10.6687 3.5513
-8.7036 10.6506 3.72755
-8.54701 10.5637 3.74201
-8.51418 10.5729 3.53596
13.1984 -3.27395 6.3745
13.1156 -3.23326 6.51812
12.9603 -3.19174 6.51649
13.0404 -3.23123 6.37658
6.16572 14.3429 45.4425
6.14409 14.3464 45.2705
6.22837 14.5038 45.274
6.18049 14.5163 45.4567
3.79834 -15.293 49.711
3.80838 -15.3449 49.5212
3.85952 -15.5502 49.4523
3.84993 -15.5004 49.6369
15.4359 -0.890942 38.1401
15.3772 -0.940244 37.9928
15.5457 -0.90287 37.9346
15.6018 -0.858621 38.083
-12.6463 -8.32578 41.9166
-12.585 -8.27372 41.8086
-12.7302 -8.37333 41.7008
-12.7908 -8.42466 41.8049
6.18049 14.5163 45.4567
6.22837 14.5038 45.274
6.22597 14.6771 45.295
6.1873 14.6995 45.464
3.84993 -15.5004 49.6369
3.85952 -15.5502 49.4523
3.90951 -15.7509 49.3849
3.90057 -15.704 49.5637
16.9862 -1.04833 75.3629
17.0909 -1.04436 75.1943
17.2392 -1.05567 75.2728
17.0981 -0.967577 75.4341
-15.0147 -8.3936 78.5718
-15.0558 -8.39287 78.3687
-15.1819 -8.44017 78.3973
-15.1429 -8.44125 78.5947
6.1873 14.6995 45.464
6.22597 14.6771 45.295
6.22647 14.8525 45.3052
6.26332 14.9073 45.4783
3.90057 -15.704 49.5637
3.90951 -15.7509 49.3849
3.95801 -15.9462 49.3187
3.93934 -15.898 49.5093
17.3457 -0.815909 75.5558
17.4549 -0.899627 75.4104
17.57 -0.828134 75.4683
17.4727 -0.797288 75.6239
-15.3914 -8.53321 78.6337
-15.3633 -8.56281 78.5011
-15.4352 -8.61495 78.5344
-15.5076 -8.61108 78.701
-15.446 -7.78037 60.7547
-15.5301 -7.85448 60.5599
-15.5951 -7.87605 60.6181
-15.5809 -7.90659 60.7656
8.57234 13.8321 63.9699
8.55464 13.7695 63.861
8.63438 13.895 63.7464
8.65763 13.9617 63.8291
17.4727 -0.797288 75.6239
17.57 -0.828134 75.4683
17.6866 -0.770331 75.5211
17.6166 -0.786845 75.6747
-15.5076 -8.61108 78.701
-15.4352 -8.61495 78.5344
-15.5027 -8.66569 78.5611
-15.5734 -8.66638 78.7134
7.63755 14.5587 81.9375
7.63765 14.4923 81.7238
7.71123 14.6415 81.7049
7.68198 14.7256 81.8554
1.60435 -17.0603 85.851
1.58207 -17.1032 85.6816
1.60171 -17.2666 85.6922
1.62363 -17.2447 85.8408
7.68198 14.7256 81.8554
7.71123 14.6415 81.7049
7.74934 14.7921 81.543
7.72674 14.8818 81.6616
1.62363 -17.2447 85.8408
1.60171 -17.2666 85.6922
1.60962 -17.4605 85.6532
1.62995 -17.4597 85.782
7.72674 14.8818 81.6616
7.74934 14.7921 81.543
7.78932 14.9291 81.3697
7.76926 15.0255 81.477
1.62995 -17.4597 85.782
1.60962 -17.4605 85.6532
1.61491 -17.651 85.5992
1.6353 -17.661 85.7235
7.76926 15.0255 81.477
7.78932 14.9291 81.3697
7.82812 15.0515 81.2001
7.81083 15.1575 81.2955
1.6353 -17.661 85.7235
1.61491 -17.651 85.5992
1.61858 -17.8291 85.5406
1.63935 -17.8523 85.6612
15.6878 -1.71195 55.8019
15.7444 -1.68182 55.7737
15.7966 -1.63067 55.8146
15.7377 -1.64888 55.8816
-12.3442 -6.04589 59.8333
-12.3544 -6.0428 59.7866
-12.3892 -6.0532 59.7943
-12.3919 -6.06338 59.8695
15.7377 -1.64888 55.8816
15.7966 -1.63067 55.8146
15.8715 -1.55742 55.873
15.8057 -1.57238 55.9631
-12.3919 -6.06338 59.8695
-12.3892 -6.0532 59.7943
-12.4398 -6.06852 59.807
-12.4475 -6.08226 59.8998
15.8057 -1.57238 55.9631
15.8715 -1.55742 55.873
15.9592 -1.47212 55.9397
15.8863 -1.48599 56.0473
-12.4475 -6.08226 59.8998
-12.4398 -6.06852 59.807
-12.5001 -6.08699 59.8241
-12.5099 -6.10288 59.9293
15.8863 -1.48599 56.0473
15.9592 -1.47212 55.9397
16.0558 -1.3796 56.0094
15.9761 -1.39298 56.132
-12.5099 -6.10288 59.9293
-12.5001 -6.08699 59.8241
-12.6518 -6.13699 59.8947
-12.5853 -6.12769 59.964
1.60601 -13.3173 17.6217
1.56791 -13.1401 17.6904
1.49729 -13.1663 17.532
1.55534 -13.3571 17.4603
-8.20246 9.10817 20.2868
-8.08636 8.94863 20.3027
-8.07021 8.96458 20.1516
-8.19366 9.13413 20.1351
5.15278 11.6397 28.546
5.16336 11.6137 28.4442
5.15936 11.6741 28.3257
5.16948 11.7198 28.4644
3.53459 -12.1651 32.0984
3.5056 -12.1054 32.02
3.52669 -12.2169 32.0292
3.55745 -12.28 32.1125
15.9761 -1.39298 56.132
16.0558 -1.3796 56.0094
16.1594 -1.28285 56.0768
16.0732 -1.296 56.2133
-12.5853 -6.12769 59.964
-12.6518 -6.13699 59.8947
-12.8224 -6.19362 59.9772
-12.7513 -6.18356 60.0506
14.6236 -1.15028 74.1402
14.6688 -1.16132 74.0313
14.8068 -1.11639 74.0623
14.7378 -1.14726 74.2014
-13.2228 -7.21667 77.6441
-13.3016 -7.20782 77.5385
-13.4137 -7.27085 77.6016
-13.3273 -7.27954 77.7146
5.16948 11.7198 28.4644
5.15936 11.6741 28.3257
5.15535 11.7383 28.2038
5.16597 11.786 28.3499
3.55745 -12.28 32.1125
3.52669 -12.2169 32.0292
3.54883 -12.3512 32.0267
3.58155 -12.4007 32.1277
16.0732 -1.296 56.2133
16.1594 -1.28285 56.0768
16.2694 -1.19431 56.1414
16.1772 -1.19709 56.286
-12.7513 -6.18356 60.0506
-12.8224 -6.19362 59.9772
-13.0003 -6.2529 60.0653
-12.9249 -6.24208 60.1418
14.7378 -1.14726 74.2014
14.8068 -1.11639 74.0623
14.9503 -1.0699 74.0975
14.8743 -1.10861 74.2465
-13.3273 -7.27954 77.7146
-13.4137 -7.27085 77.6016
-13.5492 -7.34155 77.6625
-13.4365 -7.34548 77.789
5.16597 11.786 28.3499
5.15535 11.7383 28.2038
5.15193 11.807 28.0887
5.16241 11.8549 28.2321
3.58155 -12.4007 32.1277
3.54883 -12.3512 32.0267
3.55815 -12.4925 31.966
3.60677 -12.5264 32.144
14.8743 -1.10861 74.2465
14.9503 -1.0699 74.0975
15.107 -1.04736 74.1077
15.0183 -1.06274 74.2909
-13.4365 -7.34548 77.789
-13.5492 -7.34155 77.6625
-13.7022 -7.40535 77.686
-13.5643 -7.41735 77.8611
5.16241 11.8549 28.2321
5.15193 11.807 28.0887
5.15365 11.9168 28.0296
5.16477 11.9685 28.1809
3.60677 -12.5264 32.144
3.55815 -12.4925 31.966
3.56518 -12.6317 31.8973
3.62038 -12.6739 32.0968
5.16477 11.9685 28.1809
5.15365 11.9168 28.0296
5.15628 12.0355 27.979
5.16713 12.0836 28.1286
3.62038 -12.6739 32.0968
3.56518 -12.6317 31.8973
3.57352 -12.7749 31.8312
3.63076 -12.819 32.0378
-13.7129 -7.48408 77.8973
-13.8055 -7.52524 77.7273
-13.8765 -7.6791 77.7927
-13.8217 -7.59609 77.9461
6.04252 11.9447 81.9428
6.01628 11.9075 81.7848
6.05451 12.0424 81.7193
6.07941 12.0759 81.8759
5.16713 12.0836 28.1286
5.15628 12.0355 27.979
5.1599 12.163 27.9386
5.17054 12.2084 28.0868
3.63076 -12.819 32.0378
3.57352 -12.7749 31.8312
3.58336 -12.9217 31.7688
3.64268 -12.9678 31.9827
-13.8217 -7.59609 77.9461
-13.8765 -7.6791 77.7927
-13.9459 -7.83232 77.8733
-13.8908 -7.74811 78.0234
6.07941 12.0759 81.8759
6.05451 12.0424 81.7193
6.09634 12.1856 81.664
6.12025 12.2163 81.8193
5.17054 12.2084 28.0868
5.1599 12.163 27.9386
5.16463 12.2991 27.9106
5.17519 12.343 28.0585
3.64268 -12.9678 31.9827
3.58336 -12.9217 31.7688
3.5948 -13.0718 31.7108
3.65642 -13.1199 31.9328
-13.8908 -7.74811 78.0234
-13.9459 -7.83232 77.8733
-14.0125 -7.98297 77.9706
-13.957 -7.8976 78.1191
6.12025 12.2163 81.8193
6.09634 12.1856 81.664
6.14181 12.3364 81.6212
6.16517 12.3656 81.7763
5.17519 12.343 28.0585
5.16463 12.2991 27.9106
5.17063 12.4432 27.8978
5.18125 12.4868 28.0473
3.65642 -13.1199 31.9328
3.5948 -13.0718 31.7108
3.633 -13.2323 31.6779
3.68228 -13.2777 31.8972
-13.957 -7.8976 78.1191
-14.0125 -7.98297 77.9706
-14.0748 -8.12813 78.0864
-14.0184 -8.04106 78.2357
6.16517 12.3656 81.7763
6.14181 12.3364 81.6212
6.19094 12.4942 81.5942
6.21425 12.5227 81.751
5.18125 12.4868 28.0473
5.17063 12.4432 27.8978
5.17805 12.595 27.9038
5.18801 12.6356 28.0441
3.68228 -13.2777 31.8972
3.633 -13.2323 31.6779
3.70441 -13.4049 31.6759
3.75079 -13.4474 31.8828
-14.0184 -8.04106 78.2357
-14.0748 -8.12813 78.0864
-14.1509 -8.20139 78.1649
-14.0807 -8.1732 78.3542
6.21425 12.5227 81.751
6.19094 12.4942 81.5942
6.24373 12.6579 81.5865
6.26551 12.6843 81.7338
3.37849 -14.4955 49.2484
3.38694 -14.5577 49.0852
3.46011 -14.6761 49.1089
3.44664 -14.6477 49.2658
-11.2612 10.2895 53.1085
-11.3028 10.3773 52.8904
-11.4027 10.492 52.8726
-11.3562 10.3964 53.1032
3.44664 -14.6477 49.2658
3.46011 -14.6761 49.1089
3.5308 -14.7899 49.1476
3.51431 -14.7562 49.3117
-11.3562 10.3964 53.1032
-11.4027 10.492 52.8726
-11.4965 10.5956 52.8777
-11.4445 10.4915 53.1205
3.51431 -14.7562 49.3117
3.5308 -14.7899 49.1476
3.59857 -14.8984 49.1994
3.57865 -14.8588 49.3696
-11.4445 10.4915 53.1205
-11.4965 10.5956 52.8777
-11.6396 10.7325 52.9055
-11.5713 10.6114 53.159
3.57865 -14.8588 49.3696
3.59857 -14.8984 49.1994
3.66303 -15.0009 49.2623
3.63947 -14.9552 49.4374
-11.5713 10.6114 53.159
-11.6396 10.7325 52.9055
-11.7738 10.8568 52.9513
-11.6967 10.725 53.214
-14.4534 -6.72139 60.4035
-14.5546 -6.722 60.173
-14.6896 -6.93805 60.0267
-14.6281 -6.96491 60.1603
7.9459 12.4 63.7853
7.90971 12.2809 63.5337
7.97109 12.4573 63.641
7.98404 12.5012 63.7472
3.63947 -14.9552 49.4374
3.66303 -15.0009 49.2623
3.72393 -15.0973 49.3343
3.69666 -15.0455 49.5131
-11.6967 10.725 53.214
-11.7738 10.8568 52.9513
-11.8988 10.9687 53.0122
-11.813 10.8267 53.2826
-14.6281 -6.96491 60.1603
-14.6896 -6.93805 60.0267
-14.7654 -7.15034 59.9483
-14.651 -7.14664 60.1778
7.98404 12.5012 63.7472
7.97109 12.4573 63.641
8.03132 12.6308 63.7516
8.04206 12.6686 63.8569
3.69666 -15.0455 49.5131
3.72393 -15.0973 49.3343
3.77675 -15.2315 49.3568
3.75589 -15.139 49.5877
-11.813 10.8267 53.2826
-11.8988 10.9687 53.0122
-12.0146 11.069 53.0854
-11.9339 10.9336 53.3483
-14.651 -7.14664 60.1778
-14.7654 -7.15034 59.9483
-14.7601 -7.32089 60.0186
-14.6494 -7.32063 60.2419
8.04206 12.6686 63.8569
8.03132 12.6308 63.7516
8.08992 12.7999 63.8638
8.10145 12.8398 63.9678
-8.86478 10.735 3.71142
-8.89489 10.7045 3.92249
-8.75099 10.6269 3.91361
-8.7036 10.6506 3.72755
13.2741 -3.27572 6.51917
13.1211 -3.18496 6.78199
13.0136 -3.17763 6.69705
13.1156 -3.23326 6.51812
-14.6494 -7.32063 60.2419
-14.7601 -7.32089 60.0186
-14.7498 -7.484 60.0967
-14.6832 -7.48895 60.2972
8.10145 12.8398 63.9678
8.08992 12.7999 63.8638
8.14653 12.9637 63.9762
8.16283 13.0164 64.0784
-8.7036 10.6506 3.72755
-8.75099 10.6269 3.91361
-8.59287 10.5458 3.92332
-8.54701 10.5637 3.74201
13.1156 -3.23326 6.51812
13.0136 -3.17763 6.69705
12.8767 -3.1513 6.65645
12.9603 -3.19174 6.51649
-14.6832 -7.48895 60.2972
-14.7498 -7.484 60.0967
-14.8721 -7.60409 60.1596
-14.8869 -7.5788 60.3491
8.16283 13.0164 64.0784
8.14653 12.9637 63.9762
8.20629 13.136 64.088
8.22316 13.1901 64.1873
15.3772 -0.940244 37.9928
15.324 -0.983161 37.8446
15.4914 -0.949555 37.7932
15.5457 -0.90287 37.9346
-12.585 -8.27372 41.8086
-12.5283 -8.2201 41.6869
-12.6736 -8.32481 41.5942
-12.7302 -8.37333 41.7008
6.22837 14.5038 45.274
6.2343 14.5046 45.1009
6.27175 14.667 45.1204
6.22597 14.6771 45.295
3.85952 -15.5502 49.4523
3.87026 -15.6046 49.266
3.91975 -15.8029 49.2048
3.90951 -15.7509 49.3849
6.22597 14.6771 45.295
6.27175 14.667 45.1204
6.26862 14.8361 45.144
6.22647 14.8525 45.3052
3.90951 -15.7509 49.3849
3.91975 -15.8029 49.2048
3.96766 -15.9949 49.1453
3.95801 -15.9462 49.3187
17.2392 -1.05567 75.2728
17.3513 -1.06941 75.1115
17.4812 -1.05882 75.1916
17.3438 -0.975645 75.3453
-15.1819 -8.44017 78.3973
-15.1345 -8.46615 78.2319
-15.2167 -8.52254 78.2773
-15.288 -8.50985 78.4625
6.22647 14.8525 45.3052
6.26862 14.8361 45.144
6.26785 15.004 45.1584
6.29399 15.05 45.3217
3.95801 -15.9462 49.3187
3.96766 -15.9949 49.1453
3.99633 -16.1709 49.1174
3.9782 -16.1221 49.2994
17.6866 -0.770331 75.5211
17.7783 -0.838014 75.389
17.8941 -0.781119 75.4274
17.8422 -0.757159 75.5467
-15.5027 -8.66569 78.5611
-15.439 -8.67844 78.3923
-15.4991 -8.72952 78.4023
-15.5567 -8.72537 78.5376
7.71123 14.6415 81.7049
7.70741 14.5844 81.5239
7.77183 14.7134 81.4263
7.74934 14.7921 81.543
1.60171 -17.2666 85.6922
1.57975 -17.3086 85.5341
1.59085 -17.4681 85.5311
1.60962 -17.4605 85.6532
17.8422 -0.757159 75.5467
17.8941 -0.781119 75.4274
18.0405 -0.742549 75.4318
18.0016 -0.742487 75.5545
-15.5567 -8.72537 78.5376
-15.4991 -8.72952 78.4023
-15.5454 -8.78836 78.3638
-15.6031 -8.78615 78.4947
7.74934 14.7921 81.543
7.77183 14.7134 81.4263
7.80824 14.8438 81.2691
7.78932 14.9291 81.3697
1.60962 -17.4605 85.6532
1.59085 -17.4681 85.5311
1.59646 -17.6451 85.4852
1.61491 -17.651 85.5992
7.78932 14.9291 81.3697
7.80824 14.8438 81.2691
7.84297 14.955 81.1175
7.82812 15.0515 81.2001
1.61491 -17.651 85.5992
1.59646 -17.6451 85.4852
1.59998 -17.8056 85.4338
1.61858 -17.8291 85.5406
6.56627 15.9634 44.9058
6.5727 16.0528 44.8107
6.5992 16.1667 44.8987
6.60825 16.0528 44.9835
4.14179 -17.3995 48.751
4.16336 -17.6797 48.6974
4.16451 -17.7515 48.7927
4.14194 -17.4532 48.8399
-16.1521 -8.25558 60.3425
-16.3007 -8.40237 60.2504
-16.3285 -8.44368 60.3866
-16.209 -8.3542 60.4509
9.00084 14.3926 62.9053
9.07378 14.4847 62.707
9.13577 14.615 62.7486
9.05687 14.5107 62.944
7.91726 15.134 80.7861
7.95535 15.2049 80.6136
7.93737 15.3234 80.7138
7.90773 15.2618 80.8473
1.59927 -18.1111 85.289
1.59604 -18.2664 85.1974
1.61913 -18.3363 85.3112
1.62039 -18.1683 85.3963
6.60825 16.0528 44.9835
6.5992 16.1667 44.8987
6.62767 16.2767 44.9897
6.65159 16.1419 45.0727
4.14194 -17.4532 48.8399
4.16451 -17.7515 48.7927
4.16428 -17.8059 48.8921
4.14064 -17.4912 48.9378
-16.209 -8.3542 60.4509
-16.3285 -8.44368 60.3866
-16.392 -8.55606 60.5066
-16.2705 -8.46887 60.5663
9.05687 14.5107 62.944
9.13577 14.615 62.7486
9.19757 14.7454 62.792
9.11047 14.6282 62.9995
7.90773 15.2618 80.8473
7.93737 15.3234 80.7138
7.91884 15.4424 80.8167
7.89486 15.3919 80.9246
1.62039 -18.1683 85.3963
1.61913 -18.3363 85.3112
1.64257 -18.3968 85.4316
1.64301 -18.2184 85.5163
6.65159 16.1419 45.0727
6.62767 16.2767 44.9897
6.6597 16.3913 45.0895
6.69683 16.232 45.1737
4.14064 -17.4912 48.9378
4.16428 -17.8059 48.8921
4.17863 -17.8556 49.0157
4.138 -17.5154 49.0453
-16.2705 -8.46887 60.5663
-16.392 -8.55606 60.5066
-16.4036 -8.60976 60.5946
-16.2786 -8.52008 60.6559
9.11047 14.6282 62.9995
9.19757 14.7454 62.792
9.25751 14.8771 62.8551
9.15986 14.7435 63.0787
7.89486 15.3919 80.9246
7.91884 15.4424 80.8167
7.8985 15.5702 80.9293
7.87877 15.5262 81.0177
1.64301 -18.2184 85.5163
1.64257 -18.3968 85.4316
1.66798 -18.453 85.5665
1.66731 -18.2629 85.6495
6.69683 16.232 45.1737
6.6597 16.3913 45.0895
6.69509 16.51 45.1975
6.74369 16.3224 45.2864
4.138 -17.5154 49.0453
4.17863 -17.8556 49.0157
4.21365 -17.9191 49.164
4.1534 -17.5415 49.1778
7.87877 15.5262 81.0177
7.8985 15.5702 80.9293
7.87634 15.7062 81.0515
7.8593 15.6637 81.1273
1.66731 -18.2629 85.6495
1.66798 -18.453 85.5665
1.69522 -18.5031 85.7157
1.68994 -18.3038 85.7964
6.74369 16.3224 45.2864
6.69509 16.51 45.1975
6.73432 16.6382 45.3163
6.79147 16.4112 45.4107
4.1534 -17.5415 49.1778
4.21365 -17.9191 49.164
4.25345 -17.9819 49.3361
4.19385 -17.6102 49.3475
7.8593 15.6637 81.1273
7.87634 15.7062 81.0515
7.8515 15.8548 81.1881
7.83629 15.8019 81.2539
1.68994 -18.3038 85.7964
1.69522 -18.5031 85.7157
1.69319 -18.5819 85.8871
1.68205 -18.3739 85.9564
6.79147 16.4112 45.4107
6.73432 16.6382 45.3163
6.77039 16.7548 45.4251
6.83729 16.4921 45.5415
4.19385 -17.6102 49.3475
4.25345 -17.9819 49.3361
4.29139 -18.0473 49.4943
4.23381 -17.6513 49.5411
7.83629 15.8019 81.2539
7.8515 15.8548 81.1881
7.82784 15.9903 81.3174
7.81028 15.9322 81.3938
1.68205 -18.3739 85.9564
1.69319 -18.5819 85.8871
1.68559 -18.6584 86.0459
1.67424 -18.4447 86.1156
6.83729 16.4921 45.5415
6.77039 16.7548 45.4251
6.80314 16.8768 45.5286
6.88147 16.5655 45.6805
4.23381 -17.6513 49.5411
4.29139 -18.0473 49.4943
4.3299 -18.1079 49.6606
4.27107 -17.6677 49.7428
7.81028 15.9322 81.3938
7.82784 15.9903 81.3174
7.80355 16.123 81.4494
7.7808 16.0553 81.5493
1.67424 -18.4447 86.1156
1.68559 -18.6584 86.0459
1.67792 -18.7208 86.1985
1.6657 -18.4573 86.2564
6.88147 16.5655 45.6805
6.80314 16.8768 45.5286
6.88517 16.8833 45.7029
6.92461 16.6314 45.8318
4.27107 -17.6677 49.7428
4.3299 -18.1079 49.6606
4.36939 -18.1248 49.8748
4.30592 -17.6558 49.9578
7.7808 16.0553 81.5493
7.80355 16.123 81.4494
7.77634 16.2641 81.5963
7.74672 16.1723 81.7259
1.6657 -18.4573 86.2564
1.67792 -18.7208 86.1985
1.67781 -18.7307 86.3425
1.66307 -18.448 86.4011
6.92461 16.6314 45.8318
6.88517 16.8833 45.7029
6.96579 16.9017 45.8776
6.9654 16.6863 45.9958
4.30592 -17.6558 49.9578
4.36939 -18.1248 49.8748
4.40554 -18.1091 50.101
4.33682 -17.6071 50.1853
7.74672 16.1723 81.7259
7.77634 16.2641 81.5963
7.74669 16.4061 81.7549
7.70739 16.2788 81.9262
1.66307 -18.448 86.4011
1.67781 -18.7307 86.3425
1.68718 -18.7103 86.5212
1.67113 -18.4307 86.5546
7.70739 16.2788 81.9262
7.74669 16.4061 81.7549
7.71386 16.5455 81.9284
7.65989 16.3646 82.1267
1.67113 -18.4307 86.5546
1.68718 -18.7103 86.5212
1.69571 -18.6573 86.721
1.67786 -18.3711 86.7313
7.65989 16.3646 82.1267
7.71386 16.5455 81.9284
7.68281 16.6866 82.0935
7.6142 16.4551 82.2233
1.67786 -18.3711 86.7313
1.69571 -18.6573 86.721
1.70585 -18.6322 86.9176
1.68655 -18.3268 86.9245
-15.9811 -8.76047 61.7996
-16.2413 -9.02539 62.0047
-16.159 -9.13187 62.1602
-15.9656 -8.80787 61.9615
9.47744 15.5155 64.3976
9.66145 15.7798 64.1316
9.70217 15.8157 64.2805
9.51377 15.5487 64.5194
-15.9656 -8.80787 61.9615
-16.159 -9.13187 62.1602
-16.1201 -9.06299 62.2926
-15.9103 -8.81028 62.0949
9.51377 15.5487 64.5194
9.70217 15.8157 64.2805
9.74927 15.8568 64.4559
9.53782 15.5641 64.6605
-15.9103 -8.81028 62.0949
-16.1201 -9.06299 62.2926
-16.0991 -8.93485 62.4144
-15.8986 -8.6989 62.2346
9.53782 15.5641 64.6605
9.74927 15.8568 64.4559
9.79016 15.8943 64.623
9.57199 15.5885 64.8377
-15.8986 -8.6989 62.2346
-16.0991 -8.93485 62.4144
-16.0806 -8.81471 62.5317
-15.8847 -8.62054 62.4022
9.57199 15.5885 64.8377
9.79016 15.8943 64.623
9.78617 15.9284 64.7878
9.58447 15.6137 65.0139
-15.8847 -8.62054 62.4022
-16.0806 -8.81471 62.5317
-16.0547 -8.70319 62.6744
-15.8709 -8.53961 62.5766
9.58447 15.6137 65.0139
9.78617 15.9284 64.7878
9.78196 15.9655 64.966
9.57603 15.6436 65.1944
-15.8709 -8.53961 62.5766
-16.0547 -8.70319 62.6744
-16.0225 -8.60804 62.8338
-15.8545 -8.45475 62.7544
9.57603 15.6436 65.1944
9.78196 15.9655 64.966
9.77843 16.0042 65.1456
9.57196 15.6814 65.3742
-15.8545 -8.45475 62.7544
-16.0225 -8.60804 62.8338
-15.9905 -8.5131 62.993
-15.8348 -8.36533 62.9343
9.57196 15.6814 65.3742
9.77843 16.0042 65.1456
9.77565 16.0439 65.3236
9.57502 15.7356 65.5484
1.47766 9.86893 126.539
1.5864 10.0869 126.838
1.4101 10.1068 126.86
1.29226 9.88233 126.563
-0.39622 -12.5703 96.8079
-0.366002 -12.7484 96.6068
-0.551797 -12.7087 96.6516
-0.586902 -12.5309 96.8523
-15.8348 -8.36533 62.9343
-15.9905 -8.5131 62.993
-15.9543 -8.40682 63.1699
-15.8106 -8.26886 63.1201
9.57502 15.7356 65.5484
9.77565 16.0439 65.3236
9.78039 16.1024 65.5212
9.54354 15.7648 65.6628
-15.8106 -8.26886 63.1201
-15.9543 -8.40682 63.1699
-15.9178 -8.30364 63.3382
-15.7814 -8.16809 63.3029
9.54354 15.7648 65.6628
9.78039 16.1024 65.5212
9.7456 16.1234 65.6497
9.49595 15.7698 65.7833
-15.7814 -8.16809 63.3029
-15.9178 -8.30364 63.3382
-15.875 -8.18715 63.5232
-15.7461 -8.06943 63.4625
9.49595 15.7698 65.7833
9.7456 16.1234 65.6497
9.66047 16.1039 65.8098
9.41938 15.7471 65.9231
-15.7461 -8.06943 63.4625
-15.875 -8.18715 63.5232
-15.8341 -8.07203 63.7101
-15.7278 -7.98294 63.6388
9.41938 15.7471 65.9231
9.66047 16.1039 65.8098
9.558 16.0824 66.0048
9.359 15.7826 66.0924
-15.7278 -7.98294 63.6388
-15.8341 -8.07203 63.7101
-15.8081 -7.97067 63.9036
-15.7022 -7.89268 63.8041
9.359 15.7826 66.0924
9.558 16.0824 66.0048
9.48876 16.1128 66.1872
9.31918 15.7946 66.2619
0.475093 9.87377 126.676
0.547092 10.1031 126.975
0.326725 10.1378 126.978
0.269133 9.9035 126.69
-1.33708 -12.2607 97.1574
-1.34347 -12.4255 96.9713
-1.54842 -12.3765 97.0267
-1.52969 -12.214 97.2102
-15.7022 -7.89268 63.8041
-15.8081 -7.97067 63.9036
-15.7873 -7.86506 64.1236
-15.6839 -7.80072 63.9952
9.31918 15.7946 66.2619
9.48876 16.1128 66.1872
9.46451 16.136 66.3809
9.33199 15.8038 66.4371
0.269133 9.9035 126.69
0.326725 10.1378 126.978
0.0832625 10.2126 127.025
0.0442684 9.98585 126.749
-1.52969 -12.214 97.2102
-1.54842 -12.3765 97.0267
-1.78395 -12.3426 97.065
-1.748 -12.1869 97.2407
-15.6839 -7.80072 63.9952
-15.7873 -7.86506 64.1236
-15.7568 -7.76363 64.3043
-15.664 -7.70875 64.1813
9.33199 15.8038 66.4371
9.46451 16.136 66.3809
9.45933 16.1001 66.5632
9.34778 15.8202 66.6125
0.0442684 9.98585 126.749
0.0832625 10.2126 127.025
-0.149023 10.2767 127.061
-0.180417 10.0817 126.808
-1.748 -12.1869 97.2407
-1.78395 -12.3426 97.065
-2.00556 -12.305 97.1074
-1.97072 -12.167 97.2632
-15.664 -7.70875 64.1813
-15.7568 -7.76363 64.3043
-15.7204 -7.66894 64.4502
-15.6368 -7.61917 64.3403
9.34778 15.8202 66.6125
9.45933 16.1001 66.5632
9.45012 16.056 66.7325
9.35552 15.818 66.7793
-0.180417 10.0817 126.808
-0.149023 10.2767 127.061
-0.359934 10.3274 127.061
-0.390407 10.1615 126.833
-1.97072 -12.167 97.2632
-2.00556 -12.305 97.1074
-2.20846 -12.2666 97.1507
-2.17913 -12.1435 97.2898
6.5727 16.0528 44.8107
6.51242 16.1786 44.7196
6.535 16.3298 44.8099
6.5992 16.1667 44.8987
4.16336 -17.6797 48.6974
4.17951 -17.8778 48.6371
4.18455 -18.0139 48.7465
4.16451 -17.7515 48.7927
7.95535 15.2049 80.6136
7.9701 15.1931 80.5419
7.95109 15.3302 80.6494
7.93737 15.3234 80.7138
1.59604 -18.2664 85.1974
1.89019 -18.3418 85.0613
1.84884 -18.4306 85.2083
1.61913 -18.3363 85.3112
1.59604 -18.2664 85.1974
1.89019 -18.3418 85.0613
1.84884 -18.4306 85.2083
1.61913 -18.3363 85.3112
-10.2237 12.526 87.3227
-10.2284 12.5868 87.1833
-10.329 12.7225 87.2305
-10.3094 12.6404 87.3521
6.5992 16.1667 44.8987
6.535 16.3298 44.8099
6.55385 16.4562 44.8853
6.62767 16.2767 44.9897
4.16451 -17.7515 48.7927
4.18455 -18.0139 48.7465
4.19409 -18.1195 48.8441
4.16428 -17.8059 48.8921
7.93737 15.3234 80.7138
7.95109 15.3302 80.6494
7.9352 15.4448 80.7391
7.91884 15.4424 80.8167
1.61913 -18.3363 85.3112
1.84884 -18.4306 85.2083
1.81429 -18.5047 85.3311
1.64257 -18.3968 85.4316
1.61913 -18.3363 85.3112
1.84884 -18.4306 85.2083
1.81429 -18.5047 85.3311
1.64257 -18.3968 85.4316
-10.3094 12.6404 87.3521
-10.329 12.7225 87.2305
-10.4119 12.8343 87.2794
-10.394 12.7513 87.4097
6.62767 16.2767 44.9897
6.55385 16.4562 44.8853
6.5759 16.604 44.9736
6.6597 16.3913 45.0895
4.16428 -17.8059 48.8921
4.19409 -18.1195 48.8441
4.23169 -18.2023 48.9886
4.17863 -17.8556 49.0157
-16.392 -8.55606 60.5066
-16.5129 -8.63772 60.4363
-16.5172 -8.70031 60.6001
-16.4036 -8.60976 60.5946
9.19757 14.7454 62.792
9.27749 14.8493 62.5867
9.34832 14.9983 62.6345
9.25751 14.8771 62.8551
7.91884 15.4424 80.8167
7.9352 15.4448 80.7391
7.91663 15.5789 80.8441
7.8985 15.5702 80.9293
1.64257 -18.3968 85.4316
1.81429 -18.5047 85.3311
1.7739 -18.5915 85.4747
1.66798 -18.453 85.5665
1.64257 -18.3968 85.4316
1.81429 -18.5047 85.3311
1.7739 -18.5915 85.4747
1.66798 -18.453 85.5665
-10.394 12.7513 87.4097
-10.4119 12.8343 87.2794
-10.5089 12.965 87.3365
-10.4849 12.8699 87.4727
6.6597 16.3913 45.0895
6.5759 16.604 44.9736
6.59862 16.7562 45.0644
6.69509 16.51 45.1975
4.17863 -17.8556 49.0157
4.23169 -18.2023 48.9886
4.27041 -18.2876 49.1375
4.21365 -17.9191 49.164
7.8985 15.5702 80.9293
7.91663 15.5789 80.8441
7.89749 15.717 80.9522
7.87634 15.7062 81.0515
1.66798 -18.453 85.5665
1.7739 -18.5915 85.4747
1.73229 -18.6809 85.6227
1.69522 -18.5031 85.7157
1.66798 -18.453 85.5665
1.7739 -18.5915 85.4747
1.73229 -18.6809 85.6227
1.69522 -18.5031 85.7157
-10.4849 12.8699 87.4727
-10.5089 12.965 87.3365
-10.6089 13.0997 87.3953
-10.5817 12.9958 87.5405
6.69509 16.51 45.1975
6.59862 16.7562 45.0644
6.62959 16.9636 45.1883
6.73432 16.6382 45.3163
4.21365 -17.9191 49.164
4.27041 -18.2876 49.1375
4.32237 -18.3826 49.3509
4.25345 -17.9819 49.3361
7.87634 15.7062 81.0515
7.89749 15.717 80.9522
7.87141 15.9051 81.0995
7.8515 15.8548 81.1881
1.69522 -18.5031 85.7157
1.73229 -18.6809 85.6227
1.70375 -18.7983 85.8313
1.69319 -18.5819 85.8871
6.73432 16.6382 45.3163
6.62959 16.9636 45.1883
6.65069 17.1051 45.2728
6.77039 16.7548 45.4251
4.25345 -17.9819 49.3361
4.32237 -18.3826 49.3509
4.35763 -18.4424 49.4989
4.29139 -18.0473 49.4943
7.8515 15.8548 81.1881
7.87141 15.9051 81.0995
7.85363 16.0335 81.2
7.82784 15.9903 81.3174
1.69319 -18.5819 85.8871
1.70375 -18.7983 85.8313
1.69705 -18.8764 85.9767
1.68559 -18.6584 86.0459
6.77039 16.7548 45.4251
6.65069 17.1051 45.2728
6.67084 17.2401 45.3534
6.80314 16.8768 45.5286
4.29139 -18.0473 49.4943
4.35763 -18.4424 49.4989
4.39128 -18.4994 49.6402
4.3299 -18.1079 49.6606
7.82784 15.9903 81.3174
7.85363 16.0335 81.2
7.83665 16.156 81.2959
7.80355 16.123 81.4494
1.68559 -18.6584 86.0459
1.69705 -18.8764 85.9767
1.69065 -18.951 86.1156
1.67792 -18.7208 86.1985
6.80314 16.8768 45.5286
6.67084 17.2401 45.3534
6.73631 17.3072 45.51
6.88517 16.8833 45.7029
4.3299 -18.1079 49.6606
4.39128 -18.4994 49.6402
4.43433 -18.5724 49.8211
4.36939 -18.1248 49.8748
7.80355 16.123 81.4494
7.83665 16.156 81.2959
7.81492 16.3128 81.4187
7.77634 16.2641 81.5963
1.67792 -18.7208 86.1985
1.69065 -18.951 86.1156
1.69269 -18.9954 86.3055
1.67781 -18.7307 86.3425
6.88517 16.8833 45.7029
6.73631 17.3072 45.51
6.8211 17.3209 45.6922
6.96579 16.9017 45.8776
4.36939 -18.1248 49.8748
4.43433 -18.5724 49.8211
4.47478 -18.6362 50.0033
4.40554 -18.1091 50.101
7.77634 16.2641 81.5963
7.81492 16.3128 81.4187
7.79336 16.4683 81.5405
7.74669 16.4061 81.7549
1.67781 -18.7307 86.3425
1.69269 -18.9954 86.3055
1.70438 -18.9913 86.5054
1.68718 -18.7103 86.5212
6.96579 16.9017 45.8776
6.8211 17.3209 45.6922
6.90485 17.3345 45.8721
7.04793 16.923 46.0563
4.40554 -18.1091 50.101
4.47478 -18.6362 50.0033
4.50493 -18.6624 50.1949
4.43078 -18.0525 50.3228
7.74669 16.4061 81.7549
7.79336 16.4683 81.5405
7.77206 16.622 81.6608
7.71386 16.5455 81.9284
1.68718 -18.7103 86.5212
1.70438 -18.9913 86.5054
1.71593 -18.9873 86.7028
1.69571 -18.6573 86.721
7.04793 16.923 46.0563
6.90485 17.3345 45.8721
6.99243 17.3486 46.0602
7.09977 16.9806 46.2221
4.43078 -18.0525 50.3228
4.50493 -18.6624 50.1949
4.53646 -18.6898 50.3953
4.44953 -18.0556 50.514
7.71386 16.5455 81.9284
7.77206 16.622 81.6608
7.75231 16.7859 81.7828
7.68281 16.6866 82.0935
1.69571 -18.6573 86.721
1.71593 -18.9873 86.7028
1.72806 -18.9773 86.909
1.70585 -18.6322 86.9176
7.09977 16.9806 46.2221
6.99243 17.3486 46.0602
7.06564 17.3604 46.2175
7.1463 17.0586 46.3665
4.44953 -18.0556 50.514
4.53646 -18.6898 50.3953
4.56282 -18.7127 50.5628
4.44536 -18.1019 50.6752
-16.2336 -8.94344 61.8231
-16.5287 -9.26877 62.06
-16.4547 -9.35718 62.1927
-16.2413 -9.02539 62.0047
9.59881 15.6759 64.0254
9.80916 15.9768 63.7181
9.85884 16.0624 63.8545
9.66145 15.7798 64.1316
7.68281 16.6866 82.0935
7.75231 16.7859 81.7828
7.7362 16.9234 81.8842
7.69533 16.7327 82.162
1.70585 -18.6322 86.9176
1.72806 -18.9773 86.909
1.73826 -18.9637 87.0811
1.71839 -18.6438 87.1013
7.1463 17.0586 46.3665
7.06564 17.3604 46.2175
7.16689 17.3768 46.435
7.19056 17.1221 46.5333
4.44536 -18.1019 50.6752
4.56282 -18.7127 50.5628
4.53507 -18.6523 50.7896
4.43482 -18.1207 50.8552
7.69533 16.7327 82.162
7.7362 16.9234 81.8842
7.76458 17.0242 82.0786
7.72277 16.7035 82.2253
1.71839 -18.6438 87.1013
1.73826 -18.9637 87.0811
1.75236 -18.9448 87.3191
1.73095 -18.6403 87.2995
7.19056 17.1221 46.5333
7.16689 17.3768 46.435
7.24655 17.3896 46.6061
7.22833 17.1691 46.6956
4.43482 -18.1207 50.8552
4.53507 -18.6523 50.7896
4.51262 -18.6039 50.9679
4.42265 -18.1267 51.0265
-16.159 -9.13187 62.1602
-16.3581 -9.4535 62.3741
-16.3309 -9.31128 62.499
-16.1201 -9.06299 62.2926
9.70217 15.8157 64.2805
9.92301 16.1203 64.0763
9.9735 16.1659 64.2508
9.74927 15.8568 64.4559
-16.1201 -9.06299 62.2926
-16.3309 -9.31128 62.499
-16.3056 -9.17956 62.6147
-16.0991 -8.93485 62.4144
9.74927 15.8568 64.4559
9.9735 16.1659 64.2508
9.98813 16.2072 64.4171
9.79016 15.8943 64.623
-16.0991 -8.93485 62.4144
-16.3056 -9.17956 62.6147
-16.286 -9.07717 62.7046
-16.0806 -8.81471 62.5317
9.79016 15.8943 64.623
9.98813 16.2072 64.4171
9.98747 16.2389 64.5482
9.78617 15.9284 64.7878
-16.0806 -8.81471 62.5317
-16.286 -9.07717 62.7046
-16.2578 -8.92996 62.8339
-16.0547 -8.70319 62.6744
9.78617 15.9284 64.7878
9.98747 16.2389 64.5482
9.98651 16.2846 64.7366
9.78196 15.9655 64.966
-16.0547 -8.70319 62.6744
-16.2578 -8.92996 62.8339
-16.2307 -8.78852 62.9581
-16.0225 -8.60804 62.8338
9.78196 15.9655 64.966
9.98651 16.2846 64.7366
9.9856 16.3285 64.9176
9.77843 16.0042 65.1456
-16.0225 -8.60804 62.8338
-16.2307 -8.78852 62.9581
-16.1956 -8.70107 63.0877
-15.9905 -8.5131 62.993
9.77843 16.0042 65.1456
9.9856 16.3285 64.9176
9.98482 16.3654 65.0701
9.77565 16.0439 65.3236
-15.9905 -8.5131 62.993
-16.1956 -8.70107 63.0877
-16.142 -8.56798 63.2856
-15.9543 -8.40682 63.1699
9.77565 16.0439 65.3236
9.98482 16.3654 65.0701
9.98291 16.4213 65.3028
9.78039 16.1024 65.5212
-15.9543 -8.40682 63.1699
-16.142 -8.56798 63.2856
-16.106 -8.4787 63.4183
-15.9178 -8.30364 63.3382
9.78039 16.1024 65.5212
9.98291 16.4213 65.3028
9.97491 16.454 65.4598
9.7456 16.1234 65.6497
-15.9178 -8.30364 63.3382
-16.106 -8.4787 63.4183
-16.0518 -8.34393 63.6187
-15.875 -8.18715 63.5232
9.7456 16.1234 65.6497
9.97491 16.454 65.4598
9.91526 16.4791 65.6879
9.66047 16.1039 65.8098
-15.875 -8.18715 63.5232
-16.0518 -8.34393 63.6187
-16.0018 -8.21978 63.8033
-15.8341 -8.07203 63.7101
9.66047 16.1039 65.8098
9.91526 16.4791 65.6879
9.82232 16.4828 65.8908
9.558 16.0824 66.0048
0.771234 10.1112 126.959
0.876708 10.3879 127.325
0.637985 10.4096 127.354
0.547092 10.1031 126.975
-1.14037 -12.4998 96.8874
-1.13244 -12.7058 96.6549
-1.35416 -12.643 96.7258
-1.34347 -12.4255 96.9713
-15.8341 -8.07203 63.7101
-16.0018 -8.21978 63.8033
-15.9473 -8.0846 64.0042
-15.8081 -7.97067 63.9036
9.558 16.0824 66.0048
9.82232 16.4828 65.8908
9.72111 16.4868 66.1119
9.48876 16.1128 66.1872
0.547092 10.1031 126.975
0.637985 10.4096 127.354
0.373462 10.4357 127.34
0.326725 10.1378 126.978
-1.34347 -12.4255 96.9713
-1.35416 -12.643 96.7258
-1.59558 -12.5746 96.803
-1.54842 -12.3765 97.0267
-15.8081 -7.97067 63.9036
-15.9473 -8.0846 64.0042
-15.8925 -7.94837 64.2068
-15.7873 -7.86506 64.1236
9.48876 16.1128 66.1872
9.72111 16.4868 66.1119
9.61912 16.4908 66.3346
9.46451 16.136 66.3809
0.326725 10.1378 126.978
0.373462 10.4357 127.34
0.106895 10.4621 127.325
0.0832625 10.2126 127.025
-1.54842 -12.3765 97.0267
-1.59558 -12.5746 96.803
-1.83886 -12.5057 96.8808
-1.78395 -12.3426 97.065
-15.7873 -7.86506 64.1236
-15.8925 -7.94837 64.2068
-15.8428 -7.8251 64.39
-15.7568 -7.76363 64.3043
9.46451 16.136 66.3809
9.61912 16.4908 66.3346
9.57987 16.4001 66.529
9.45933 16.1001 66.5632
0.0832625 10.2126 127.025
0.106895 10.4621 127.325
-0.134314 10.4859 127.311
-0.149023 10.2767 127.061
-1.78395 -12.3426 97.065
-1.83886 -12.5057 96.8808
-2.05899 -12.4433 96.9512
-2.00556 -12.305 97.1074
-15.7568 -7.76363 64.3043
-15.8428 -7.8251 64.39
-15.7991 -7.71653 64.5515
-15.7204 -7.66894 64.4502
9.45933 16.1001 66.5632
9.57987 16.4001 66.529
9.55161 16.3091 66.6995
9.45012 16.056 66.7325
-0.149023 10.2767 127.061
-0.134314 10.4859 127.311
-0.346767 10.5069 127.3
-0.359934 10.3274 127.061
-2.00556 -12.305 97.1074
-2.05899 -12.4433 96.9512
-2.25289 -12.3884 97.0132
-2.20846 -12.2666 97.1507
-16.1521 -8.25558 60.3425
-16.209 -8.3542 60.4509
-16.0938 -8.27019 60.5047
-16.0415 -8.17145 60.4039
9.00084 14.3926 62.9053
9.05687 14.5107 62.944
8.97422 14.3986 63.1374
8.9286 14.2978 63.087
7.91726 15.134 80.7861
7.90773 15.2618 80.8473
7.86726 15.1613 81.0274
7.87883 15.0493 80.9585
1.59927 -18.1111 85.289
1.62039 -18.1683 85.3963
1.62037 -18 85.4735
1.60074 -17.9581 85.3685
-16.0415 -8.17145 60.4039
-16.0938 -8.27019 60.5047
-15.9747 -8.17788 60.549
-15.9362 -8.09238 60.4484
8.9286 14.2978 63.087
8.97422 14.3986 63.1374
8.8895 14.279 63.3153
8.85268 14.1934 63.2587
7.87883 15.0493 80.9585
7.86726 15.1613 81.0274
7.82812 15.0515 81.2001
7.84297 14.955 81.1175
1.60074 -17.9581 85.3685
1.62037 -18 85.4735
1.61858 -17.8291 85.5406
1.59998 -17.8056 85.4338
-16.209 -8.3542 60.4509
-16.2705 -8.46887 60.5663
-16.1452 -8.37427 60.618
-16.0938 -8.27019 60.5047
9.05687 14.5107 62.944
9.11047 14.6282 62.9995
9.01692 14.4994 63.2102
8.97422 14.3986 63.1374
7.90773 15.2618 80.8473
7.89486 15.3919 80.9246
7.85247 15.2792 81.1124
7.86726 15.1613 81.0274
1.62039 -18.1683 85.3963
1.64301 -18.2184 85.5163
1.64193 -18.0373 85.5926
1.62037 -18 85.4735
-16.0938 -8.27019 60.5047
-16.1452 -8.37427 60.618
-16.0156 -8.27184 60.6623
-15.9747 -8.17788 60.549
8.97422 14.3986 63.1374
9.01692 14.4994 63.2102
8.93399 14.3778 63.3633
8.8895 14.279 63.3153
7.86726 15.1613 81.0274
7.85247 15.2792 81.1124
7.81083 15.1575 81.2955
7.82812 15.0515 81.2001
1.62037 -18 85.4735
1.64193 -18.0373 85.5926
1.63935 -17.8523 85.6612
1.61858 -17.8291 85.5406
7.89486 15.3919 80.9246
7.87877 15.5262 81.0177
7.8346 15.4019 81.2126
7.85247 15.2792 81.1124
1.64301 -18.2184 85.5163
1.66731 -18.2629 85.6495
1.66523 -18.0697 85.725
1.64193 -18.0373 85.5926
7.85247 15.2792 81.1124
7.8346 15.4019 81.2126
7.79103 15.2696 81.4036
7.81083 15.1575 81.2955
1.64193 -18.0373 85.5926
1.66523 -18.0697 85.725
1.66185 -17.8731 85.7939
1.63935 -17.8523 85.6612
7.87877 15.5262 81.0177
7.8593 15.6637 81.1273
7.81362 15.5273 81.3279
7.8346 15.4019 81.2126
1.66731 -18.2629 85.6495
1.68994 -18.3038 85.7964
1.67885 -18.1073 85.8707
1.66523 -18.0697 85.725
7.8346 15.4019 81.2126
7.81362 15.5273 81.3279
7.76851 15.3851 81.525
7.79103 15.2696 81.4036
1.66523 -18.0697 85.725
1.67885 -18.1073 85.8707
1.66807 -17.9082 85.9389
1.66185 -17.8731 85.7939
7.8593 15.6637 81.1273
7.83629 15.8019 81.2539
7.78935 15.6527 81.4589
7.81362 15.5273 81.3279
1.68994 -18.3038 85.7964
1.68205 -18.3739 85.9564
1.67106 -18.169 86.025
1.67885 -18.1073 85.8707
18.2843 -0.956455 59.2666
18.1551 -0.999348 59.3773
18.0427 -0.986087 59.2641
18.1845 -0.971946 59.1686
-16.1436 -8.46391 60.8062
-16.1271 -8.49727 60.9076
-15.9895 -8.39092 60.9595
-16.0114 -8.36284 60.8584
7.81362 15.5273 81.3279
7.78935 15.6527 81.4589
7.74288 15.501 81.6613
7.76851 15.3851 81.525
1.67885 -18.1073 85.8707
1.67106 -18.169 86.025
1.66039 -17.9659 86.0893
1.66807 -17.9082 85.9389
7.83629 15.8019 81.2539
7.81028 15.9322 81.3938
7.76163 15.7738 81.6058
7.78935 15.6527 81.4589
1.68205 -18.3739 85.9564
1.67424 -18.4447 86.1156
1.66304 -18.2098 86.1721
1.67106 -18.169 86.025
7.78935 15.6527 81.4589
7.76163 15.7738 81.6058
7.71383 15.6141 81.8135
7.74288 15.501 81.6613
1.67106 -18.169 86.025
1.66304 -18.2098 86.1721
1.65198 -17.9634 86.2203
1.66039 -17.9659 86.0893
7.81028 15.9322 81.3938
7.7808 16.0553 81.5493
7.73006 15.8888 81.7702
7.76163 15.7738 81.6058
1.67424 -18.4447 86.1156
1.6657 -18.4573 86.2564
1.65394 -18.1977 86.3091
1.66304 -18.2098 86.1721
7.76163 15.7738 81.6058
7.73006 15.8888 81.7702
7.68087 15.722 81.9837
7.71383 15.6141 81.8135
1.66304 -18.2098 86.1721
1.65394 -18.1977 86.3091
1.64258 -17.9424 86.3576
1.65198 -17.9634 86.2203
7.7808 16.0553 81.5493
7.74672 16.1723 81.7259
7.69393 15.9961 81.9554
7.73006 15.8888 81.7702
1.6657 -18.4573 86.2564
1.66307 -18.448 86.4011
1.64851 -18.1731 86.4544
1.65394 -18.1977 86.3091
7.73006 15.8888 81.7702
7.69393 15.9961 81.9554
7.63949 15.8119 82.1078
7.68087 15.722 81.9837
1.65394 -18.1977 86.3091
1.64851 -18.1731 86.4544
1.63415 -17.9056 86.5031
1.64258 -17.9424 86.3576
7.74672 16.1723 81.7259
7.70739 16.2788 81.9262
7.64978 16.0851 82.1168
7.69393 15.9961 81.9554
1.66307 -18.448 86.4011
1.67113 -18.4307 86.5546
1.65574 -18.1424 86.6085
1.64851 -18.1731 86.4544
7.69393 15.9961 81.9554
7.64978 16.0851 82.1168
7.59028 15.884 82.2092
7.63949 15.8119 82.1078
1.64851 -18.1731 86.4544
1.65574 -18.1424 86.6085
1.64082 -17.8662 86.6571
1.63415 -17.9056 86.5031
7.70739 16.2788 81.9262
7.65989 16.3646 82.1267
7.59494 16.1468 82.2278
7.64978 16.0851 82.1168
1.67113 -18.4307 86.5546
1.67786 -18.3711 86.7313
1.66169 -18.0838 86.7712
1.65574 -18.1424 86.6085
7.64978 16.0851 82.1168
7.59494 16.1468 82.2278
7.53429 15.9392 82.3218
7.59028 15.884 82.2092
1.65574 -18.1424 86.6085
1.66169 -18.0838 86.7712
1.64626 -17.8001 86.8195
1.64082 -17.8662 86.6571
7.65989 16.3646 82.1267
7.6142 16.4551 82.2233
7.54805 16.2297 82.326
7.59494 16.1468 82.2278
1.67786 -18.3711 86.7313
1.68655 -18.3268 86.9245
1.66917 -18.055 86.9274
1.66169 -18.0838 86.7712
7.59494 16.1468 82.2278
7.54805 16.2297 82.326
7.48574 16.0141 82.4223
7.53429 15.9392 82.3218
1.66169 -18.0838 86.7712
1.66917 -18.055 86.9274
1.65315 -17.7643 86.9732
1.64626 -17.8001 86.8195
-15.9656 -8.80787 61.9615
-15.9103 -8.81028 62.0949
-15.7385 -8.61577 62.0141
-15.7634 -8.62205 61.8823
9.51377 15.5487 64.5194
9.53782 15.5641 64.6605
9.35889 15.309 64.9016
9.33732 15.2962 64.7657
-15.7634 -8.62205 61.8823
-15.7385 -8.61577 62.0141
-15.5981 -8.46293 62.0758
-15.595 -8.48642 61.9343
9.33732 15.2962 64.7657
9.35889 15.309 64.9016
9.18471 15.06 65.1428
9.16712 15.0529 65.0027
-15.9103 -8.81028 62.0949
-15.8986 -8.6989 62.2346
-15.7577 -8.57127 62.167
-15.7385 -8.61577 62.0141
9.53782 15.5641 64.6605
9.57199 15.5885 64.8377
9.36775 15.3039 65.0525
9.35889 15.309 64.9016
-15.7385 -8.61577 62.0141
-15.7577 -8.57127 62.167
-15.6143 -8.41573 62.2288
-15.5981 -8.46293 62.0758
9.35889 15.309 64.9016
9.36775 15.3039 65.0525
9.19247 15.0539 65.2928
9.18471 15.06 65.1428
-15.8986 -8.6989 62.2346
-15.8847 -8.62054 62.4022
-15.7587 -8.50204 62.3519
-15.7577 -8.57127 62.167
9.57199 15.5885 64.8377
9.58447 15.6137 65.0139
9.38062 15.3005 65.2345
9.36775 15.3039 65.0525
-15.7577 -8.57127 62.167
-15.7587 -8.50204 62.3519
-15.6198 -8.35778 62.3842
-15.6143 -8.41573 62.2288
9.36775 15.3039 65.0525
9.38062 15.3005 65.2345
9.19348 15.0397 65.4467
9.19247 15.0539 65.2928
-15.8847 -8.62054 62.4022
-15.8709 -8.53961 62.5766
-15.7519 -8.42575 62.5345
-15.7587 -8.50204 62.3519
9.58447 15.6137 65.0139
9.57603 15.6436 65.1944
9.37006 15.3209 65.4197
9.38062 15.3005 65.2345
-15.7587 -8.50204 62.3519
-15.7519 -8.42575 62.5345
-15.6145 -8.28903 62.5421
-15.6198 -8.35778 62.3842
9.38062 15.3005 65.2345
9.37006 15.3209 65.4197
9.18259 15.0559 65.5734
9.19348 15.0397 65.4467
-15.8709 -8.53961 62.5766
-15.8545 -8.45475 62.7544
-15.7381 -8.34436 62.7103
-15.7519 -8.42575 62.5345
9.57603 15.6436 65.1944
9.57196 15.6814 65.3742
9.36735 15.374 65.5651
9.37006 15.3209 65.4197
-15.7519 -8.42575 62.5345
-15.7381 -8.34436 62.7103
-15.5984 -8.2098 62.7015
-15.6145 -8.28903 62.5421
9.37006 15.3209 65.4197
9.36735 15.374 65.5651
9.16058 15.0951 65.6783
9.18259 15.0559 65.5734
-15.8545 -8.45475 62.7544
-15.8348 -8.36533 62.9343
-15.7168 -8.25779 62.8784
-15.7381 -8.34436 62.7103
9.57196 15.6814 65.3742
9.57502 15.7356 65.5484
9.34043 15.4072 65.6738
9.36735 15.374 65.5651
1.47766 9.86893 126.539
1.29226 9.88233 126.563
1.18048 9.65329 126.263
1.37177 9.64721 126.234
-0.39622 -12.5703 96.8079
-0.586902 -12.5309 96.8523
-0.609604 -12.3436 97.0638
-0.422102 -12.3904 97.011
-15.7381 -8.34436 62.7103
-15.7168 -8.25779 62.8784
-15.5708 -8.11963 62.862
-15.5984 -8.2098 62.7015
9.36735 15.374 65.5651
9.34043 15.4072 65.6738
9.13022 15.1251 65.7869
9.16058 15.0951 65.6783
-15.8348 -8.36533 62.9343
-15.8106 -8.26886 63.1201
-15.6873 -8.16549 63.0378
-15.7168 -8.25779 62.8784
9.57502 15.7356 65.5484
9.54354 15.7648 65.6628
9.29716 15.4166 65.7899
9.34043 15.4072 65.6738
-15.7168 -8.25779 62.8784
-15.6873 -8.16549 63.0378
-15.5438 -8.03092 63.0203
-15.5708 -8.11963 62.862
9.34043 15.4072 65.6738
9.29716 15.4166 65.7899
9.10043 15.1549 65.8939
9.13022 15.1251 65.7869
-15.8106 -8.26886 63.1201
-15.7814 -8.16809 63.3029
-15.6565 -8.07317 63.1934
-15.6873 -8.16549 63.0378
9.54354 15.7648 65.6628
9.49595 15.7698 65.7833
9.25106 15.4209 65.906
9.29716 15.4166 65.7899
-15.6873 -8.16549 63.0378
-15.6565 -8.07317 63.1934
-15.5371 -7.96235 63.1746
-15.5438 -8.03092 63.0203
9.29716 15.4166 65.7899
9.25106 15.4209 65.906
9.08553 15.2001 65.9931
9.10043 15.1549 65.8939
-15.7814 -8.16809 63.3029
-15.7461 -8.06943 63.4625
-15.6422 -7.99207 63.367
-15.6565 -8.07317 63.1934
9.49595 15.7698 65.7833
9.41938 15.7471 65.9231
9.22869 15.4657 66.0138
9.25106 15.4209 65.906
-15.6565 -8.07317 63.1934
-15.6422 -7.99207 63.367
-15.527 -7.89 63.3304
-15.5371 -7.96235 63.1746
9.25106 15.4209 65.906
9.22869 15.4657 66.0138
9.08044 15.2229 66.1038
9.08553 15.2001 65.9931
-15.7461 -8.06943 63.4625
-15.7278 -7.98294 63.6388
-15.624 -7.90844 63.5364
-15.6422 -7.99207 63.367
9.41938 15.7471 65.9231
9.359 15.7826 66.0924
9.19185 15.4933 66.1754
9.22869 15.4657 66.0138
-15.6422 -7.99207 63.367
-15.624 -7.90844 63.5364
-15.5128 -7.81401 63.4862
-15.527 -7.89 63.3304
9.22869 15.4657 66.0138
9.19185 15.4933 66.1754
9.1037 15.2458 66.2557
9.08044 15.2229 66.1038
-15.7278 -7.98294 63.6388
-15.7022 -7.89268 63.8041
-15.6012 -7.82268 63.6977
-15.624 -7.90844 63.5364
9.359 15.7826 66.0924
9.31918 15.7946 66.2619
9.19974 15.4922 66.336
9.19185 15.4933 66.1754
0.475093 9.87377 126.676
0.269133 9.9035 126.69
0.208161 9.69197 126.429
0.404011 9.66684 126.4
-1.33708 -12.2607 97.1574
-1.52969 -12.214 97.2102
-1.52021 -12.0637 97.3798
-1.33468 -12.1066 97.3314
-15.624 -7.90844 63.5364
-15.6012 -7.82268 63.6977
-15.4941 -7.73416 63.6412
-15.5128 -7.81401 63.4862
9.19185 15.4933 66.1754
9.19974 15.4922 66.336
9.12551 15.2693 66.412
9.1037 15.2458 66.2557
0.404011 9.66684 126.4
0.208161 9.69197 126.429
0.158165 9.52647 126.209
0.319357 9.4877 126.162
-1.33468 -12.1066 97.3314
-1.52021 -12.0637 97.3798
-1.51697 -11.9204 97.5416
-1.33552 -11.9598 97.4971
-15.7022 -7.89268 63.8041
-15.6839 -7.80072 63.9952
-15.5844 -7.7364 63.878
-15.6012 -7.82268 63.6977
9.31918 15.7946 66.2619
9.33199 15.8038 66.4371
9.22232 15.5263 66.5036
9.19974 15.4922 66.336
0.269133 9.9035 126.69
0.0442684 9.98585 126.749
-0.00491349 9.78707 126.489
0.208161 9.69197 126.429
-1.52969 -12.214 97.2102
-1.748 -12.1869 97.2407
-1.72584 -12.039 97.4077
-1.52021 -12.0637 97.3798
-15.6012 -7.82268 63.6977
-15.5844 -7.7364 63.878
-15.4812 -7.65769 63.801
-15.4941 -7.73416 63.6412
9.19974 15.4922 66.336
9.22232 15.5263 66.5036
9.15122 15.3038 66.5711
9.12551 15.2693 66.412
0.208161 9.69197 126.429
-0.00491349 9.78707 126.489
-0.0376064 9.63566 126.279
0.158165 9.52647 126.209
-1.52021 -12.0637 97.3798
-1.72584 -12.039 97.4077
-1.71363 -11.8972 97.5679
-1.51697 -11.9204 97.5416
-15.6839 -7.80072 63.9952
-15.664 -7.70875 64.1813
-15.5726 -7.65015 64.0723
-15.5844 -7.7364 63.878
9.33199 15.8038 66.4371
9.34778 15.8202 66.6125
9.25281 15.5793 66.6749
9.22232 15.5263 66.5036
0.0442684 9.98585 126.749
-0.180417 10.0817 126.808
-0.227231 9.91368 126.571
-0.00491349 9.78707 126.489
-1.748 -12.1869 97.2407
-1.97072 -12.167 97.2632
-1.94996 -12.0321 97.4155
-1.72584 -12.039 97.4077
-15.5844 -7.7364 63.878
-15.5726 -7.65015 64.0723
-15.4829 -7.58914 63.9747
-15.4812 -7.65769 63.801
9.22232 15.5263 66.5036
9.25281 15.5793 66.6749
9.18681 15.3661 66.7373
9.15122 15.3038 66.5711
-15.664 -7.70875 64.1813
-15.6368 -7.61917 64.3403
-15.5344 -7.5669 64.2422
-15.5726 -7.65015 64.0723
9.34778 15.8202 66.6125
9.35552 15.818 66.7793
9.27434 15.6025 66.8368
9.25281 15.5793 66.6749
-15.5726 -7.65015 64.0723
-15.5344 -7.5669 64.2422
-15.4235 -7.51556 64.1667
-15.4829 -7.58914 63.9747
9.25281 15.5793 66.6749
9.27434 15.6025 66.8368
9.21396 15.4048 66.897
9.18681 15.3661 66.7373
4.47369 -16.8543 53.7607
4.48794 -16.7679 53.8508
4.46119 -16.6123 53.8179
4.46877 -16.7331 53.7936
-12.2164 10.5651 57.7992
-12.1558 10.5171 57.8965
-12.065 10.4383 57.8862
-12.12 10.4811 57.778

        </DataArray>
      </Points>
      <Cells>
        <DataArray type="Int64" Name="connectivity" format="ascii">
0 1 2 3 4 5 6 7 8 9 10 11 12 13 14 15 16 17 18 19 20 21 22 23 24 25 26 27 28 29 30 31 32 33 34 35 36 37 38 39 40 41 42 43 44 45 46 47 48 49 50 51 52 53 54 55 56 57 58 59 60 61 62 63 64 65 66 67 68 69 70 71 72 73 74 75 76 77 78 79 80 81 82 83 84 85 86 87 88 89 90 91 92 93 94 95 96 97 98 99 100 101 102 103 104 105 106 107 108 109 110 111 112 113 114 115 116 117 118 119 120 121 122 123 124 125 126 127 128 129 130 131 132 133 134 135 136 137 138 139 140 141 142 143 144 145 146 147 148 149 150 151 152 153 154 155 156 157 158 159 160 161 162 163 164 165 166 167 168 169 170 171 172 173 174 175 176 177 178 179 180 181 182 183 184 185 186 187 188 189 190 191 192 193 194 195 196 197 198 199 200 201 202 203 204 205 206 207 208 209 210 211 212 213 214 215 216 217 218 219 220 221 222 223 224 225 226 227 228 229 230 231 232 233 234 235 236 237 238 239 240 241 242 243 244 245 246 247 248 249 250 251 252 253 254 255 256 257 258 259 260 261 262 263 264 265 266 267 268 269 270 271 272 273 274 275 276 277 278 279 280 281 282 283 284 285 286 287 288 289 290 291 292 293 294 295 296 297 298 299 300 301 302 303 304 305 306 307 308 309 310 311 312 313 314 315 316 317 318 319 320 321 322 323 324 325 326 327 328 329 330 331 332 333 334 335 336 337 338 339 340 341 342 343 344 345 346 347 348 349 350 351 352 353 354 355 356 357 358 359 360 361 362 363 364 365 366 367 368 369 370 371 372 373 374 375 376 377 378 379 380 381 382 383 384 385 386 387 388 389 390 391 392 393 394 395 396 397 398 399 400 401 402 403 404 405 406 407 408 409 410 411 412 413 414 415 416 417 418 419 420 421 422 423 424 425 426 427 428 429 430 431 432 433 434 435 436 437 438 439 440 441 442 443 444 445 446 447 448 449 450 451 452 453 454 455 456 457 458 459 460 461 462 463 464 465 466 467 468 469 470 471 472 473 474 475 476 477 478 479 480 481 482 483 484 485 486 487 488 489 490 491 492 493 494 495 496 497 498 499 500 501 502 503 504 505 506 507 508 509 510 511 512 513 514 515 516 517 518 519 520 521 522 523 524 525 526 527 528 529 530 531 532 533 534 535 536 537 538 539 540 541 542 543 544 545 546 547 548 549 550 551 552 553 554 555 556 557 558 559 560 561 562 563 564 565 566 567 568 569 570 571 572 573 574 575 576 577 578 579 580 581 582 583 584 585 586 587 588 589 590 591 592 593 594 595 596 597 598 599 600 601 602 603 604 605 606 607 608 609 610 611 612 613 614 615 616 617 618 619 620 621 622 623 624 625 626 627 628 629 630 631 632 633 634 635 636 637 638 639 640 641 642 643 644 645 646 647 648 649 650 651 652 653 654 655 656 657 658 659 660 661 662 663 664 665 666 667 668 669 670 671 672 673 674 675 676 677 678 679 680 681 682 683 684 685 686 687 688 689 690 691 692 693 694 695 696 697 698 699 700 701 702 703 704 705 706 707 708 709 710 711 712 713 714 715 716 717 718 719 720 721 722 723 724 725 726 727 728 729 730 731 732 733 734 735 736 737 738 739 740 741 742 743 744 745 746 747 748 749 750 751 752 753 754 755 756 757 758 759 760 761 762 763 764 765 766 767 768 769 770 771 772 773 774 775 776 777 778 779 780 781 782 783 784 785 786 787 788 789 790 791 792 793 794 795 796 797 798 799 800 801 802 803 804 805 806 807 808 809 810 811 812 813 814 815 816 817 818 819 820 821 822 823 824 825 826 827 828 829 830 831 832 833 834 835 836 837 838 839 840 841 842 843 844 845 846 847 848 849 850 851 852 853 854 855 856 857 858 859 860 861 862 863 864 865 866 867 868 869 870 871 872 873 874 875 876 877 878 879 880 881 882 883 884 885 886 887 888 889 890 891 892 893 894 895 896 897 898 899 900 901 902 903 904 905 906 907 908 909 910 911 912 913 914 915 916 917 918 919 920 921 922 923 924 925 926 927 928 929 930 931 932 933 934 935 936 937 938 939 940 941 942 943 944 945 946 947 948 949 950 951 952 953 954 955 956 957 958 959 960 961 962 963 964 965 966 967 968 969 970 971 972 973 974 975 976 977 978 979 980 981 982 983 984 985 986 987 988 989 990 991 992 993 994 995 996 997 998 999 1000 1001 1002 1003 1004 1005 1006 1007 1008 1009 1010 1011 1012 1013 1014 1015 1016 1017 1018 1019 1020 1021 1022 1023 1024 1025 1026 1027 1028 1029 1030 1031 1032 1033 1034 1035 1036 1037 1038 1039 1040 1041 1042 1043 1044 1045 1046 1047 1048 1049 1050 1051 1052 1053 1054 1055 1056 1057 1058 1059 1060 1061 1062 1063 1064 1065 1066 1067 1068 1069 1070 1071 1072 1073 1074 1075 1076 1077 1078 1079 1080 1081 1082 1083 1084 1085 1086 1087 1088 1089 1090 1091 1092 1093 1094 1095 1096 1097 1098 1099 1100 1101 1102 1103 1104 1105 1106 1107 1108 1109 1110 1111 1112 1113 1114 1115 1116 1117 1118 1119 1120 1121 1122 1123 1124 1125 1126 1127 1128 1129 1130 1131 1132 1133 1134 1135 1136 1137 1138 1139 1140 1141 1142 1143 1144 1145 1146 1147 1148 1149 1150 1151 1152 1153 1154 1155 1156 1157 1158 1159 1160 1161 1162 1163 1164 1165 1166 1167 1168 1169 1170 1171 1172 1173 1174 1175 1176 1177 1178 1179 1180 1181 1182 1183 1184 1185 1186 1187 1188 1189 1190 1191 1192 1193 1194 1195 1196 1197 1198 1199 1200 1201 1202 1203 1204 1205 1206 1207 1208 1209 1210 1211 1212 1213 1214 1215 1216 1217 1218 1219 1220 1221 1222 1223 1224 1225 1226 1227 1228 1229 1230 1231 1232 1233 1234 1235 1236 1237 1238 1239 1240 1241 1242 1243 1244 1245 1246 1247 1248 1249 1250 1251 1252 1253 1254 1255 1256 1257 1258 1259 1260 1261 1262 1263 1264 1265 1266 1267 1268 1269 1270 1271 1272 1273 1274 1275 1276 1277 1278 1279 1280 1281 1282 1283 1284 1285 1286 1287 1288 1289 1290 1291 1292 1293 1294 1295 1296 1297 1298 1299 1300 1301 1302 1303 1304 1305 1306 1307 1308 1309 1310 1311 1312 1313 1314 1315 1316 1317 1318 1319 1320 1321 1322 1323 1324 1325 1326 1327 1328 1329 1330 1331 1332 1333 1334 1335 1336 1337 1338 1339 1340 1341 1342 1343 1344 1345 1346 1347 1348 1349 1350 1351 1352 1353 1354 1355 1356 1357 1358 1359 1360 1361 1362 1363 1364 1365 1366 1367 1368 1369 1370 1371 1372 1373 1374 1375 1376 1377 1378 1379 1380 1381 1382 1383 1384 1385 1386 1387 1388 1389 1390 1391 1392 1393 1394 1395 1396 1397 1398 1399 1400 1401 1402 1403 1404 1405 1406 1407 1408 1409 1410 1411 1412 1413 1414 1415 1416 1417 1418 1419 1420 1421 1422 1423 1424 1425 1426 1427 1428 1429 1430 1431 1432 1433 1434 1435 1436 1437 1438 1439 1440 1441 1442 1443 1444 1445 1446 1447 1448 1449 1450 1451 1452 1453 1454 1455 1456 1457 1458 1459 1460 1461 1462 1463 1464 1465 1466 1467 1468 1469 1470 1471 1472 1473 1474 1475 1476 1477 1478 1479 1480 1481 1482 1483 1484 1485 1486 1487 1488 1489 1490 1491 1492 1493 1494 1495 1496 1497 1498 1499 1500 1501 1502 1503 1504 1505 1506 1507 1508 1509 1510 1511 1512 1513 1514 1515 1516 1517 1518 1519 1520 1521 1522 1523 1524 1525 1526 1527 1528 1529 1530 1531 1532 1533 1534 1535 1536 1537 1538 1539 1540 1541 1542 1543 1544 1545 1546 1547 1548 1549 1550 1551 1552 1553 1554 1555 1556 1557 1558 1559 1560 1561 1562 1563 1564 1565 1566 1567 1568 1569 1570 1571 1572 1573 1574 1575 1576 1577 1578 1579 1580 1581 1582 1583 1584 1585 1586 1587 1588 1589 1590 1591 1592 1593 1594 1595 1596 1597 1598 1599 1600 1601 1602 1603 1604 1605 1606 1607 1608 1609 1610 1611 1612 1613 1614 1615 1616 1617 1618 1619 1620 1621 1622 1623 1624 1625 1626 1627 1628 1629 1630 1631 1632 1633 1634 1635 1636 1637 1638 1639 1640 1641 1642 1643 1644 1645 1646 1647 1648 1649 1650 1651 1652 1653 1654 1655 1656 1657 1658 1659 1660 1661 1662 1663 1664 1665 1666 1667 1668 1669 1670 1671 1672 1673 1674 1675 1676 1677 1678 1679 1680 1681 1682 1683 1684 1685 1686 1687 1688 1689 1690 1691 1692 1693 1694 1695 1696 1697 1698 1699 1700 1701 1702 1703 1704 1705 1706 1707 1708 1709 1710 1711 1712 1713 1714 1715 1716 1717 1718 1719 1720 1721 1722 1723 1724 1725 1726 1727 1728 1729 1730 1731 1732 1733 1734 1735 1736 1737 1738 1739 1740 1741 1742 1743 1744 1745 1746 1747 1748 1749 1750 1751 1752 1753 1754 1755 1756 1757 1758 1759 1760 1761 1762 1763 1764 1765 1766 1767 1768 1769 1770 1771 1772 1773 1774 1775 1776 1777 1778 1779 1780 1781 1782 1783 1784 1785 1786 1787 1788 1789 1790 1791 1792 1793 1794 1795 1796 1797 1798 1799 1800 1801 1802 1803 1804 1805 1806 1807 1808 1809 1810 1811 1812 1813 1814 1815 1816 1817 1818 1819 1820 1821 1822 1823 1824 1825 1826 1827 1828 1829 1830 1831 1832 1833 1834 1835 1836 1837 1838 1839 1840 1841 1842 1843 1844 1845 1846 1847 1848 1849 1850 1851 1852 1853 1854 1855 1856 1857 1858 1859 1860 1861 1862 1863 1864 1865 1866 1867 1868 1869 1870 1871 1872 1873 1874 1875 1876 1877 1878 1879 1880 1881 1882 1883 1884 1885 1886 1887 1888 1889 1890 1891 1892 1893 1894 1895 1896 1897 1898 1899 1900 1901 1902 1903 1904 1905 1906 1907 1908 1909 1910 1911 1912 1913 1914 1915 1916 1917 1918 1919 1920 1921 1922 1923 1924 1925 1926 1927 1928 1929 1930 1931 1932 1933 1934 1935 1936 1937 1938 1939 1940 1941 1942 1943 1944 1945 1946 1947 1948 1949 1950 1951 1952 1953 1954 1955 1956 1957 1958 1959 1960 1961 1962 1963 1964 1965 1966 1967 1968 1969 1970 1971 1972 1973 1974 1975 1976 1977 1978 1979 1980 1981 1982 1983 1984 1985 1986 1987 1988 1989 1990 1991 1992 1993 1994 1995 1996 1997 1998 1999 2000 2001 2002 2003 2004 2005 2006 2007 2008 2009 2010 2011 2012 2013 2014 2015 2016 2017 2018 2019 2020 2021 2022 2023 2024 2025 2026 2027 2028 2029 2030 2031 2032 2033 2034 2035 2036 2037 2038 2039 2040 2041 2042 2043 2044 2045 2046 2047 2048 2049 2050 2051 2052 2053 2054 2055 2056 2057 2058 2059 2060 2061 2062 2063 2064 2065 2066 2067 2068 2069 2070 2071 2072 2073 2074 2075 2076 2077 2078 2079 2080 2081 2082 2083 2084 2085 2086 2087 2088 2089 2090 2091 2092 2093 2094 2095 2096 2097 2098 2099 2100 2101 2102 2103 2104 2105 2106 2107 2108 2109 2110 2111 2112 2113 2114 2115 2116 2117 2118 2119 2120 2121 2122 2123 2124 2125 2126 2127 2128 2129 2130 2131 2132 2133 2134 2135 2136 2137 2138 2139 2140 2141 2142 2143 2144 2145 2146 2147 2148 2149 2150 2151 2152 2153 2154 2155 2156 2157 2158 2159 2160 2161 2162 2163 2164 2165 2166 2167 2168 2169 2170 2171 2172 2173 2174 2175 2176 2177 2178 2179 2180 2181 2182 2183 2184 2185 2186 2187 2188 2189 2190 2191 2192 2193 2194 2195 2196 2197 2198 2199 2200 2201 2202 2203 2204 2205 2206 2207 2208 2209 2210 2211 2212 2213 2214 2215 2216 2217 2218 2219 2220 2221 2222 2223 2224 2225 2226 2227 2228 2229 2230 2231 2232 2233 2234 2235 2236 2237 2238 2239 2240 2241 2242 2243 2244 2245 2246 2247 2248 2249 2250 2251 2252 2253 2254 2255 2256 2257 2258 2259 2260 2261 2262 2263 2264 2265 2266 2267 2268 2269 2270 2271 2272 2273 2274 2275 2276 2277 2278 2279 2280 2281 2282 2283 2284 2285 2286 2287 2288 2289 2290 2291 2292 2293 2294 2295 2296 2297 2298 2299 2300 2301 2302 2303 2304 2305 2306 2307 2308 2309 2310 2311 2312 2313 2314 2315 2316 2317 2318 2319 2320 2321 2322 2323 2324 2325 2326 2327 2328 2329 2330 2331 2332 2333 2334 2335 2336 2337 2338 2339 2340 2341 2342 2343 2344 2345 2346 2347 2348 2349 2350 2351 2352 2353 2354 2355 2356 2357 2358 2359 2360 2361 2362 2363 2364 2365 2366 2367 2368 2369 2370 2371 2372 2373 2374 2375 2376 2377 2378 2379 2380 2381 2382 2383 2384 2385 2386 2387 2388 2389 2390 2391 2392 2393 2394 2395 2396 2397 2398 2399 2400 2401 2402 2403 2404 2405 2406 2407 2408 2409 2410 2411 2412 2413 2414 2415 2416 2417 2418 2419 2420 2421 2422 2423 2424 2425 2426 2427 2428 2429 2430 2431 2432 2433 2434 2435 2436 2437 2438 2439 2440 2441 2442 2443 2444 2445 2446 2447 2448 2449 2450 2451 2452 2453 2454 2455 2456 2457 2458 2459 2460 2461 2462 2463 2464 2465 2466 2467 2468 2469 2470 2471 2472 2473 2474 2475 2476 2477 2478 2479 2480 2481 2482 2483 2484 2485 2486 2487 2488 2489 2490 2491 2492 2493 2494 2495 2496 2497 2498 2499 2500 2501 2502 2503 2504 2505 2506 2507 2508 2509 2510 2511 2512 2513 2514 2515 2516 2517 2518 2519 2520 2521 2522 2523 2524 2525 2526 2527 2528 2529 2530 2531 2532 2533 2534 2535 2536 2537 2538 2539 2540 2541 2542 2543 2544 2545 2546 2547 2548 2549 2550 2551 2552 2553 2554 2555 2556 2557 2558 2559 2560 2561 2562 2563 2564 2565 2566 2567 2568 2569 2570 2571 2572 2573 2574 2575 2576 2577 2578 2579 2580 2581 2582 2583 2584 2585 2586 2587 2588 2589 2590 2591 2592 2593 2594 2595 2596 2597 2598 2599 2600 2601 2602 2603 2604 2605 2606 2607 2608 2609 2610 2611 2612 2613 2614 2615 2616 2617 2618 2619 2620 2621 2622 2623 2624 2625 2626 2627 2628 2629 2630 2631 2632 2633 2634 2635 2636 2637 2638 2639 2640 2641 2642 2643 2644 2645 2646 2647 2648 2649 2650 2651 2652 2653 2654 2655 2656 2657 2658 2659 2660 2661 2662 2663 2664 2665 2666 2667 2668 2669 2670 2671 2672 2673 2674 2675 2676 2677 2678 2679 2680 2681 2682 2683 2684 2685 2686 2687 2688 2689 2690 2691 2692 2693 2694 2695 2696 2697 2698 2699 2700 2701 2702 2703 2704 2705 2706 2707 2708 2709 2710 2711 2712 2713 2714 2715 2716 2717 2718 2719 2720 2721 2722 2723 2724 2725 2726 2727 2728 2729 2730 2731 2732 2733 2734 2735 2736 2737 2738 2739 2740 2741 2742 2743 2744 2745 2746 2747 2748 2749 2750 2751 2752 2753 2754 2755 2756 2757 2758 2759 2760 2761 2762 2763 2764 2765 2766 2767 2768 2769 2770 2771 2772 2773 2774 2775 2776 2777 2778 2779 2780 2781 2782 2783 2784 2785 2786 2787 2788 2789 2790 2791 2792 2793 2794 2795 2796 2797 2798 2799 2800 2801 2802 2803 2804 2805 2806 2807 2808 2809 2810 2811 2812 2813 2814 2815 2816 2817 2818 2819 2820 2821 2822 2823 2824 2825 2826 2827 2828 2829 2830 2831 2832 2833 2834 2835 2836 2837 2838 2839 2840 2841 2842 2843 2844 2845 2846 2847 2848 2849 2850 2851 2852 2853 2854 2855 2856 2857 2858 2859 2860 2861 2862 2863 2864 2865 2866 2867 2868 2869 2870 2871 2872 2873 2874 2875 2876 2877 2878 2879 2880 2881 2882 2883 2884 2885 2886 2887 2888 2889 2890 2891 2892 2893 2894 2895 2896 2897 2898 2899 2900 2901 2902 2903 2904 2905 2906 2907 2908 2909 2910 2911 2912 2913 2914 2915 2916 2917 2918 2919 2920 2921 2922 2923 2924 2925 2926 2927 2928 2929 2930 2931 2932 2933 2934 2935 2936 2937 2938 2939 2940 2941 2942 2943 2944 2945 2946 2947 2948 2949 2950 2951 2952 2953 2954 2955 2956 2957 2958 2959 2960 2961 2962 2963 2964 2965 2966 2967 2968 2969 2970 2971 2972 2973 2974 2975 2976 2977 2978 2979 2980 2981 2982 2983 2984 2985 2986 2987 2988 2989 2990 2991 2992 2993 2994 2995 2996 2997 2998 2999 3000 3001 3002 3003 3004 3005 3006 3007 3008 3009 3010 3011 3012 3013 3014 3015 3016 3017 3018 3019 3020 3021 3022 3023 3024 3025 3026 3027 3028 3029 3030 3031 3032 3033 3034 3035 3036 3037 3038 3039 3040 3041 3042 3043 3044 3045 3046 3047 3048 3049 3050 3051 3052 3053 3054 3055 3056 3057 3058 3059 3060 3061 3062 3063 3064 3065 3066 3067 3068 3069 3070 3071 3072 3073 3074 3075 3076 3077 3078 3079 3080 3081 3082 3083 3084 3085 3086 3087 3088 3089 3090 3091 3092 3093 3094 3095 3096 3097 3098 3099 3100 3101 3102 3103 3104 3105 3106 3107 3108 3109 3110 3111 3112 3113 3114 3115 3116 3117 3118 3119 3120 3121 3122 3123 3124 3125 3126 3127 3128 3129 3130 3131 3132 3133 3134 3135 3136 3137 3138 3139 3140 3141 3142 3143 3144 3145 3146 3147 3148 3149 3150 3151 3152 3153 3154 3155 3156 3157 3158 3159 3160 3161 3162 3163 3164 3165 3166 3167 3168 3169 3170 3171 3172 3173 3174 3175 3176 3177 3178 3179 3180 3181 3182 3183 3184 3185 3186 3187 3188 3189 3190 3191 3192 3193 3194 3195 3196 3197 3198 3199 3200 3201 3202 3203 3204 3205 3206 3207 3208 3209 3210 3211 3212 3213 3214 3215 3216 3217 3218 3219 3220 3221 3222 3223 3224 3225 3226 3227 3228 3229 3230 3231 3232 3233 3234 3235 3236 3237 3238 3239 3240 3241 3242 3243 3244 3245 3246 3247 3248 3249 3250 3251 3252 3253 3254 3255 3256 3257 3258 3259 3260 3261 3262 3263 3264 3265 3266 3267 3268 3269 3270 3271 3272 3273 3274 3275 3276 3277 3278 3279 3280 3281 3282 3283 3284 3285 3286 3287 3288 3289 3290 3291 3292 3293 3294 3295 3296 3297 3298 3299 3300 3301 3302 3303 3304 3305 3306 3307 3308 3309 3310 3311 3312 3313 3314 3315 3316 3317 3318 3319 3320 3321 3322 3323 3324 3325 3326 3327 3328 3329 3330 3331 3332 3333 3334 3335 3336 3337 3338 3339 3340 3341 3342 3343 3344 3345 3346 3347 3348 3349 3350 3351 3352 3353 3354 3355 3356 3357 3358 3359 3360 3361 3362 3363 3364 3365 3366 3367 3368 3369 3370 3371 3372 3373 3374 3375 3376 3377 3378 3379 3380 3381 3382 3383 3384 3385 3386 3387 3388 3389 3390 3391 3392 3393 3394 3395 3396 3397 3398 3399 3400 3401 3402 3403 3404 3405 3406 3407 3408 3409 3410 3411 3412 3413 3414 3415 3416 3417 3418 3419 3420 3421 3422 3423 3424 3425 3426 3427 3428 3429 3430 3431 3432 3433 3434 3435 3436 3437 3438 3439 3440 3441 3442 3443 3444 3445 3446 3447 3448 3449 3450 3451 3452 3453 3454 3455 3456 3457 3458 3459 3460 3461 3462 3463 3464 3465 3466 3467 3468 3469 3470 3471 3472 3473 3474 3475 3476 3477 3478 3479 3480 3481 3482 3483 3484 3485 3486 3487 3488 3489 3490 3491 3492 3493 3494 3495 3496 3497 3498 3499 3500 3501 3502 3503 3504 3505 3506 3507 3508 3509 3510 3511 3512 3513 3514 3515 3516 3517 3518 3519 3520 3521 3522 3523 3524 3525 3526 3527 3528 3529 3530 3531 3532 3533 3534 3535 3536 3537 3538 3539 3540 3541 3542 3543 3544 3545 3546 3547 3548 3549 3550 3551 3552 3553 3554 3555 3556 3557 3558 3559 3560 3561 3562 3563 3564 3565 3566 3567 3568 3569 3570 3571 3572 3573 3574 3575 3576 3577 3578 3579 3580 3581 3582 3583 3584 3585 3586 3587 3588 3589 3590 3591 3592 3593 3594 3595 3596 3597 3598 3599 3600 3601 3602 3603 3604 3605 3606 3607 3608 3609 3610 3611 3612 3613 3614 3615 3616 3617 3618 3619 3620 3621 3622 3623 3624 3625 3626 3627 3628 3629 3630 3631 3632 3633 3634 3635 3636 3637 3638 3639 3640 3641 3642 3643 3644 3645 3646 3647 3648 3649 3650 3651 3652 3653 3654 3655 3656 3657 3658 3659 3660 3661 3662 3663 3664 3665 3666 3667 3668 3669 3670 3671 3672 3673 3674 3675 3676 3677 3678 3679 3680 3681 3682 3683 3684 3685 3686 3687 3688 3689 3690 3691 3692 3693 3694 3695 3696 3697 3698 3699 3700 3701 3702 3703 3704 3705 3706 3707 3708 3709 3710 3711 3712 3713 3714 3715 3716 3717 3718 3719 3720 3721 3722 3723 3724 3725 3726 3727 3728 3729 3730 3731 3732 3733 3734 3735 3736 3737 3738 3739 3740 3741 3742 3743 3744 3745 3746 3747 3748 3749 3750 3751 3752 3753 3754 3755 3756 3757 3758 3759 3760 3761 3762 3763 3764 3765 3766 3767 3768 3769 3770 3771 3772 3773 3774 3775 3776 3777 3778 3779 3780 3781 3782 3783 3784 3785 3786 3787 3788 3789 3790 3791 3792 3793 3794 3795 3796 3797 3798 3799 3800 3801 3802 3803 3804 3805 3806 3807 3808 3809 3810 3811 3812 3813 3814 3815 3816 3817 3818 3819 3820 3821 3822 3823 3824 3825 3826 3827 3828 3829 3830 3831 3832 3833 3834 3835 3836 3837 3838 3839 3840 3841 3842 3843 3844 3845 3846 3847 3848 3849 3850 3851 3852 3853 3854 3855 3856 3857 3858 3859 3860 3861 3862 3863 3864 3865 3866 3867 3868 3869 3870 3871 3872 3873 3874 3875 3876 3877 3878 3879 3880 3881 3882 3883 3884 3885 3886 3887 3888 3889 3890 3891 3892 3893 3894 3895 3896 3897 3898 3899 3900 3901 3902 3903 3904 3905 3906 3907 3908 3909 3910 3911 3912 3913 3914 3915 3916 3917 3918 3919 3920 3921 3922 3923 3924 3925 3926 3927 3928 3929 3930 3931 3932 3933 3934 3935 3936 3937 3938 3939 3940 3941 3942 3943 3944 3945 3946 3947 3948 3949 3950 3951 3952 3953 3954 3955 3956 3957 3958 3959 3960 3961 3962 3963 3964 3965 3966 3967 3968 3969 3970 3971 3972 3973 3974 3975 3976 3977 3978 3979 3980 3981 3982 3983 3984 3985 3986 3987 3988 3989 3990 3991 3992 3993 3994 3995 3996 3997 3998 3999 4000 4001 4002 4003 4004 4005 4006 4007 4008 4009 4010 4011 4012 4013 4014 4015 4016 4017 4018 4019 4020 4021 4022 4023 4024 4025 4026 4027 4028 4029 4030 4031 4032 4033 4034 4035 4036 4037 4038 4039 4040 4041 4042 4043 4044 4045 4046 4047 4048 4049 4050 4051 4052 4053 4054 4055 4056 4057 4058 4059 4060 4061 4062 4063 4064 4065 4066 4067 4068 4069 4070 4071 4072 4073 4074 4075 4076 4077 4078 4079 4080 4081 4082 4083 4084 4085 4086 4087 4088 4089 4090 4091 4092 4093 4094 4095 4096 4097 4098 4099 4100 4101 4102 4103 4104 4105 4106 4107 4108 4109 4110 4111 4112 4113 4114 4115 4116 4117 4118 4119 4120 4121 4122 4123 4124 4125 4126 4127 4128 4129 4130 4131 4132 4133 4134 4135 4136 4137 4138 4139 4140 4141 4142 4143 4144 4145 4146 4147 4148 4149 4150 4151 4152 4153 4154 4155 4156 4157 4158 4159 4160 4161 4162 4163 4164 4165 4166 4167 4168 4169 4170 4171 4172 4173 4174 4175 4176 4177 4178 4179 4180 4181 4182 4183 4184 4185 4186 4187 4188 4189 4190 4191 4192 4193 4194 4195 4196 4197 4198 4199 4200 4201 4202 4203 4204 4205 4206 4207 4208 4209 4210 4211 4212 4213 4214 4215 4216 4217 4218 4219 4220 4221 4222 4223 4224 4225 4226 4227 4228 4229 4230 4231 4232 4233 4234 4235 4236 4237 4238 4239 4240 4241 4242 4243 4244 4245 4246 4247 4248 4249 4250 4251 4252 4253 4254 4255 4256 4257 4258 4259 4260 4261 4262 4263 4264 4265 4266 4267 4268 4269 4270 4271 4272 4273 4274 4275 4276 4277 4278 4279 4280 4281 4282 4283 4284 4285 4286 4287 4288 4289 4290 4291 4292 4293 4294 4295 4296 4297 4298 4299 4300 4301 4302 4303 4304 4305 4306 4307 4308 4309 4310 4311 4312 4313 4314 4315 4316 4317 4318 4319 4320 4321 4322 4323 4324 4325 4326 4327 4328 4329 4330 4331 4332 4333 4334 4335 4336 4337 4338 4339 4340 4341 4342 4343 4344 4345 4346 4347 4348 4349 4350 4351 4352 4353 4354 4355 4356 4357 4358 4359 4360 4361 4362 4363 4364 4365 4366 4367 4368 4369 4370 4371 4372 4373 4374 4375 4376 4377 4378 4379 4380 4381 4382 4383 4384 4385 4386 4387 4388 4389 4390 4391 4392 4393 4394 4395 4396 4397 4398 4399 4400 4401 4402 4403 4404 4405 4406 4407 4408 4409 4410 4411 4412 4413 4414 4415 4416 4417 4418 4419 4420 4421 4422 4423 4424 4425 4426 4427 4428 4429 4430 4431 4432 4433 4434 4435 4436 4437 4438 4439 4440 4441 4442 4443 4444 4445 4446 4447 4448 4449 4450 4451 4452 4453 4454 4455 4456 4457 4458 4459 4460 4461 4462 4463 4464 4465 4466 4467 4468 4469 4470 4471 4472 4473 4474 4475 4476 4477 4478 4479 4480 4481 4482 4483 4484 4485 4486 4487 4488 4489 4490 4491 4492 4493 4494 4495 4496 4497 4498 4499 4500 4501 4502 4503 4504 4505 4506 4507 4508 4509 4510 4511 4512 4513 4514 4515 4516 4517 4518 4519 4520 4521 4522 4523 4524 4525 4526 4527 4528 4529 4530 4531 4532 4533 4534 4535 4536 4537 4538 4539 4540 4541 4542 4543 4544 4545 4546 4547 4548 4549 4550 4551 4552 4553 4554 4555 4556 4557 4558 4559 4560 4561 4562 4563 4564 4565 4566 4567 4568 4569 4570 4571 4572 4573 4574 4575 4576 4577 4578 4579 4580 4581 4582 4583 4584 4585 4586 4587 4588 4589 4590 4591 4592 4593 4594 4595 4596 4597 4598 4599 4600 4601 4602 4603 4604 4605 4606 4607 4608 4609 4610 4611 4612 4613 4614 4615 4616 4617 4618 4619 4620 4621 4622 4623 4624 4625 4626 4627 4628 4629 4630 4631 4632 4633 4634 4635 4636 4637 4638 4639 4640 4641 4642 4643 4644 4645 4646 4647 4648 4649 4650 4651 4652 4653 4654 4655 4656 4657 4658 4659 4660 4661 4662 4663 4664 4665 4666 4667 4668 4669 4670 4671 4672 4673 4674 4675 4676 4677 4678 4679 4680 4681 4682 4683 4684 4685 4686 4687 4688 4689 4690 4691 4692 4693 4694 4695 4696 4697 4698 4699 4700 4701 4702 4703 4704 4705 4706 4707 4708 4709 4710 4711 4712 4713 4714 4715 4716 4717 4718 4719 4720 4721 4722 4723 4724 4725 4726 4727 4728 4729 4730 4731 4732 4733 4734 4735 4736 4737 4738 4739 4740 4741 4742 4743 4744 4745 4746 4747 4748 4749 4750 4751 4752 4753 4754 4755 4756 4757 4758 4759 4760 4761 4762 4763 4764 4765 4766 4767 4768 4769 4770 4771 4772 4773 4774 4775 4776 4777 4778 4779 4780 4781 4782 4783 4784 4785 4786 4787 4788 4789 4790 4791 4792 4793 4794 4795 4796 4797 4798 4799 4800 4801 4802 4803 4804 4805 4806 4807 4808 4809 4810 4811 4812 4813 4814 4815 4816 4817 4818 4819 4820 4821 4822 4823 4824 4825 4826 4827 4828 4829 4830 4831 4832 4833 4834 4835 4836 4837 4838 4839 4840 4841 4842 4843 4844 4845 4846 4847 4848 4849 4850 4851 4852 4853 4854 4855 4856 4857 4858 4859 4860 4861 4862 4863 4864 4865 4866 4867 4868 4869 4870 4871 4872 4873 4874 4875 4876 4877 4878 4879 4880 4881 4882 4883 4884 4885 4886 4887 4888 4889 4890 4891 4892 4893 4894 4895 4896 4897 4898 4899 4900 4901 4902 4903 4904 4905 4906 4907 4908 4909 4910 4911 4912 4913 4914 4915 4916 4917 4918 4919 4920 4921 4922 4923 4924 4925 4926 4927 4928 4929 4930 4931 4932 4933 4934 4935 4936 4937 4938 4939 4940 4941 4942 4943 4944 4945 4946 4947 4948 4949 4950 4951 4952 4953 4954 4955 4956 4957 4958 4959 4960 4961 4962 4963 4964 4965 4966 4967 4968 4969 4970 4971 4972 4973 4974 4975 4976 4977 4978 4979 4980 4981 4982 4983 4984 4985 4986 4987 4988 4989 4990 4991 4992 4993 4994 4995 4996 4997 4998 4999 5000 5001 5002 5003 5004 5005 5006 5007 5008 5009 5010 5011 5012 5013 5014 5015 5016 5017 5018 5019 5020 5021 5022 5023 5024 5025 5026 5027 5028 5029 5030 5031 5032 5033 5034 5035 5036 5037 5038 5039 5040 5041 5042 5043 5044 5045 5046 5047 5048 5049 5050 5051 5052 5053 5054 5055 5056 5057 5058 5059 5060 5061 5062 5063 5064 5065 5066 5067 5068 5069 5070 5071 5072 5073 5074 5075 5076 5077 5078 5079 5080 5081 5082 5083 5084 5085 5086 5087 5088 5089 5090 5091 5092 5093 5094 5095 5096 5097 5098 5099 5100 5101 5102 5103 5104 5105 5106 5107 5108 5109 5110 5111 5112 5113 5114 5115 5116 5117 5118 5119 5120 5121 5122 5123 5124 5125 5126 5127 5128 5129 5130 5131 5132 5133 5134 5135 5136 5137 5138 5139 5140 5141 5142 5143 5144 5145 5146 5147 5148 5149 5150 5151 5152 5153 5154 5155 5156 5157 5158 5159 5160 5161 5162 5163 5164 5165 5166 5167 5168 5169 5170 5171 5172 5173 5174 5175 5176 5177 5178 5179 5180 5181 5182 5183 5184 5185 5186 5187 5188 5189 5190 5191 5192 5193 5194 5195 5196 5197 5198 5199 5200 5201 5202 5203 5204 5205 5206 5207 5208 5209 5210 5211 5212 5213 5214 5215 5216 5217 5218 5219 5220 5221 5222 5223 5224 5225 5226 5227 5228 5229 5230 5231 5232 5233 5234 5235 5236 5237 5238 5239 5240 5241 5242 5243 5244 5245 5246 5247 5248 5249 5250 5251 5252 5253 5254 5255 5256 5257 5258 5259 5260 5261 5262 5263 5264 5265 5266 5267 5268 5269 5270 5271 5272 5273 5274 5275 5276 5277 5278 5279 5280 5281 5282 5283 5284 5285 5286 5287 5288 5289 5290 5291 5292 5293 5294 5295 5296 5297 5298 5299 5300 5301 5302 5303 5304 5305 5306 5307 5308 5309 5310 5311 5312 5313 5314 5315 5316 5317 5318 5319 5320 5321 5322 5323 5324 5325 5326 5327 5328 5329 5330 5331 5332 5333 5334 5335 5336 5337 5338 5339 5340 5341 5342 5343 5344 5345 5346 5347 5348 5349 5350 5351 5352 5353 5354 5355 5356 5357 5358 5359 5360 5361 5362 5363 5364 5365 5366 5367 5368 5369 5370 5371 5372 5373 5374 5375 5376 5377 5378 5379 5380 5381 5382 5383 5384 5385 5386 5387 5388 5389 5390 5391 5392 5393 5394 5395 5396 5397 5398 5399 5400 5401 5402 5403 5404 5405 5406 5407 5408 5409 5410 5411 5412 5413 5414 5415 5416 5417 5418 5419 5420 5421 5422 5423 5424 5425 5426 5427 5428 5429 5430 5431 5432 5433 5434 5435 5436 5437 5438 5439 5440 5441 5442 5443 5444 5445 5446 5447 5448 5449 5450 5451 5452 5453 5454 5455 5456 5457 5458 5459 5460 5461 5462 5463 5464 5465 5466 5467 5468 5469 5470 5471 5472 5473 5474 5475 5476 5477 5478 5479 5480 5481 5482 5483 5484 5485 5486 5487 5488 5489 5490 5491 5492 5493 5494 5495 5496 5497 5498 5499 5500 5501 5502 5503 5504 5505 5506 5507 5508 5509 5510 5511 5512 5513 5514 5515 5516 5517 5518 5519 5520 5521 5522 5523 5524 5525 5526 5527 5528 5529 5530 5531 5532 5533 5534 5535 5536 5537 5538 5539 5540 5541 5542 5543 5544 5545 5546 5547 5548 5549 5550 5551 5552 5553 5554 5555 5556 5557 5558 5559 5560 5561 5562 5563 5564 5565 5566 5567 5568 5569 5570 5571 5572 5573 5574 5575 5576 5577 5578 5579 5580 5581 5582 5583 5584 5585 5586 5587 5588 5589 5590 5591 5592 5593 5594 5595 5596 5597 5598 5599 5600 5601 5602 5603 5604 5605 5606 5607 5608 5609 5610 5611 5612 5613 5614 5615 5616 5617 5618 5619 5620 5621 5622 5623 5624 5625 5626 5627 5628 5629 5630 5631 5632 5633 5634 5635 5636 5637 5638 5639 5640 5641 5642 5643 5644 5645 5646 5647 5648 5649 5650 5651 5652 5653 5654 5655 5656 5657 5658 5659 5660 5661 5662 5663 5664 5665 5666 5667 5668 5669 5670 5671 5672 5673 5674 5675 5676 5677 5678 5679 5680 5681 5682 5683 5684 5685 5686 5687 5688 5689 5690 5691 5692 5693 5694 5695 5696 5697 5698 5699 5700 5701 5702 5703 5704 5705 5706 5707 5708 5709 5710 5711 5712 5713 5714 5715 5716 5717 5718 5719 5720 5721 5722 5723 5724 5725 5726 5727 5728 5729 5730 5731 5732 5733 5734 5735 5736 5737 5738 5739 5740 5741 5742 5743 5744 5745 5746 5747 5748 5749 5750 5751 5752 5753 5754 5755 5756 5757 5758 5759 5760 5761 5762 5763 5764 5765 5766 5767 5768 5769 5770 5771 5772 5773 5774 5775 5776 5777 5778 5779 5780 5781 5782 5783 5784 5785 5786 5787 5788 5789 5790 5791 5792 5793 5794 5795 5796 5797 5798 5799 5800 5801 5802 5803 5804 5805 5806 5807 5808 5809 5810 5811 5812 5813 5814 5815 5816 5817 5818 5819 5820 5821 5822 5823 5824 5825 5826 5827 5828 5829 5830 5831 5832 5833 5834 5835 5836 5837 5838 5839 5840 5841 5842 5843 5844 5845 5846 5847 5848 5849 5850 5851 5852 5853 5854 5855 5856 5857 5858 5859 5860 5861 5862 5863 5864 5865 5866 5867 5868 5869 5870 5871 5872 5873 5874 5875 5876 5877 5878 5879 5880 5881 5882 5883 5884 5885 5886 5887 5888 5889 5890 5891 5892 5893 5894 5895 5896 5897 5898 5899 5900 5901 5902 5903 5904 5905 5906 5907 5908 5909 5910 5911 5912 5913 5914 5915 5916 5917 5918 5919 5920 5921 5922 5923 5924 5925 5926 5927 5928 5929 5930 5931 5932 5933 5934 5935 5936 5937 5938 5939 5940 5941 5942 5943 5944 5945 5946 5947 5948 5949 5950 5951 5952 5953 5954 5955 5956 5957 5958 5959 5960 5961 5962 5963 5964 5965 5966 5967 5968 5969 5970 5971 5972 5973 5974 5975 5976 5977 5978 5979 5980 5981 5982 5983 5984 5985 5986 5987 5988 5989 5990 5991 5992 5993 5994 5995 5996 5997 5998 5999 6000 6001 6002 6003 6004 6005 6006 6007 6008 6009 6010 6011 6012 6013 6014 6015 6016 6017 6018 6019 6020 6021 6022 6023 6024 6025 6026 6027 6028 6029 6030 6031 6032 6033 6034 6035 6036 6037 6038 6039 6040 6041 6042 6043 6044 6045 6046 6047 6048 6049 6050 6051 6052 6053 6054 6055 6056 6057 6058 6059 6060 6061 6062 6063 6064 6065 6066 6067 6068 6069 6070 6071 6072 6073 6074 6075 6076 6077 6078 6079 6080 6081 6082 6083 6084 6085 6086 6087 6088 6089 6090 6091 6092 6093 6094 6095 6096 6097 6098 6099 6100 6101 6102 6103 6104 6105 6106 6107 6108 6109 6110 6111 6112 6113 6114 6115 6116 6117 6118 6119 6120 6121 6122 6123 6124 6125 6126 6127 6128 6129 6130 6131 6132 6133 6134 6135 6136 6137 6138 6139 6140 6141 6142 6143 6144 6145 6146 6147 6148 6149 6150 6151 6152 6153 6154 6155 6156 6157 6158 6159 6160 6161 6162 6163 6164 6165 6166 6167 6168 6169 6170 6171 6172 6173 6174 6175 6176 6177 6178 6179 6180 6181 6182 6183 6184 6185 6186 6187 6188 6189 6190 6191 6192 6193 6194 6195 6196 6197 6198 6199 6200 6201 6202 6203 6204 6205 6206 6207 6208 6209 6210 6211 6212 6213 6214 6215 6216 6217 6218 6219 6220 6221 6222 6223 6224 6225 6226 6227 6228 6229 6230 6231 6232 6233 6234 6235 6236 6237 6238 6239 6240 6241 6242 6243 6244 6245 6246 6247 6248 6249 6250 6251 6252 6253 6254 6255 6256 6257 6258 6259 6260 6261 6262 6263 6264 6265 6266 6267 6268 6269 6270 6271 6272 6273 6274 6275 6276 6277 6278 6279 6280 6281 6282 6283 6284 6285 6286 6287 6288 6289 6290 6291 6292 6293 6294 6295 6296 6297 6298 6299 6300 6301 6302 6303 6304 6305 6306 6307 6308 6309 6310 6311 6312 6313 6314 6315 6316 6317 6318 6319 6320 6321 6322 6323 6324 6325 6326 6327 6328 6329 6330 6331 6332 6333 6334 6335 6336 6337 6338 6339 6340 6341 6342 6343 6344 6345 6346 6347 6348 6349 6350 6351 6352 6353 6354 6355 6356 6357 6358 6359 6360 6361 6362 6363 6364 6365 6366 6367 6368 6369 6370 6371 6372 6373 6374 6375 6376 6377 6378 6379 6380 6381 6382 6383 6384 6385 6386 6387 6388 6389 6390 6391 6392 6393 6394 6395 6396 6397 6398 6399 6400 6401 6402 6403 6404 6405 6406 6407 6408 6409 6410 6411 6412 6413 6414 6415 6416 6417 6418 6419 6420 6421 6422 6423 6424 6425 6426 6427 6428 6429 6430 6431 6432 6433 6434 6435 6436 6437 6438 6439 6440 6441 6442 6443 6444 6445 6446 6447 6448 6449 6450 6451 6452 6453 6454 6455 6456 6457 6458 6459 6460 6461 6462 6463 6464 6465 6466 6467 6468 6469 6470 6471 6472 6473 6474 6475 6476 6477 6478 6479 6480 6481 6482 6483 6484 6485 6486 6487 6488 6489 6490 6491 6492 6493 6494 6495 6496 6497 6498 6499 6500 6501 6502 6503 6504 6505 6506 6507 6508 6509 6510 6511 6512 6513 6514 6515 6516 6517 6518 6519 6520 6521 6522 6523 6524 6525 6526 6527 6528 6529 6530 6531 6532 6533 6534 6535 6536 6537 6538 6539 6540 6541 6542 6543 6544 6545 6546 6547 6548 6549 6550 6551 6552 6553 6554 6555 6556 6557 6558 6559 6560 6561 6562 6563 6564 6565 6566 6567 6568 6569 6570 6571 6572 6573 6574 6575 6576 6577 6578 6579 6580 6581 6582 6583 6584 6585 6586 6587 6588 6589 6590 6591 6592 6593 6594 6595 6596 6597 6598 6599 6600 6601 6602 6603 6604 6605 6606 6607 6608 6609 6610 6611 6612 6613 6614 6615 6616 6617 6618 6619 6620 6621 6622 6623 6624 6625 6626 6627 6628 6629 6630 6631 6632 6633 6634 6635 6636 6637 6638 6639 6640 6641 6642 6643 6644 6645 6646 6647 6648 6649 6650 6651 6652 6653 6654 6655 6656 6657 6658 6659 6660 6661 6662 6663 6664 6665 6666 6667 6668 6669 6670 6671 6672 6673 6674 6675 6676 6677 6678 6679 6680 6681 6682 6683 6684 6685 6686 6687 6688 6689 6690 6691 6692 6693 6694 6695 6696 6697 6698 6699 6700 6701 6702 6703 6704 6705 6706 6707 6708 6709 6710 6711 6712 6713 6714 6715 6716 6717 6718 6719 6720 6721 6722 6723 6724 6725 6726 6727 6728 6729 6730 6731 6732 6733 6734 6735 6736 6737 6738 6739 6740 6741 6742 6743 6744 6745 6746 6747 6748 6749 6750 6751 6752 6753 6754 6755 6756 6757 6758 6759 6760 6761 6762 6763 6764 6765 6766 6767 6768 6769 6770 6771 6772 6773 6774 6775 6776 6777 6778 6779 6780 6781 6782 6783 6784 6785 6786 6787 6788 6789 6790 6791 6792 6793 6794 6795 6796 6797 6798 6799 6800 6801 6802 6803 6804 6805 6806 6807 6808 6809 6810 6811 6812 6813 6814 6815 6816 6817 6818 6819 6820 6821 6822 6823 6824 6825 6826 6827 6828 6829 6830 6831 6832 6833 6834 6835 6836 6837 6838 6839 6840 6841 6842 6843 6844 6845 6846 6847 6848 6849 6850 6851 6852 6853 6854 6855 6856 6857 6858 6859 6860 6861 6862 6863 6864 6865 6866 6867 6868 6869 6870 6871 6872 6873 6874 6875 6876 6877 6878 6879 6880 6881 6882 6883 6884 6885 6886 6887 6888 6889 6890 6891 6892 6893 6894 6895 6896 6897 6898 6899 6900 6901 6902 6903 6904 6905 6906 6907 6908 6909 6910 6911 6912 6913 6914 6915 6916 6917 6918 6919 6920 6921 6922 6923 6924 6925 6926 6927 6928 6929 6930 6931 6932 6933 6934 6935 6936 6937 6938 6939 6940 6941 6942 6943 6944 6945 6946 6947 6948 6949 6950 6951 6952 6953 6954 6955 6956 6957 6958 6959 6960 6961 6962 6963 6964 6965 6966 6967 6968 6969 6970 6971 6972 6973 6974 6975 6976 6977 6978 6979 6980 6981 6982 6983 6984 6985 6986 6987 6988 6989 6990 6991 6992 6993 6994 6995 6996 6997 6998 6999 7000 7001 7002 7003 7004 7005 7006 7007 7008 7009 7010 7011 7012 7013 7014 7015 7016 7017 7018 7019 7020 7021 7022 7023 7024 7025 7026 7027 7028 7029 7030 7031 7032 7033 7034 7035 7036 7037 7038 7039 7040 7041 7042 7043 7044 7045 7046 7047 7048 7049 7050 7051 7052 7053 7054 7055 7056 7057 7058 7059 7060 7061 7062 7063 7064 7065 7066 7067 7068 7069 7070 7071 7072 7073 7074 7075 7076 7077 7078 7079 7080 7081 7082 7083 7084 7085 7086 7087 7088 7089 7090 7091 7092 7093 7094 7095 7096 7097 7098 7099 7100 7101 7102 7103 7104 7105 7106 7107 7108 7109 7110 7111 7112 7113 7114 7115 7116 7117 7118 7119 7120 7121 7122 7123 7124 7125 7126 7127 7128 7129 7130 7131 7132 7133 7134 7135 7136 7137 7138 7139 7140 7141 7142 7143 7144 7145 7146 7147 7148 7149 7150 7151 7152 7153 7154 7155 7156 7157 7158 7159 7160 7161 7162 7163 7164 7165 7166 7167 7168 7169 7170 7171 7172 7173 7174 7175 7176 7177 7178 7179 7180 7181 7182 7183 7184 7185 7186 7187 7188 7189 7190 7191 7192 7193 7194 7195 7196 7197 7198 7199 7200 7201 7202 7203 7204 7205 7206 7207 7208 7209 7210 7211 7212 7213 7214 7215 7216 7217 7218 7219 7220 7221 7222 7223 7224 7225 7226 7227 7228 7229 7230 7231 7232 7233 7234 7235 7236 7237 7238 7239 7240 7241 7242 7243 7244 7245 7246 7247 7248 7249 7250 7251 7252 7253 7254 7255 7256 7257 7258 7259 7260 7261 7262 7263 7264 7265 7266 7267 7268 7269 7270 7271 7272 7273 7274 7275 7276 7277 7278 7279 7280 7281 7282 7283 7284 7285 7286 7287 7288 7289 7290 7291 7292 7293 7294 7295 7296 7297 7298 7299 7300 7301 7302 7303 7304 7305 7306 7307 7308 7309 7310 7311 7312 7313 7314 7315 7316 7317 7318 7319 7320 7321 7322 7323 7324 7325 7326 7327 7328 7329 7330 7331 7332 7333 7334 7335 7336 7337 7338 7339 7340 7341 7342 7343 7344 7345 7346 7347 7348 7349 7350 7351 7352 7353 7354 7355 7356 7357 7358 7359 7360 7361 7362 7363 7364 7365 7366 7367 7368 7369 7370 7371 7372 7373 7374 7375 7376 7377 7378 7379 7380 7381 7382 7383 7384 7385 7386 7387 7388 7389 7390 7391 7392 7393 7394 7395 7396 7397 7398 7399 7400 7401 7402 7403 7404 7405 7406 7407 7408 7409 7410 7411 7412 7413 7414 7415 7416 7417 7418 7419 7420 7421 7422 7423 7424 7425 7426 7427 7428 7429 7430 7431 7432 7433 7434 7435 7436 7437 7438 7439 7440 7441 7442 7443 7444 7445 7446 7447 7448 7449 7450 7451 7452 7453 7454 7455 7456 7457 7458 7459 7460 7461 7462 7463 7464 7465 7466 7467 7468 7469 7470 7471 7472 7473 7474 7475 7476 7477 7478 7479 7480 7481 7482 7483 7484 7485 7486 7487 7488 7489 7490 7491 7492 7493 7494 7495 7496 7497 7498 7499 7500 7501 7502 7503 7504 7505 7506 7507 7508 7509 7510 7511 7512 7513 7514 7515 7516 7517 7518 7519 7520 7521 7522 7523 7524 7525 7526 7527 7528 7529 7530 7531 7532 7533 7534 7535 7536 7537 7538 7539 7540 7541 7542 7543 7544 7545 7546 7547 7548 7549 7550 7551 7552 7553 7554 7555 7556 7557 7558 7559 7560 7561 7562 7563 7564 7565 7566 7567 7568 7569 7570 7571 7572 7573 7574 7575 7576 7577 7578 7579 7580 7581 7582 7583 7584 7585 7586 7587 7588 7589 7590 7591 7592 7593 7594 7595 7596 7597 7598 7599 7600 7601 7602 7603 7604 7605 7606 7607 7608 7609 7610 7611 7612 7613 7614 7615 7616 7617 7618 7619 7620 7621 7622 7623 7624 7625 7626 7627 7628 7629 7630 7631 7632 7633 7634 7635 7636 7637 7638 7639 7640 7641 7642 7643 7644 7645 7646 7647 7648 7649 7650 7651 7652 7653 7654 7655 7656 7657 7658 7659 7660 7661 7662 7663 7664 7665 7666 7667 7668 7669 7670 7671 7672 7673 7674 7675 7676 7677 7678 7679 7680 7681 7682 7683 7684 7685 7686 7687 7688 7689 7690 7691 7692 7693 7694 7695 7696 7697 7698 7699 7700 7701 7702 7703 7704 7705 7706 7707 7708 7709 7710 7711 7712 7713 7714 7715 7716 7717 7718 7719 7720 7721 7722 7723 7724 7725 7726 7727 7728 7729 7730 7731 7732 7733 7734 7735 7736 7737 7738 7739 7740 7741 7742 7743 7744 7745 7746 7747 7748 7749 7750 7751 7752 7753 7754 7755 7756 7757 7758 7759 7760 7761 7762 7763 7764 7765 7766 7767 7768 7769 7770 7771 7772 7773 7774 7775 7776 7777 7778 7779 7780 7781 7782 7783 7784 7785 7786 7787 7788 7789 7790 7791 7792 7793 7794 7795 7796 7797 7798 7799 7800 7801 7802 7803 7804 7805 7806 7807 7808 7809 7810 7811 7812 7813 7814 7815 7816 7817 7818 7819 7820 7821 7822 7823 7824 7825 7826 7827 7828 7829 7830 7831 7832 7833 7834 7835 7836 7837 7838 7839 7840 7841 7842 7843 7844 7845 7846 7847 7848 7849 7850 7851 7852 7853 7854 7855 7856 7857 7858 7859 7860 7861 7862 7863 7864 7865 7866 7867 7868 7869 7870 7871 7872 7873 7874 7875 7876 7877 7878 7879 7880 7881 7882 7883 7884 7885 7886 7887 7888 7889 7890 7891 7892 7893 7894 7895 7896 7897 7898 7899 7900 7901 7902 7903 7904 7905 7906 7907 7908 7909 7910 7911 7912 7913 7914 7915 7916 7917 7918 7919 7920 7921 7922 7923 7924 7925 7926 7927 7928 7929 7930 7931 7932 7933 7934 7935 7936 7937 7938 7939 7940 7941 7942 7943 7944 7945 7946 7947 7948 7949 7950 7951 7952 7953 7954 7955 7956 7957 7958 7959 7960 7961 7962 7963 7964 7965 7966 7967 7968 7969 7970 7971 7972 7973 7974 7975 7976 7977 7978 7979 7980 7981 7982 7983 7984 7985 7986 7987 7988 7989 7990 7991 7992 7993 7994 7995 7996 7997 7998 7999 8000 8001 8002 8003 8004 8005 8006 8007 8008 8009 8010 8011 8012 8013 8014 8015 8016 8017 8018 8019 8020 8021 8022 8023 8024 8025 8026 8027 8028 8029 8030 8031 8032 8033 8034 8035 8036 8037 8038 8039 8040 8041 8042 8043 8044 8045 8046 8047 8048 8049 8050 8051 8052 8053 8054 8055 8056 8057 8058 8059 8060 8061 8062 8063 8064 8065 8066 8067 8068 8069 8070 8071 8072 8073 8074 8075 8076 8077 8078 8079 8080 8081 8082 8083 8084 8085 8086 8087 8088 8089 8090 8091 8092 8093 8094 8095 8096 8097 8098 8099 8100 8101 8102 8103 8104 8105 8106 8107 8108 8109 8110 8111 8112 8113 8114 8115 8116 8117 8118 8119 8120 8121 8122 8123 8124 8125 8126 8127 8128 8129 8130 8131 8132 8133 8134 8135 8136 8137 8138 8139 8140 8141 8142 8143 8144 8145 8146 8147 8148 8149 8150 8151 8152 8153 8154 8155 8156 8157 8158 8159 8160 8161 8162 8163 8164 8165 8166 8167 8168 8169 8170 8171 8172 8173 8174 8175 8176 8177 8178 8179 8180 8181 8182 8183 8184 8185 8186 8187 8188 8189 8190 8191 8192 8193 8194 8195 8196 8197 8198 8199 8200 8201 8202 8203 8204 8205 8206 8207 8208 8209 8210 8211 8212 8213 8214 8215 8216 8217 8218 8219 8220 8221 8222 8223 8224 8225 8226 8227 8228 8229 8230 8231 8232 8233 8234 8235 8236 8237 8238 8239 8240 8241 8242 8243 8244 8245 8246 8247 8248 8249 8250 8251 8252 8253 8254 8255 8256 8257 8258 8259 8260 8261 8262 8263 8264 8265 8266 8267 8268 8269 8270 8271 8272 8273 8274 8275 8276 8277 8278 8279 8280 8281 8282 8283 8284 8285 8286 8287 8288 8289 8290 8291 8292 8293 8294 8295 8296 8297 8298 8299 8300 8301 8302 8303 8304 8305 8306 8307 8308 8309 8310 8311 8312 8313 8314 8315 8316 8317 8318 8319 8320 8321 8322 8323 8324 8325 8326 8327 8328 8329 8330 8331 8332 8333 8334 8335 8336 8337 8338 8339 8340 8341 8342 8343 8344 8345 8346 8347 8348 8349 8350 8351 8352 8353 8354 8355 8356 8357 8358 8359 8360 8361 8362 8363 8364 8365 8366 8367 8368 8369 8370 8371 8372 8373 8374 8375 8376 8377 8378 8379 8380 8381 8382 8383 8384 8385 8386 8387 8388 8389 8390 8391 8392 8393 8394 8395 8396 8397 8398 8399 8400 8401 8402 8403 8404 8405 8406 8407 8408 8409 8410 8411 8412 8413 8414 8415 8416 8417 8418 8419 8420 8421 8422 8423 8424 8425 8426 8427 8428 8429 8430 8431 8432 8433 8434 8435 8436 8437 8438 8439 8440 8441 8442 8443 8444 8445 8446 8447 8448 8449 8450 8451 8452 8453 8454 8455 8456 8457 8458 8459 8460 8461 8462 8463 8464 8465 8466 8467 8468 8469 8470 8471 8472 8473 8474 8475 8476 8477 8478 8479 8480 8481 8482 8483 8484 8485 8486 8487 8488 8489 8490 8491 8492 8493 8494 8495 8496 8497 8498 8499 8500 8501 8502 8503 8504 8505 8506 8507 8508 8509 8510 8511 8512 8513 8514 8515 8516 8517 8518 8519 8520 8521 8522 8523 8524 8525 8526 8527 8528 8529 8530 8531 8532 8533 8534 8535 8536 8537 8538 8539 8540 8541 8542 8543 8544 8545 8546 8547 8548 8549 8550 8551 8552 8553 8554 8555 8556 8557 8558 8559 8560 8561 8562 8563 8564 8565 8566 8567 8568 8569 8570 8571 8572 8573 8574 8575 8576 8577 8578 8579 8580 8581 8582 8583 8584 8585 8586 8587 8588 8589 8590 8591 8592 8593 8594 8595 8596 8597 8598 8599 8600 8601 8602 8603 8604 8605 8606 8607 8608 8609 8610 8611 8612 8613 8614 8615 8616 8617 8618 8619 8620 8621 8622 8623 8624 8625 8626 8627 8628 8629 8630 8631 8632 8633 8634 8635 8636 8637 8638 8639 8640 8641 8642 8643 8644 8645 8646 8647 8648 8649 8650 8651 8652 8653 8654 8655 8656 8657 8658 8659 8660 8661 8662 8663 8664 8665 8666 8667 8668 8669 8670 8671 8672 8673 8674 8675 8676 8677 8678 8679 8680 8681 8682 8683 8684 8685 8686 8687 8688 8689 8690 8691 8692 8693 8694 8695 8696 8697 8698 8699 8700 8701 8702 8703 8704 8705 8706 8707 8708 8709 8710 8711 8712 8713 8714 8715 8716 8717 8718 8719 8720 8721 8722 8723 8724 8725 8726 8727 8728 8729 8730 8731 8732 8733 8734 8735 8736 8737 8738 8739 8740 8741 8742 8743 8744 8745 8746 8747 8748 8749 8750 8751 8752 8753 8754 8755 8756 8757 8758 8759 8760 8761 8762 8763 8764 8765 8766 8767 8768 8769 8770 8771 8772 8773 8774 8775 8776 8777 8778 8779 8780 8781 8782 8783 8784 8785 8786 8787 8788 8789 8790 8791 8792 8793 8794 8795 8796 8797 8798 8799 8800 8801 8802 8803 8804 8805 8806 8807 8808 8809 8810 8811 8812 8813 8814 8815 8816 8817 8818 8819 8820 8821 8822 8823 8824 8825 8826 8827 8828 8829 8830 8831 8832 8833 8834 8835 8836 8837 8838 8839 8840 8841 8842 8843 8844 8845 8846 8847 8848 8849 8850 8851 8852 8853 8854 8855 8856 8857 8858 8859 8860 8861 8862 8863 8864 8865 8866 8867 8868 8869 8870 8871 8872 8873 8874 8875 8876 8877 8878 8879 8880 8881 8882 8883 8884 8885 8886 8887 8888 8889 8890 8891 8892 8893 8894 8895 8896 8897 8898 8899 8900 8901 8902 8903 8904 8905 8906 8907 8908 8909 8910 8911 8912 8913 8914 8915 8916 8917 8918 8919 8920 8921 8922 8923 8924 8925 8926 8927 8928 8929 8930 8931 8932 8933 8934 8935 8936 8937 8938 8939 8940 8941 8942 8943 8944 8945 8946 8947 8948 8949 8950 8951 8952 8953 8954 8955 8956 8957 8958 8959 8960 8961 8962 8963 8964 8965 8966 8967 8968 8969 8970 8971 8972 8973 8974 8975 8976 8977 8978 8979 8980 8981 8982 8983 8984 8985 8986 8987 8988 8989 8990 8991 8992 8993 8994 8995 8996 8997 8998 8999 9000 9001 9002 9003 9004 9005 9006 9007 9008 9009 9010 9011 9012 9013 9014 9015 9016 9017 9018 9019 9020 9021 9022 9023 9024 9025 9026 9027 9028 9029 9030 9031 9032 9033 9034 9035 9036 9037 9038 9039 9040 9041 9042 9043 9044 9045 9046 9047 9048 9049 9050 9051 9052 9053 9054 9055 9056 9057 9058 9059 9060 9061 9062 9063 9064 9065 9066 9067 9068 9069 9070 9071 9072 9073 9074 9075 9076 9077 9078 9079 9080 9081 9082 9083 9084 9085 9086 9087 9088 9089 9090 9091 9092 9093 9094 9095 9096 9097 9098 9099 9100 9101 9102 9103 9104 9105 9106 9107 9108 9109 9110 9111 9112 9113 9114 9115 9116 9117 9118 9119 9120 9121 9122 9123 9124 9125 9126 9127 9128 9129 9130 9131 9132 9133 9134 9135 9136 9137 9138 9139 9140 9141 9142 9143 9144 9145 9146 9147 9148 9149 9150 9151 9152 9153 9154 9155 9156 9157 9158 9159 9160 9161 9162 9163 9164 9165 9166 9167 9168 9169 9170 9171 9172 9173 9174 9175 9176 9177 9178 9179 9180 9181 9182 9183 9184 9185 9186 9187 9188 9189 9190 9191 9192 9193 9194 9195 9196 9197 9198 9199 9200 9201 9202 9203 9204 9205 9206 9207 9208 9209 9210 9211 9212 9213 9214 9215 9216 9217 9218 9219 9220 9221 9222 9223 9224 9225 9226 9227 9228 9229 9230 9231 9232 9233 9234 9235 9236 9237 9238 9239 9240 9241 9242 9243 9244 9245 9246 9247 9248 9249 9250 9251 9252 9253 9254 9255 9256 9257 9258 9259 9260 9261 9262 9263 9264 9265 9266 9267 9268 9269 9270 9271 9272 9273 9274 9275 9276 9277 9278 9279 9280 9281 9282 9283 9284 9285 9286 9287 9288 9289 9290 9291 9292 9293 9294 9295 9296 9297 9298 9299 9300 9301 9302 9303 9304 9305 9306 9307 9308 9309 9310 9311 9312 9313 9314 9315 9316 9317 9318 9319 9320 9321 9322 9323 9324 9325 9326 9327 9328 9329 9330 9331 9332 9333 9334 9335 9336 9337 9338 9339 9340 9341 9342 9343 9344 9345 9346 9347 9348 9349 9350 9351 9352 9353 9354 9355 9356 9357 9358 9359 9360 9361 9362 9363 9364 9365 9366 9367 9368 9369 9370 9371 9372 9373 9374 9375 9376 9377 9378 9379 9380 9381 9382 9383 9384 9385 9386 9387 9388 9389 9390 9391 9392 9393 9394 9395 9396 9397 9398 9399 9400 9401 9402 9403 9404 9405 9406 9407 9408 9409 9410 9411 9412 9413 9414 9415 9416 9417 9418 9419 9420 9421 9422 9423 9424 9425 9426 9427 9428 9429 9430 9431 9432 9433 9434 9435 9436 9437 9438 9439 9440 9441 9442 9443 9444 9445 9446 9447 9448 9449 9450 9451 9452 9453 9454 9455 9456 9457 9458 9459 9460 9461 9462 9463 9464 9465 9466 9467 9468 9469 9470 9471 9472 9473 9474 9475 9476 9477 9478 9479 9480 9481 9482 9483 9484 9485 9486 9487 9488 9489 9490 9491 9492 9493 9494 9495 9496 9497 9498 9499 9500 9501 9502 9503 9504 9505 9506 9507 9508 9509 9510 9511 9512 9513 9514 9515 9516 9517 9518 9519 9520 9521 9522 9523 9524 9525 9526 9527 9528 9529 9530 9531 9532 9533 9534 9535 9536 9537 9538 9539 9540 9541 9542 9543 9544 9545 9546 9547 9548 9549 9550 9551 9552 9553 9554 9555 9556 9557 9558 9559 9560 9561 9562 9563 9564 9565 9566 9567 9568 9569 9570 9571 9572 9573 9574 9575 9576 9577 9578 9579 9580 9581 9582 9583 9584 9585 9586 9587 9588 9589 9590 9591 9592 9593 9594 9595 9596 9597 9598 9599 9600 9601 9602 9603 9604 9605 9606 9607 9608 9609 9610 9611 9612 9613 9614 9615 9616 9617 9618 9619 9620 9621 9622 9623 9624 9625 9626 9627 9628 9629 9630 9631 9632 9633 9634 9635 9636 9637 9638 9639 9640 9641 9642 9643 9644 9645 9646 9647 9648 9649 9650 9651 9652 9653 9654 9655 9656 9657 9658 9659 9660 9661 9662 9663 9664 9665 9666 9667 9668 9669 9670 9671 9672 9673 9674 9675 9676 9677 9678 9679 9680 9681 9682 9683 9684 9685 9686 9687 9688 9689 9690 9691 9692 9693 9694 9695 9696 9697 9698 9699 9700 9701 9702 9703 9704 9705 9706 9707 9708 9709 9710 9711 9712 9713 9714 9715 9716 9717 9718 9719 9720 9721 9722 9723 9724 9725 9726 9727 9728 9729 9730 9731 9732 9733 9734 9735 9736 9737 9738 9739 9740 9741 9742 9743 9744 9745 9746 9747 9748 9749 9750 9751 9752 9753 9754 9755 9756 9757 9758 9759 9760 9761 9762 9763 9764 9765 9766 9767 9768 9769 9770 9771 9772 9773 9774 9775 9776 9777 9778 9779 9780 9781 9782 9783 9784 9785 9786 9787 9788 9789 9790 9791 9792 9793 9794 9795 9796 9797 9798 9799 9800 9801 9802 9803 9804 9805 9806 9807 9808 9809 9810 9811 9812 9813 9814 9815 9816 9817 9818 9819 9820 9821 9822 9823 9824 9825 9826 9827 9828 9829 9830 9831 9832 9833 9834 9835 9836 9837 9838 9839 9840 9841 9842 9843 9844 9845 9846 9847 9848 9849 9850 9851 9852 9853 9854 9855 9856 9857 9858 9859 9860 9861 9862 9863 9864 9865 9866 9867 9868 9869 9870 9871 9872 9873 9874 9875 9876 9877 9878 9879 9880 9881 9882 9883 9884 9885 9886 9887 9888 9889 9890 9891 9892 9893 9894 9895 9896 9897 9898 9899 9900 9901 9902 9903 9904 9905 9906 9907 9908 9909 9910 9911 9912 9913 9914 9915 9916 9917 9918 9919 9920 9921 9922 9923 9924 9925 9926 9927 9928 9929 9930 9931 9932 9933 9934 9935 9936 9937 9938 9939 9940 9941 9942 9943 9944 9945 9946 9947 9948 9949 9950 9951 9952 9953 9954 9955 9956 9957 9958 9959 9960 9961 9962 9963 9964 9965 9966 9967 9968 9969 9970 9971 9972 9973 9974 9975 9976 9977 9978 9979 9980 9981 9982 9983 9984 9985 9986 9987 9988 9989 9990 9991 9992 9993 9994 9995 9996 9997 9998 9999 10000 10001 10002 10003 10004 10005 10006 10007 10008 10009 10010 10011 10012 10013 10014 10015 10016 10017 10018 10019 10020 10021 10022 10023 10024 10025 10026 10027 10028 10029 10030 10031 10032 10033 10034 10035 10036 10037 10038 10039 10040 10041 10042 10043 10044 10045 10046 10047 10048 10049 10050 10051 10052 10053 10054 10055 10056 10057 10058 10059 10060 10061 10062 10063 10064 10065 10066 10067 10068 10069 10070 10071 10072 10073 10074 10075 10076 10077 10078 10079 10080 10081 10082 10083 10084 10085 10086 10087 10088 10089 10090 10091 10092 10093 10094 10095 10096 10097 10098 10099 10100 10101 10102 10103 10104 10105 10106 10107 10108 10109 10110 10111 10112 10113 10114 10115 10116 10117 10118 10119 10120 10121 10122 10123 10124 10125 10126 10127 10128 10129 10130 10131 10132 10133 10134 10135 10136 10137 10138 10139 10140 10141 10142 10143 10144 10145 10146 10147 10148 10149 10150 10151 10152 10153 10154 10155 10156 10157 10158 10159 10160 10161 10162 10163 10164 10165 10166 10167 10168 10169 10170 10171 10172 10173 10174 10175 10176 10177 10178 10179 10180 10181 10182 10183 10184 10185 10186 10187 10188 10189 10190 10191 10192 10193 10194 10195 10196 10197 10198 10199 10200 10201 10202 10203 10204 10205 10206 10207 10208 10209 10210 10211 10212 10213 10214 10215 10216 10217 10218 10219 10220 10221 10222 10223 10224 10225 10226 10227 10228 10229 10230 10231 10232 10233 10234 10235 10236 10237 10238 10239 10240 10241 10242 10243 10244 10245 10246 10247 10248 10249 10250 10251 10252 10253 10254 10255 10256 10257 10258 10259 10260 10261 10262 10263 10264 10265 10266 10267 10268 10269 10270 10271 10272 10273 10274 10275 10276 10277 10278 10279 10280 10281 10282 10283 10284 10285 10286 10287 10288 10289 10290 10291 10292 10293 10294 10295 10296 10297 10298 10299 10300 10301 10302 10303 10304 10305 10306 10307 10308 10309 10310 10311 10312 10313 10314 10315 10316 10317 10318 10319 10320 10321 10322 10323 10324 10325 10326 10327 10328 10329 10330 10331 10332 10333 10334 10335 10336 10337 10338 10339 10340 10341 10342 10343 10344 10345 10346 10347 10348 10349 10350 10351 10352 10353 10354 10355 10356 10357 10358 10359 10360 10361 10362 10363 10364 10365 10366 10367 10368 10369 10370 10371 10372 10373 10374 10375 10376 10377 10378 10379 10380 10381 10382 10383 10384 10385 10386 10387 10388 10389 10390 10391 10392 10393 10394 10395 10396 10397 10398 10399 10400 10401 10402 10403 10404 10405 10406 10407 10408 10409 10410 10411 10412 10413 10414 10415 10416 10417 10418 10419 10420 10421 10422 10423 10424 10425 10426 10427 10428 10429 10430 10431 10432 10433 10434 10435 10436 10437 10438 10439 10440 10441 10442 10443 10444 10445 10446 10447 10448 10449 10450 10451 10452 10453 10454 10455 10456 10457 10458 10459 10460 10461 10462 10463 10464 10465 10466 10467 10468 10469 10470 10471 10472 10473 10474 10475 10476 10477 10478 10479 10480 10481 10482 10483 10484 10485 10486 10487 10488 10489 10490 10491 10492 10493 10494 10495 10496 10497 10498 10499 10500 10501 10502 10503 10504 10505 10506 10507 10508 10509 10510 10511 10512 10513 10514 10515 10516 10517 10518 10519 10520 10521 10522 10523 10524 10525 10526 10527 10528 10529 10530 10531 10532 10533 10534 10535 10536 10537 10538 10539 10540 10541 10542 10543 10544 10545 10546 10547 10548 10549 10550 10551 10552 10553 10554 10555 10556 10557 10558 10559 10560 10561 10562 10563 10564 10565 10566 10567 10568 10569 10570 10571 10572 10573 10574 10575 10576 10577 10578 10579 10580 10581 10582 10583 10584 10585 10586 10587 10588 10589 10590 10591 10592 10593 10594 10595 10596 10597 10598 10599 10600 10601 10602 10603 10604 10605 10606 10607 10608 10609 10610 10611 10612 10613 10614 10615 10616 10617 10618 10619 10620 10621 10622 10623 10624 10625 10626 10627 10628 10629 10630 10631 10632 10633 10634 10635 10636 10637 10638 10639 10640 10641 10642 10643 10644 10645 10646 10647 10648 10649 10650 10651 10652 10653 10654 10655 10656 10657 10658 10659 10660 10661 10662 10663 10664 10665 10666 10667 10668 10669 10670 10671 10672 10673 10674 10675 10676 10677 10678 10679 10680 10681 10682 10683 10684 10685 10686 10687 10688 10689 10690 10691 10692 10693 10694 10695 10696 10697 10698 10699 10700 10701 10702 10703 10704 10705 10706 10707 10708 10709 10710 10711 10712 10713 10714 10715 10716 10717 10718 10719 10720 10721 10722 10723 10724 10725 10726 10727 10728 10729 10730 10731 10732 10733 10734 10735 10736 10737 10738 10739 10740 10741 10742 10743 10744 10745 10746 10747 10748 10749 10750 10751 10752 10753 10754 10755 10756 10757 10758 10759 10760 10761 10762 10763 10764 10765 10766 10767 10768 10769 10770 10771 10772 10773 10774 10775 10776 10777 10778 10779 10780 10781 10782 10783 10784 10785 10786 10787 10788 10789 10790 10791 10792 10793 10794 10795 10796 10797 10798 10799 10800 10801 10802 10803 10804 10805 10806 10807 10808 10809 10810 10811 10812 10813 10814 10815 10816 10817 10818 10819 10820 10821 10822 10823 10824 10825 10826 10827 10828 10829 10830 10831 10832 10833 10834 10835 10836 10837 10838 10839 10840 10841 10842 10843 10844 10845 10846 10847 10848 10849 10850 10851 10852 10853 10854 10855 10856 10857 10858 10859 10860 10861 10862 10863 10864 10865 10866 10867 10868 10869 10870 10871 10872 10873 10874 10875 10876 10877 10878 10879 10880 10881 10882 10883 10884 10885 10886 10887 10888 10889 10890 10891 10892 10893 10894 10895 10896 10897 10898 10899 10900 10901 10902 10903 10904 10905 10906 10907 10908 10909 10910 10911 10912 10913 10914 10915 10916 10917 10918 10919 10920 10921 10922 10923 10924 10925 10926 10927 10928 10929 10930 10931 10932 10933 10934 10935 10936 10937 10938 10939 10940 10941 10942 10943 10944 10945 10946 10947 10948 10949 10950 10951 10952 10953 10954 10955 10956 10957 10958 10959 10960 10961 10962 10963 10964 10965 10966 10967 10968 10969 10970 10971 10972 10973 10974 10975 10976 10977 10978 10979 10980 10981 10982 10983 10984 10985 10986 10987 10988 10989 10990 10991 10992 10993 10994 10995 10996 10997 10998 10999 11000 11001 11002 11003 11004 11005 11006 11007 11008 11009 11010 11011 11012 11013 11014 11015 11016 11017 11018 11019 11020 11021 11022 11023 11024 11025 11026 11027 11028 11029 11030 11031 11032 11033 11034 11035 11036 11037 11038 11039 11040 11041 11042 11043 11044 11045 11046 11047 11048 11049 11050 11051 11052 11053 11054 11055 11056 11057 11058 11059 11060 11061 11062 11063 11064 11065 11066 11067 11068 11069 11070 11071 11072 11073 11074 11075 11076 11077 11078 11079 11080 11081 11082 11083 11084 11085 11086 11087 11088 11089 11090 11091 11092 11093 11094 11095 11096 11097 11098 11099 11100 11101 11102 11103 11104 11105 11106 11107 11108 11109 11110 11111 11112 11113 11114 11115 11116 11117 11118 11119 11120 11121 11122 11123 11124 11125 11126 11127 11128 11129 11130 11131 11132 11133 11134 11135 11136 11137 11138 11139 11140 11141 11142 11143 11144 11145 11146 11147 11148 11149 11150 11151 11152 11153 11154 11155 11156 11157 11158 11159 11160 11161 11162 11163 11164 11165 11166 11167 11168 11169 11170 11171 11172 11173 11174 11175 11176 11177 11178 11179 11180 11181 11182 11183 11184 11185 11186 11187 11188 11189 11190 11191 11192 11193 11194 11195 11196 11197 11198 11199 11200 11201 11202 11203 11204 11205 11206 11207 11208 11209 11210 11211 11212 11213 11214 11215 11216 11217 11218 11219 11220 11221 11222 11223 11224 11225 11226 11227 11228 11229 11230 11231 11232 11233 11234 11235 11236 11237 11238 11239 11240 11241 11242 11243 11244 11245 11246 11247 11248 11249 11250 11251 11252 11253 11254 11255 11256 11257 11258 11259 11260 11261 11262 11263 11264 11265 11266 11267 11268 11269 11270 11271 11272 11273 11274 11275 11276 11277 11278 11279 11280 11281 11282 11283 11284 11285 11286 11287 11288 11289 11290 11291 11292 11293 11294 11295 11296 11297 11298 11299 11300 11301 11302 11303 11304 11305 11306 11307 11308 11309 11310 11311 11312 11313 11314 11315 11316 11317 11318 11319 11320 11321 11322 11323 11324 11325 11326 11327 11328 11329 11330 11331 11332 11333 11334 11335 11336 11337 11338 11339 11340 11341 11342 11343 11344 11345 11346 11347 11348 11349 11350 11351 11352 11353 11354 11355 11356 11357 11358 11359 11360 11361 11362 11363 11364 11365 11366 11367 11368 11369 11370 11371 11372 11373 11374 11375 11376 11377 11378 11379 11380 11381 11382 11383 11384 11385 11386 11387 11388 11389 11390 11391 11392 11393 11394 11395 11396 11397 11398 11399 11400 11401 11402 11403 11404 11405 11406 11407 11408 11409 11410 11411 11412 11413 11414 11415 11416 11417 11418 11419 11420 11421 11422 11423 11424 11425 11426 11427 11428 11429 11430 11431 11432 11433 11434 11435 11436 11437 11438 11439 11440 11441 11442 11443 11444 11445 11446 11447 11448 11449 11450 11451 11452 11453 11454 11455 11456 11457 11458 11459 11460 11461 11462 11463 11464 11465 11466 11467 11468 11469 11470 11471 11472 11473 11474 11475 11476 11477 11478 11479 11480 11481 11482 11483 11484 11485 11486 11487 11488 11489 11490 11491 11492 11493 11494 11495 11496 11497 11498 11499 11500 11501 11502 11503 11504 11505 11506 11507 11508 11509 11510 11511 11512 11513 11514 11515 11516 11517 11518 11519 11520 11521 11522 11523 11524 11525 11526 11527 11528 11529 11530 11531 11532 11533 11534 11535 11536 11537 11538 11539 11540 11541 11542 11543 11544 11545 11546 11547 11548 11549 11550 11551 11552 11553 11554 11555 11556 11557 11558 11559 11560 11561 11562 11563 11564 11565 11566 11567 11568 11569 11570 11571 11572 11573 11574 11575 11576 11577 11578 11579 11580 11581 11582 11583 11584 11585 11586 11587 11588 11589 11590 11591 11592 11593 11594 11595 11596 11597 11598 11599 11600 11601 11602 11603 11604 11605 11606 11607 11608 11609 11610 11611 11612 11613 11614 11615 11616 11617 11618 11619 11620 11621 11622 11623 11624 11625 11626 11627 11628 11629 11630 11631 11632 11633 11634 11635 11636 11637 11638 11639 11640 11641 11642 11643 11644 11645 11646 11647 11648 11649 11650 11651 11652 11653 11654 11655 11656 11657 11658 11659 11660 11661 11662 11663 11664 11665 11666 11667 11668 11669 11670 11671 11672 11673 11674 11675 11676 11677 11678 11679 11680 11681 11682 11683 11684 11685 11686 11687 11688 11689 11690 11691 11692 11693 11694 11695 11696 11697 11698 11699 11700 11701 11702 11703 11704 11705 11706 11707 11708 11709 11710 11711 11712 11713 11714 11715 11716 11717 11718 11719 11720 11721 11722 11723 11724 11725 11726 11727 11728 11729 11730 11731 11732 11733 11734 11735 11736 11737 11738 11739 11740 11741 11742 11743 11744 11745 11746 11747 11748 11749 11750 11751 11752 11753 11754 11755 11756 11757 11758 11759 11760 11761 11762 11763 11764 11765 11766 11767 11768 11769 11770 11771 11772 11773 11774 11775 11776 11777 11778 11779 11780 11781 11782 11783 11784 11785 11786 11787 11788 11789 11790 11791 11792 11793 11794 11795 11796 11797 11798 11799 11800 11801 11802 11803 11804 11805 11806 11807 11808 11809 11810 11811 11812 11813 11814 11815 11816 11817 11818 11819 11820 11821 11822 11823 11824 11825 11826 11827 11828 11829 11830 11831 11832 11833 11834 11835 11836 11837 11838 11839 11840 11841 11842 11843 11844 11845 11846 11847 11848 11849 11850 11851 11852 11853 11854 11855 11856 11857 11858 11859 11860 11861 11862 11863 11864 11865 11866 11867 11868 11869 11870 11871 11872 11873 11874 11875 11876 11877 11878 11879 11880 11881 11882 11883 11884 11885 11886 11887 11888 11889 11890 11891 11892 11893 11894 11895 11896 11897 11898 11899 11900 11901 11902 11903 11904 11905 11906 11907 11908 11909 11910 11911 11912 11913 11914 11915 11916 11917 11918 11919 11920 11921 11922 11923 11924 11925 11926 11927 11928 11929 11930 11931 11932 11933 11934 11935 11936 11937 11938 11939 11940 11941 11942 11943 11944 11945 11946 11947 11948 11949 11950 11951 11952 11953 11954 11955 11956 11957 11958 11959 11960 11961 11962 11963 11964 11965 11966 11967 11968 11969 11970 11971 11972 11973 11974 11975 11976 11977 11978 11979 11980 11981 11982 11983 11984 11985 11986 11987 11988 11989 11990 11991 11992 11993 11994 11995 11996 11997 11998 11999 12000 12001 12002 12003 12004 12005 12006 12007 12008 12009 12010 12011 12012 12013 12014 12015 12016 12017 12018 12019 12020 12021 12022 12023 12024 12025 12026 12027 12028 12029 12030 12031 12032 12033 12034 12035 12036 12037 12038 12039 12040 12041 12042 12043 12044 12045 12046 12047 12048 12049 12050 12051 12052 12053 12054 12055 12056 12057 12058 12059 12060 12061 12062 12063 12064 12065 12066 12067 12068 12069 12070 12071 12072 12073 12074 12075 12076 12077 12078 12079 12080 12081 12082 12083 12084 12085 12086 12087 12088 12089 12090 12091 12092 12093 12094 12095 12096 12097 12098 12099 12100 12101 12102 12103 12104 12105 12106 12107 12108 12109 12110 12111 12112 12113 12114 12115 12116 12117 12118 12119 12120 12121 12122 12123 12124 12125 12126 12127 12128 12129 12130 12131 12132 12133 12134 12135 12136 12137 12138 12139 12140 12141 12142 12143 12144 12145 12146 12147 12148 12149 12150 12151 12152 12153 12154 12155 12156 12157 12158 12159 12160 12161 12162 12163 12164 12165 12166 12167 12168 12169 12170 12171 12172 12173 12174 12175 12176 12177 12178 12179 12180 12181 12182 12183 12184 12185 12186 12187 12188 12189 12190 12191 12192 12193 12194 12195 12196 12197 12198 12199 12200 12201 12202 12203 12204 12205 12206 12207 12208 12209 12210 12211 12212 12213 12214 12215 12216 12217 12218 12219 12220 12221 12222 12223 12224 12225 12226 12227 12228 12229 12230 12231 12232 12233 12234 12235 12236 12237 12238 12239 12240 12241 12242 12243 12244 12245 12246 12247 12248 12249 12250 12251 12252 12253 12254 12255 12256 12257 12258 12259 12260 12261 12262 12263 12264 12265 12266 12267 12268 12269 12270 12271 12272 12273 12274 12275 12276 12277 12278 12279 12280 12281 12282 12283 12284 12285 12286 12287 12288 12289 12290 12291 12292 12293 12294 12295 12296 12297 12298 12299 12300 12301 12302 12303 12304 12305 12306 12307 12308 12309 12310 12311 12312 12313 12314 12315 12316 12317 12318 12319 12320 12321 12322 12323 12324 12325 12326 12327 12328 12329 12330 12331 12332 12333 12334 12335 12336 12337 12338 12339 12340 12341 12342 12343 12344 12345 12346 12347 12348 12349 12350 12351 12352 12353 12354 12355 12356 12357 12358 12359 12360 12361 12362 12363 12364 12365 12366 12367 12368 12369 12370 12371 12372 12373 12374 12375 12376 12377 12378 12379 12380 12381 12382 12383 12384 12385 12386 12387 12388 12389 12390 12391 12392 12393 12394 12395 12396 12397 12398 12399 12400 12401 12402 12403 12404 12405 12406 12407 12408 12409 12410 12411 12412 12413 12414 12415 12416 12417 12418 12419 12420 12421 12422 12423 12424 12425 12426 12427 12428 12429 12430 12431 12432 12433 12434 12435 12436 12437 12438 12439 12440 12441 12442 12443 12444 12445 12446 12447 12448 12449 12450 12451 12452 12453 12454 12455 12456 12457 12458 12459 12460 12461 12462 12463 12464 12465 12466 12467 12468 12469 12470 12471 12472 12473 12474 12475 12476 12477 12478 12479 12480 12481 12482 12483 12484 12485 12486 12487 12488 12489 12490 12491 12492 12493 12494 12495 12496 12497 12498 12499 12500 12501 12502 12503 12504 12505 12506 12507 12508 12509 12510 12511 12512 12513 12514 12515 12516 12517 12518 12519 12520 12521 12522 12523 12524 12525 12526 12527 12528 12529 12530 12531 12532 12533 12534 12535 12536 12537 12538 12539 12540 12541 12542 12543 12544 12545 12546 12547 12548 12549 12550 12551 12552 12553 12554 12555 12556 12557 12558 12559 12560 12561 12562 12563 12564 12565 12566 12567 12568 12569 12570 12571 12572 12573 12574 12575 12576 12577 12578 12579 12580 12581 12582 12583 12584 12585 12586 12587 12588 12589 12590 12591 12592 12593 12594 12595 12596 12597 12598 12599 12600 12601 12602 12603 12604 12605 12606 12607 12608 12609 12610 12611 12612 12613 12614 12615 12616 12617 12618 12619 12620 12621 12622 12623 12624 12625 12626 12627 12628 12629 12630 12631 12632 12633 12634 12635 12636 12637 12638 12639 12640 12641 12642 12643 12644 12645 12646 12647 12648 12649 12650 12651 12652 12653 12654 12655 12656 12657 12658 12659 12660 12661 12662 12663 12664 12665 12666 12667 12668 12669 12670 12671 12672 12673 12674 12675 12676 12677 12678 12679 12680 12681 12682 12683 12684 12685 12686 12687 12688 12689 12690 12691 12692 12693 12694 12695 12696 12697 12698 12699 12700 12701 12702 12703 12704 12705 12706 12707 12708 12709 12710 12711 12712 12713 12714 12715 12716 12717 12718 12719 12720 12721 12722 12723 12724 12725 12726 12727 12728 12729 12730 12731 12732 12733 12734 12735 12736 12737 12738 12739 12740 12741 12742 12743 12744 12745 12746 12747 12748 12749 12750 12751 12752 12753 12754 12755 12756 12757 12758 12759 12760 12761 12762 12763 12764 12765 12766 12767 12768 12769 12770 12771 12772 12773 12774 12775 12776 12777 12778 12779 12780 12781 12782 12783 12784 12785 12786 12787 12788 12789 12790 12791 12792 12793 12794 12795 12796 12797 12798 12799 12800 12801 12802 12803 12804 12805 12806 12807 12808 12809 12810 12811 12812 12813 12814 12815 12816 12817 12818 12819 12820 12821 12822 12823 12824 12825 12826 12827 12828 12829 12830 12831 12832 12833 12834 12835 12836 12837 12838 12839 12840 12841 12842 12843 12844 12845 12846 12847 12848 12849 12850 12851 12852 12853 12854 12855 12856 12857 12858 12859 12860 12861 12862 12863 12864 12865 12866 12867 12868 12869 12870 12871 12872 12873 12874 12875 12876 12877 12878 12879 12880 12881 12882 12883 12884 12885 12886 12887 12888 12889 12890 12891 12892 12893 12894 12895 12896 12897 12898 12899 12900 12901 12902 12903 12904 12905 12906 12907 12908 12909 12910 12911 12912 12913 12914 12915 12916 12917 12918 12919 12920 12921 12922 12923 12924 12925 12926 12927 12928 12929 12930 12931 12932 12933 12934 12935 12936 12937 12938 12939 12940 12941 12942 12943 12944 12945 12946 12947 12948 12949 12950 12951 12952 12953 12954 12955 12956 12957 12958 12959 12960 12961 12962 12963 12964 12965 12966 12967 12968 12969 12970 12971 12972 12973 12974 12975 12976 12977 12978 12979 12980 12981 12982 12983 12984 12985 12986 12987 12988 12989 12990 12991 12992 12993 12994 12995 12996 12997 12998 12999 13000 13001 13002 13003 13004 13005 13006 13007 13008 13009 13010 13011 13012 13013 13014 13015 13016 13017 13018 13019 13020 13021 13022 13023 13024 13025 13026 13027 13028 13029 13030 13031 13032 13033 13034 13035 13036 13037 13038 13039 13040 13041 13042 13043 13044 13045 13046 13047 13048 13049 13050 13051 13052 13053 13054 13055 13056 13057 13058 13059 13060 13061 13062 13063 13064 13065 13066 13067 13068 13069 13070 13071 13072 13073 13074 13075 13076 13077 13078 13079 13080 13081 13082 13083 13084 13085 13086 13087 13088 13089 13090 13091 13092 13093 13094 13095 13096 13097 13098 13099 13100 13101 13102 13103 13104 13105 13106 13107 13108 13109 13110 13111 13112 13113 13114 13115 13116 13117 13118 13119 13120 13121 13122 13123 13124 13125 13126 13127 13128 13129 13130 13131 13132 13133 13134 13135 13136 13137 13138 13139 13140 13141 13142 13143 13144 13145 13146 13147 13148 13149 13150 13151 13152 13153 13154 13155 13156 13157 13158 13159 13160 13161 13162 13163 13164 13165 13166 13167 13168 13169 13170 13171 13172 13173 13174 13175 13176 13177 13178 13179 13180 13181 13182 13183 13184 13185 13186 13187 13188 13189 13190 13191 13192 13193 13194 13195 13196 13197 13198 13199 13200 13201 13202 13203 13204 13205 13206 13207 13208 13209 13210 13211 13212 13213 13214 13215 13216 13217 13218 13219 13220 13221 13222 13223 13224 13225 13226 13227 13228 13229 13230 13231 13232 13233 13234 13235 13236 13237 13238 13239 13240 13241 13242 13243 13244 13245 13246 13247 13248 13249 13250 13251 13252 13253 13254 13255 13256 13257 13258 13259 13260 13261 13262 13263 13264 13265 13266 13267 13268 13269 13270 13271 13272 13273 13274 13275 13276 13277 13278 13279 13280 13281 13282 13283 13284 13285 13286 13287 13288 13289 13290 13291 13292 13293 13294 13295 13296 13297 13298 13299 13300 13301 13302 13303 13304 13305 13306 13307 13308 13309 13310 13311 13312 13313 13314 13315 13316 13317 13318 13319 13320 13321 13322 13323 13324 13325 13326 13327 13328 13329 13330 13331 13332 13333 13334 13335 13336 13337 13338 13339 13340 13341 13342 13343 13344 13345 13346 13347 13348 13349 13350 13351 13352 13353 13354 13355 13356 13357 13358 13359 13360 13361 13362 13363 13364 13365 13366 13367 13368 13369 13370 13371 13372 13373 13374 13375 13376 13377 13378 13379 13380 13381 13382 13383 13384 13385 13386 13387 13388 13389 13390 13391 13392 13393 13394 13395 13396 13397 13398 13399 13400 13401 13402 13403 13404 13405 13406 13407 13408 13409 13410 13411 13412 13413 13414 13415 13416 13417 13418 13419 13420 13421 13422 13423 13424 13425 13426 13427 13428 13429 13430 13431 13432 13433 13434 13435 13436 13437 13438 13439 13440 13441 13442 13443 13444 13445 13446 13447 13448 13449 13450 13451 13452 13453 13454 13455 13456 13457 13458 13459 13460 13461 13462 13463 13464 13465 13466 13467 13468 13469 13470 13471 13472 13473 13474 13475 13476 13477 13478 13479 13480 13481 13482 13483 13484 13485 13486 13487 13488 13489 13490 13491 13492 13493 13494 13495 13496 13497 13498 13499 13500 13501 13502 13503 13504 13505 13506 13507 13508 13509 13510 13511 13512 13513 13514 13515 13516 13517 13518 13519 13520 13521 13522 13523 13524 13525 13526 13527 13528 13529 13530 13531 13532 13533 13534 13535 13536 13537 13538 13539 13540 13541 13542 13543 13544 13545 13546 13547 13548 13549 13550 13551 13552 13553 13554 13555 13556 13557 13558 13559 13560 13561 13562 13563 13564 13565 13566 13567 13568 13569 13570 13571 13572 13573 13574 13575 13576 13577 13578 13579 13580 13581 13582 13583 13584 13585 13586 13587 13588 13589 13590 13591 13592 13593 13594 13595 13596 13597 13598 13599 13600 13601 13602 13603 13604 13605 13606 13607 13608 13609 13610 13611 13612 13613 13614 13615 13616 13617 13618 13619 13620 13621 13622 13623 13624 13625 13626 13627 13628 13629 13630 13631 13632 13633 13634 13635 13636 13637 13638 13639 13640 13641 13642 13643 13644 13645 13646 13647 13648 13649 13650 13651 13652 13653 13654 13655 13656 13657 13658 13659 13660 13661 13662 13663 13664 13665 13666 13667 13668 13669 13670 13671 13672 13673 13674 13675 13676 13677 13678 13679 13680 13681 13682 13683 13684 13685 13686 13687 13688 13689 13690 13691 13692 13693 13694 13695 13696 13697 13698 13699 13700 13701 13702 13703 13704 13705 13706 13707 13708 13709 13710 13711 13712 13713 13714 13715 13716 13717 13718 13719 13720 13721 13722 13723 13724 13725 13726 13727 13728 13729 13730 13731 13732 13733 13734 13735 
        </DataArray>
        <DataArray type="Int64" Name="offsets" format="ascii">
8 16 24 32 40 48 56 64 72 80 88 96 104 112 120 128 136 144 152 160 168 176 184 192 200 208 216 224 232 240 248 256 264 272 280 288 296 304 312 320 328 336 344 352 360 368 376 384 392 400 408 416 424 432 440 448 456 464 472 480 488 496 504 512 520 528 536 544 552 560 568 576 584 592 600 608 616 624 632 640 648 656 664 672 680 688 696 704 712 720 728 736 744 752 760 768 776 784 792 800 808 816 824 832 840 848 856 864 872 880 888 896 904 912 920 928 936 944 952 960 968 976 984 992 1000 1008 1016 1024 1032 1040 1048 1056 1064 1072 1080 1088 1096 1104 1112 1120 1128 1136 1144 1152 1160 1168 1176 1184 1192 1200 1208 1216 1224 1232 1240 1248 1256 1264 1272 1280 1288 1296 1304 1312 1320 1328 1336 1344 1352 1360 1368 1376 1384 1392 1400 1408 1416 1424 1432 1440 1448 1456 1464 1472 1480 1488 1496 1504 1512 1520 1528 1536 1544 1552 1560 1568 1576 1584 1592 1600 1608 1616 1624 1632 1640 1648 1656 1664 1672 1680 1688 1696 1704 1712 1720 1728 1736 1744 1752 1760 1768 1776 1784 1792 1800 1808 1816 1824 1832 1840 1848 1856 1864 1872 1880 1888 1896 1904 1912 1920 1928 1936 1944 1952 1960 1968 1976 1984 1992 2000 2008 2016 2024 2032 2040 2048 2056 2064 2072 2080 2088 2096 2104 2112 2120 2128 2136 2144 2152 2160 2168 2176 2184 2192 2200 2208 2216 2224 2232 2240 2248 2256 2264 2272 2280 2288 2296 2304 2312 2320 2328 2336 2344 2352 2360 2368 2376 2384 2392 2400 2408 2416 2424 2432 2440 2448 2456 2464 2472 2480 2488 2496 2504 2512 2520 2528 2536 2544 2552 2560 2568 2576 2584 2592 2600 2608 2616 2624 2632 2640 2648 2656 2664 2672 2680 2688 2696 2704 2712 2720 2728 2736 2744 2752 2760 2768 2776 2784 2792 2800 2808 2816 2824 2832 2840 2848 2856 2864 2872 2880 2888 2896 2904 2912 2920 2928 2936 2944 2952 2960 2968 2976 2984 2992 3000 3008 3016 3024 3032 3040 3048 3056 3064 3072 3080 3088 3096 3104 3112 3120 3128 3136 3144 3152 3160 3168 3176 3184 3192 3200 3208 3216 3224 3232 3240 3248 3256 3264 3272 3280 3288 3296 3304 3312 3320 3328 3336 3344 3352 3360 3368 3376 3384 3392 3400 3408 3416 3424 3432 3440 3448 3456 3464 3472 3480 3488 3496 3504 3512 3520 3528 3536 3544 3552 3560 3568 3576 3584 3592 3600 3608 3616 3624 3632 3640 3648 3656 3664 3672 3680 3688 3696 3704 3712 3720 3728 3736 3744 3752 3760 3768 3776 3784 3792 3800 3808 3816 3824 3832 3840 3848 3856 3864 3872 3880 3888 3896 3904 3912 3920 3928 3936 3944 3952 3960 3968 3976 3984 3992 4000 4008 4016 4024 4032 4040 4048 4056 4064 4072 4080 4088 4096 4104 4112 4120 4128 4136 4144 4152 4160 4168 4176 4184 4192 4200 4208 4216 4224 4232 4240 4248 4256 4264 4272 4280 4288 4296 4304 4312 4320 4328 4336 4344 4352 4360 4368 4376 4384 4392 4400 4408 4416 4424 4432 4440 4448 4456 4464 4472 4480 4488 4496 4504 4512 4520 4528 4536 4544 4552 4560 4568 4576 4584 4592 4600 4608 4616 4624 4632 4640 4648 4656 4664 4672 4680 4688 4696 4704 4712 4720 4728 4736 4744 4752 4760 4768 4776 4784 4792 4800 4808 4816 4824 4832 4840 4848 4856 4864 4872 4880 4888 4896 4904 4912 4920 4928 4936 4944 4952 4960 4968 4976 4984 4992 5000 5008 5016 5024 5032 5040 5048 5056 5064 5072 5080 5088 5096 5104 5112 5120 5128 5136 5144 5152 5160 5168 5176 5184 5192 5200 5208 5216 5224 5232 5240 5248 5256 5264 5272 5280 5288 5296 5304 5312 5320 5328 5336 5344 5352 5360 5368 5376 5384 5392 5400 5408 5416 5424 5432 5440 5448 5456 5464 5472 5480 5488 5496 5504 5512 5520 5528 5536 5544 5552 5560 5568 5576 5584 5592 5600 5608 5616 5624 5632 5640 5648 5656 5664 5672 5680 5688 5696 5704 5712 5720 5728 5736 5744 5752 5760 5768 5776 5784 5792 5800 5808 5816 5824 5832 5840 5848 5856 5864 5872 5880 5888 5896 5904 5912 5920 5928 5936 5944 5952 5960 5968 5976 5984 5992 6000 6008 6016 6024 6032 6040 6048 6056 6064 6072 6080 6088 6096 6104 6112 6120 6128 6136 6144 6152 6160 6168 6176 6184 6192 6200 6208 6216 6224 6232 6240 6248 6256 6264 6272 6280 6288 6296 6304 6312 6320 6328 6336 6344 6352 6360 6368 6376 6384 6392 6400 6408 6416 6424 6432 6440 6448 6456 6464 6472 6480 6488 6496 6504 6512 6520 6528 6536 6544 6552 6560 6568 6576 6584 6592 6600 6608 6616 6624 6632 6640 6648 6656 6664 6672 6680 6688 6696 6704 6712 6720 6728 6736 6744 6752 6760 6768 6776 6784 6792 6800 6808 6816 6824 6832 6840 6848 6856 6864 6872 6880 6888 6896 6904 6912 6920 6928 6936 6944 6952 6960 6968 6976 6984 6992 7000 7008 7016 7024 7032 7040 7048 7056 7064 7072 7080 7088 7096 7104 7112 7120 7128 7136 7144 7152 7160 7168 7176 7184 7192 7200 7208 7216 7224 7232 7240 7248 7256 7264 7272 7280 7288 7296 7304 7312 7320 7328 7336 7344 7352 7360 7368 7376 7384 7392 7400 7408 7416 7424 7432 7440 7448 7456 7464 7472 7480 7488 7496 7504 7512 7520 7528 7536 7544 7552 7560 7568 7576 7584 7592 7600 7608 7616 7624 7632 7640 7648 7656 7664 7672 7680 7688 7696 7704 7712 7720 7728 7736 7744 7752 7760 7768 7776 7784 7792 7800 7808 7816 7824 7832 7840 7848 7856 7864 7872 7880 7888 7896 7904 7912 7920 7928 7936 7944 7952 7960 7968 7976 7984 7992 8000 8008 8016 8024 8032 8040 8048 8056 8064 8072 8080 8088 8096 8104 8112 8120 8128 8136 8144 8152 8160 8168 8176 8184 8192 8200 8208 8216 8224 8232 8240 8248 8256 8264 8272 8280 8288 8296 8304 8312 8320 8328 8336 8344 8352 8360 8368 8376 8384 8392 8400 8408 8416 8424 8432 8440 8448 8456 8464 8472 8480 8488 8496 8504 8512 8520 8528 8536 8544 8552 8560 8568 8576 8584 8592 8600 8608 8616 8624 8632 8640 8648 8656 8664 8672 8680 8688 8696 8704 8712 8720 8728 8736 8744 8752 8760 8768 8776 8784 8792 8800 8808 8816 8824 8832 8840 8848 8856 8864 8872 8880 8888 8896 8904 8912 8920 8928 8936 8944 8952 8960 8968 8976 8984 8992 9000 9008 9016 9024 9032 9040 9048 9056 9064 9072 9080 9088 9096 9104 9112 9120 9128 9136 9144 9152 9160 9168 9176 9184 9192 9200 9208 9216 9224 9232 9240 9248 9256 9264 9272 9280 9288 9296 9304 9312 9320 9328 9336 9344 9352 9360 9368 9376 9384 9392 9400 9408 9416 9424 9432 9440 9448 9456 9464 9472 9480 9488 9496 9504 9512 9520 9528 9536 9544 9552 9560 9568 9576 9584 9592 9600 9608 9616 9624 9632 9640 9648 9656 9664 9672 9680 9688 9696 9704 9712 9720 9728 9736 9744 9752 9760 9768 9776 9784 9792 9800 9808 9816 9824 9832 9840 9848 9856 9864 9872 9880 9888 9896 9904 9912 9920 9928 9936 9944 9952 9960 9968 9976 9984 9992 10000 10008 10016 10024 10032 10040 10048 10056 10064 10072 10080 10088 10096 10104 10112 10120 10128 10136 10144 10152 10160 10168 10176 10184 10192 10200 10208 10216 10224 10232 10240 10248 10256 10264 10272 10280 10288 10296 10304 10312 10320 10328 10336 10344 10352 10360 10368 10376 10384 10392 10400 10408 10416 10424 10432 10440 10448 10456 10464 10472 10480 10488 10496 10504 10512 10520 10528 10536 10544 10552 10560 10568 10576 10584 10592 10600 10608 10616 10624 10632 10640 10648 10656 10664 10672 10680 10688 10696 10704 10712 10720 10728 10736 10744 10752 10760 10768 10776 10784 10792 10800 10808 10816 10824 10832 10840 10848 10856 10864 10872 10880 10888 10896 10904 10912 10920 10928 10936 10944 10952 10960 10968 10976 10984 10992 11000 11008 11016 11024 11032 11040 11048 11056 11064 11072 11080 11088 11096 11104 11112 11120 11128 11136 11144 11152 11160 11168 11176 11184 11192 11200 11208 11216 11224 11232 11240 11248 11256 11264 11272 11280 11288 11296 11304 11312 11320 11328 11336 11344 11352 11360 11368 11376 11384 11392 11400 11408 11416 11424 11432 11440 11448 11456 11464 11472 11480 11488 11496 11504 11512 11520 11528 11536 11544 11552 11560 11568 11576 11584 11592 11600 11608 11616 11624 11632 11640 11648 11656 11664 11672 11680 11688 11696 11704 11712 11720 11728 11736 11744 11752 11760 11768 11776 11784 11792 11800 11808 11816 11824 11832 11840 11848 11856 11864 11872 11880 11888 11896 11904 11912 11920 11928 11936 11944 11952 11960 11968 11976 11984 11992 12000 12008 12016 12024 12032 12040 12048 12056 12064 12072 12080 12088 12096 12104 12112 12120 12128 12136 12144 12152 12160 12168 12176 12184 12192 12200 12208 12216 12224 12232 12240 12248 12256 12264 12272 12280 12288 12296 12304 12312 12320 12328 12336 12344 12352 12360 12368 12376 12384 12392 12400 12408 12416 12424 12432 12440 12448 12456 12464 12472 12480 12488 12496 12504 12512 12520 12528 12536 12544 12552 12560 12568 12576 12584 12592 12600 12608 12616 12624 12632 12640 12648 12656 12664 12672 12680 12688 12696 12704 12712 12720 12728 12736 12744 12752 12760 12768 12776 12784 12792 12800 12808 12816 12824 12832 12840 12848 12856 12864 12872 12880 12888 12896 12904 12912 12920 12928 12936 12944 12952 12960 12968 12976 12984 12992 13000 13008 13016 13024 13032 13040 13048 13056 13064 13072 13080 13088 13096 13104 13112 13120 13128 13136 13144 13152 13160 13168 13176 13184 13192 13200 13208 13216 13224 13232 13240 13248 13256 13264 13272 13280 13288 13296 13304 13312 13320 13328 13336 13344 13352 13360 13368 13376 13384 13392 13400 13408 13416 13424 13432 13440 13448 13456 13464 13472 13480 13488 13496 13504 13512 13520 13528 13536 13544 13552 13560 13568 13576 13584 13592 13600 13608 13616 13624 13632 13640 13648 13656 13664 13672 13680 13688 13696 13704 13712 13720 13728 13736 
        </DataArray>
        <DataArray type="UInt8" Name="types" format="ascii">
79 79 79 79 79 79 79 79 79 79 79 79 79 79 79 79 79 79 79 79 79 79 79 79 79 79 79 79 79 79 79 79 79 79 79 79 79 79 79 79 79 79 79 79 79 79 79 79 79 79 79 79 79 79 79 79 79 79 79 79 79 79 79 79 79 79 79 79 79 79 79 79 79 79 79 79 79 79 79 79 79 79 79 79 79 79 79 79 79 79 79 79 79 79 79 79 79 79 79 79 79 79 79 79 79 79 79 79 79 79 79 79 79 79 79 79 79 79 79 79 79 79 79 79 79 79 79 79 79 79 79 79 79 79 79 79 79 79 79 79 79 79 79 79 79 79 79 79 79 79 79 79 79 79 79 79 79 79 79 79 79 79 79 79 79 79 79 79 79 79 79 79 79 79 79 79 79 79 79 79 79 79 79 79 79 79 79 79 79 79 79 79 79 79 79 79 79 79 79 79 79 79 79 79 79 79 79 79 79 79 79 79 79 79 79 79 79 79 79 79 79 79 79 79 79 79 79 79 79 79 79 79 79 79 79 79 79 79 79 79 79 79 79 79 79 79 79 79 79 79 79 79 79 79 79 79 79 79 79 79 79 79 79 79 79 79 79 79 79 79 79 79 79 79 79 79 79 79 79 79 79 79 79 79 79 79 79 79 79 79 79 79 79 79 79 79 79 79 79 79 79 79 79 79 79 79 79 79 79 79 79 79 79 79 79 79 79 79 79 79 79 79 79 79 79 79 79 79 79 79 79 79 79 79 79 79 79 79 79 79 79 79 79 79 79 79 79 79 79 79 79 79 79 79 79 79 79 79 79 79 79 79 79 79 79 79 79 79 79 79 79 79 79 79 79 79 79 79 79 79 79 79 79 79 79 79 79 79 79 79 79 79 79 79 79 79 79 79 79 79 79 79 79 79 79 79 79 79 79 79 79 79 79 79 79 79 79 79 79 79 79 79 79 79 79 79 79 79 79 79 79 79 79 79 79 79 79 79 79 79 79 79 79 79 79 79 79 79 79 79 79 79 79 79 79 79 79 79 79 79 79 79 79 79 79 79 79 79 79 79 79 79 79 79 79 79 79 79 79 79 79 79 79 79 79 79 79 79 79 79 79 79 79 79 79 79 79 79 79 79 79 79 79 79 79 79 79 79 79 79 79 79 79 79 79 79 79 79 79 79 79 79 79 79 79 79 79 79 79 79 79 79 79 79 79 79 79 79 79 79 79 79 79 79 79 79 79 79 79 79 79 79 79 79 79 79 79 79 79 79 79 79 79 79 79 79 79 79 79 79 79 79 79 79 79 79 79 79 79 79 79 79 79 79 79 79 79 79 79 79 79 79 79 79 79 79 79 79 79 79 79 79 79 79 79 79 79 79 79 79 79 79 79 79 79 79 79 79 79 79 79 79 79 79 79 79 79 79 79 79 79 79 79 79 79 79 79 79 79 79 79 79 79 79 79 79 79 79 79 79 79 79 79 79 79 79 79 79 79 79 79 79 79 79 79 79 79 79 79 79 79 79 79 79 79 79 79 79 79 79 79 79 79 79 79 79 79 79 79 79 79 79 79 79 79 79 79 79 79 79 79 79 79 79 79 79 79 79 79 79 79 79 79 79 79 79 79 79 79 79 79 79 79 79 79 79 79 79 79 79 79 79 79 79 79 79 79 79 79 79 79 79 79 79 79 79 79 79 79 79 79 79 79 79 79 79 79 79 79 79 79 79 79 79 79 79 79 79 79 79 79 79 79 79 79 79 79 79 79 79 79 79 79 79 79 79 79 79 79 79 79 79 79 79 79 79 79 79 79 79 79 79 79 79 79 79 79 79 79 79 79 79 79 79 79 79 79 79 79 79 79 79 79 79 79 79 79 79 79 79 79 79 79 79 79 79 79 79 79 79 79 79 79 79 79 79 79 79 79 79 79 79 79 79 79 79 79 79 79 79 79 79 79 79 79 79 79 79 79 79 79 79 79 79 79 79 79 79 79 79 79 79 79 79 79 79 79 79 79 79 79 79 79 79 79 79 79 79 79 79 79 79 79 79 79 79 79 79 79 79 79 79 79 79 79 79 79 79 79 79 79 79 79 79 79 79 79 79 79 79 79 79 79 79 79 79 79 79 79 79 79 79 79 79 79 79 79 79 79 79 79 79 79 79 79 79 79 79 79 79 79 79 79 79 79 79 79 79 79 79 79 79 79 79 79 79 79 79 79 79 79 79 79 79 79 79 79 79 79 79 79 79 79 79 79 79 79 79 79 79 79 79 79 79 79 79 79 79 79 79 79 79 79 79 79 79 79 79 79 79 79 79 79 79 79 79 79 79 79 79 79 79 79 79 79 79 79 79 79 79 79 79 79 79 79 79 79 79 79 79 79 79 79 79 79 79 79 79 79 79 79 79 79 79 79 79 79 79 79 79 79 79 79 79 79 79 79 79 79 79 79 79 79 79 79 79 79 79 79 79 79 79 79 79 79 79 79 79 79 79 79 79 79 79 79 79 79 79 79 79 79 79 79 79 79 79 79 79 79 79 79 79 79 79 79 79 79 79 79 79 79 79 79 79 79 79 79 79 79 79 79 79 79 79 79 79 79 79 79 79 79 79 79 79 79 79 79 79 79 79 79 79 79 79 79 79 79 79 79 79 79 79 79 79 79 79 79 79 79 79 79 79 79 79 79 79 79 79 79 79 79 79 79 79 79 79 79 79 79 79 79 79 79 79 79 79 79 79 79 79 79 79 79 79 79 79 79 79 79 79 79 79 79 79 79 79 79 79 79 79 79 79 79 79 79 79 79 79 79 79 79 79 79 79 79 79 79 79 79 79 79 79 79 79 79 79 79 79 79 79 79 79 79 79 79 79 79 79 79 79 79 79 79 79 79 79 79 79 79 79 79 79 79 79 79 79 79 79 79 79 79 79 79 79 79 79 79 79 79 79 79 79 79 79 79 79 79 79 79 79 79 79 79 79 79 79 79 79 79 79 79 79 79 79 79 79 79 79 79 79 79 79 79 79 79 79 79 79 79 79 79 79 79 79 79 79 79 79 79 79 79 79 79 79 79 79 79 79 79 79 79 79 79 79 79 79 79 79 79 79 79 79 79 79 79 79 79 79 79 79 79 79 79 79 79 79 79 79 79 79 79 79 79 79 79 79 79 79 79 79 79 79 79 79 79 79 79 79 79 79 79 79 79 79 79 79 79 79 79 79 79 79 79 79 79 79 79 79 79 79 79 79 79 79 79 79 79 79 79 79 79 79 79 79 79 79 79 79 79 79 79 79 79 79 79 79 79 79 79 79 79 79 79 79 79 79 79 79 79 79 79 79 79 79 79 79 79 79 79 79 79 79 79 79 79 79 79 79 79 79 79 79 79 79 79 79 79 79 79 79 79 79 79 79 79 79 79 79 79 79 79 79 79 79 79 79 79 79 79 79 79 79 79 79 79 79 79 79 79 79 79 79 79 79 79 79 79 79 79 79 79 79 79 79 79 79 79 79 79 79 79 79 79 79 79 79 79 79 79 79 79 79 79 79 79 79 79 79 79 79 79 79 79 79 79 79 79 79 79 79 79 79 79 79 79 79 79 79 79 79 79 79 79 79 79 79 79 79 79 79 79 79 79 79 79 79 79 79 79 79 79 79 79 79 79 79 79 79 79 79 79 79 79 79 79 79 79 79 79 79 79 79 79 79 79 79 79 79 79 79 79 79 79 79 79 79 79 79 79 79 79 79 79 79 79 79 79 79 79 79 79 79 79 79 79 79 79 79 79 79 79 79 79 79 79 79 79 79 79 79 79 79 79 79 79 79 79 79 79 79 79 79 79 79 79 79 79 79 79 79 79 79 79 79 79 79 79 79 79 79 79 79 79 79 79 79 79 
        </DataArray>
      </Cells>
    </Piece>
  </UnstructuredGrid>
</VTKFile>